00400100;BOLS0S MHC     ;Ventas;; 00467; 00000; 00000; 00000; 00000; 00000; 00000; 00000; 00000; 000467
00400100;BOLS0S MHC     ;Despacho;; 00143; 00000; 00000; 00000; 00000; 00000; 00000; 00000; 00000; 00143
00400100;BOLS0S MHC     ;saldo;; 00324; 00000; 00000; 00000; 00000; 00000; 00000; 00000; 00000; 00324
00400100;BOLS0S MHC     ;stock;; 00031; 00000; 00000; 00000; 00000; 00000; 00000; 00000; 00000; 00031
00400100;BOLS0S MHC     ;corte;; 00338; 00000; 00000; 00000; 00000; 00000; 00000; 00000; 00000; 00338
00400100;BOLS0S MHC     ;sugerido;;-00045; 00000; 00000; 00000; 00000; 00000; 00000; 00000; 00000;-00045
;
00400500;BOLSILLO CIERRE;Ventas;; 00050; 00000; 00000; 00000; 00000; 00000; 00000; 00000; 00000; 000050
00400500;BOLSILLO CIERRE;Despacho;; 00021; 00000; 00000; 00000; 00000; 00000; 00000; 00000; 00000; 00021
00400500;BOLSILLO CIERRE;saldo;; 00029; 00000; 00000; 00000; 00000; 00000; 00000; 00000; 00000; 00029
00400500;BOLSILLO CIERRE;stock;; 00000; 00000; 00000; 00000; 00000; 00000; 00000; 00000; 00000; 00000
00400500;BOLSILLO CIERRE;corte;; 00407; 00000; 00000; 00000; 00000; 00000; 00000; 00000; 00000; 00407
00400500;BOLSILLO CIERRE;sugerido;;-00378; 00000; 00000; 00000; 00000; 00000; 00000; 00000; 00000;-00378
;
00400600;BOLSILLOS SOBRE;Ventas;; 00050; 00000; 00000; 00000; 00000; 00000; 00000; 00000; 00000; 000050
00400600;BOLSILLOS SOBRE;Despacho;; 00000; 00000; 00000; 00000; 00000; 00000; 00000; 00000; 00000; 00000
00400600;BOLSILLOS SOBRE;saldo;; 00050; 00000; 00000; 00000; 00000; 00000; 00000; 00000; 00000; 00050
00400600;BOLSILLOS SOBRE;stock;; 00000; 00000; 00000; 00000; 00000; 00000; 00000; 00000; 00000; 00000
00400600;BOLSILLOS SOBRE;corte;; 00278; 00000; 00000; 00000; 00000; 00000; 00000; 00000; 00000; 00278
00400600;BOLSILLOS SOBRE;sugerido;;-00228; 00000; 00000; 00000; 00000; 00000; 00000; 00000; 00000;-00228
;
01218500;JEAN MHC T/36 C;Ventas;; 00003; 00008; 00012; 00011; 00009; 00005; 00000; 00000; 00000; 000048
01218500;JEAN MHC T/36 C;Despacho;; 00003; 00008; 00012; 00011; 00009; 00005; 00000; 00000; 00000; 00048
01218500;JEAN MHC T/36 C;saldo;; 00000; 00000; 00000; 00000; 00000; 00000; 00000; 00000; 00000; 00000
01218500;JEAN MHC T/36 C;stock;; 00001; 00000; 00000; 00000; 00000; 00000; 00000; 00000; 00000; 00001
01218500;JEAN MHC T/36 C;corte;; 00000; 00000; 00000; 00000; 00000; 00000; 00000; 00000; 00000; 00000
01218500;JEAN MHC T/36 C;sugerido;;-00001; 00000; 00000; 00000; 00000; 00000; 00000; 00000; 00000;-00001
;
01280700;MHC T/36 LINO B;Ventas;; 00004; 00004; 00004; 00004; 00000; 00000; 00000; 00000; 00000; 000016
01280700;MHC T/36 LINO B;Despacho;; 00004; 00004; 00004; 00004; 00000; 00000; 00000; 00000; 00000; 00016
01280700;MHC T/36 LINO B;saldo;; 00000; 00000; 00000; 00000; 00000; 00000; 00000; 00000; 00000; 00000
01280700;MHC T/36 LINO B;stock;; 00005; 00014; 00012; 00000; 00000; 00000; 00000; 00000; 00000; 00031
01280700;MHC T/36 LINO B;corte;; 00000; 00000; 00000; 00000; 00000; 00000; 00000; 00000; 00000; 00000
01280700;MHC T/36 LINO B;sugerido;;-00005;-00014;-00012; 00000; 00000; 00000; 00000; 00000; 00000;-00031
;
01282100;P CINTURA PALAZ;Ventas;; 00000; 00004; 00000; 00000; 00000; 00000; 00000; 00000; 00000; 000004
01282100;P CINTURA PALAZ;Despacho;; 00000; 00004; 00000; 00000; 00000; 00000; 00000; 00000; 00000; 00004
01282100;P CINTURA PALAZ;saldo;; 00000; 00000; 00000; 00000; 00000; 00000; 00000; 00000; 00000; 00000
01282100;P CINTURA PALAZ;stock;; 00000; 00014; 00000; 00000; 00000; 00000; 00000; 00000; 00000; 00014
01282100;P CINTURA PALAZ;corte;; 00000; 00000; 00000; 00000; 00000; 00000; 00000; 00000; 00000; 00000
01282100;P CINTURA PALAZ;sugerido;; 00000;-00014; 00000; 00000; 00000; 00000; 00000; 00000; 00000;-00014
;
01282200;P.CINTURA CGO P;Ventas;; 00000; 00000; 00000; 00004; 00000; 00000; 00000; 00000; 00000; 000004
01282200;P.CINTURA CGO P;Despacho;; 00000; 00000; 00000; 00004; 00000; 00000; 00000; 00000; 00000; 00004
01282200;P.CINTURA CGO P;saldo;; 00000; 00000; 00000; 00000; 00000; 00000; 00000; 00000; 00000; 00000
01282200;P.CINTURA CGO P;stock;; 00000; 00000; 00000; 00006; 00000; 00000; 00000; 00000; 00000; 00006
01282200;P.CINTURA CGO P;corte;; 00000; 00000; 00000; 00000; 00000; 00000; 00000; 00000; 00000; 00000
01282200;P.CINTURA CGO P;sugerido;; 00000; 00000; 00000;-00006; 00000; 00000; 00000; 00000; 00000;-00006
;
01310880;JEAN MHC T/36  ;Ventas;; 00001; 00001; 00000; 00000; 00000; 00000; 00000; 00000; 00000; 000002
01310880;JEAN MHC T/36  ;Despacho;; 00001; 00000; 00000; 00000; 00000; 00000; 00000; 00000; 00000; 00001
01310880;JEAN MHC T/36  ;saldo;; 00000; 00001; 00000; 00000; 00000; 00000; 00000; 00000; 00000; 00001
01310880;JEAN MHC T/36  ;stock;; 00000; 00000; 00000; 00000; 00000; 00000; 00000; 00000; 00000; 00000
01310880;JEAN MHC T/36  ;corte;; 00000; 00000; 00000; 00000; 00000; 00000; 00000; 00000; 00000; 00000
01310880;JEAN MHC T/36  ;sugerido;; 00000; 00001; 00000; 00000; 00000; 00000; 00000; 00000; 00000; 00001
;
01310899;JEAN MHC T/40  ;Ventas;; 00000; 00000; 00001; 00000; 00000; 00000; 00000; 00000; 00000; 000001
01310899;JEAN MHC T/40  ;Despacho;; 00000; 00000; 00000; 00000; 00000; 00000; 00000; 00000; 00000; 00000
01310899;JEAN MHC T/40  ;saldo;; 00000; 00000; 00001; 00000; 00000; 00000; 00000; 00000; 00000; 00001
01310899;JEAN MHC T/40  ;stock;; 00000; 00000; 00000; 00000; 00000; 00000; 00000; 00000; 00000; 00000
01310899;JEAN MHC T/40  ;corte;; 00000; 00000; 00000; 00000; 00000; 00000; 00000; 00000; 00000; 00000
01310899;JEAN MHC T/40  ;sugerido;; 00000; 00000; 00001; 00000; 00000; 00000; 00000; 00000; 00000; 00001
;
01312480;JEAN MHC T/36  ;Ventas;; 00010; 00010; 00010; 00010; 00008; 00008; 00000; 00000; 00000; 000056
01312480;JEAN MHC T/36  ;Despacho;; 00002; 00001; 00000; 00000; 00000; 00000; 00000; 00000; 00000; 00003
01312480;JEAN MHC T/36  ;saldo;; 00008; 00009; 00010; 00010; 00008; 00008; 00000; 00000; 00000; 00053
01312480;JEAN MHC T/36  ;stock;; 00000; 00000; 00000; 00000; 00000; 00000; 00000; 00000; 00000; 00000
01312480;JEAN MHC T/36  ;corte;; 00000; 00000; 00000; 00000; 00000; 00000; 00000; 00000; 00000; 00000
01312480;JEAN MHC T/36  ;sugerido;; 00008; 00009; 00010; 00010; 00008; 00008; 00000; 00000; 00000; 00053
;
01314899;JEAN MHC T/42  ;Ventas;; 00000; 00000; 00000; 00001; 00000; 00000; 00000; 00000; 00000; 000001
01314899;JEAN MHC T/42  ;Despacho;; 00000; 00000; 00000; 00000; 00000; 00000; 00000; 00000; 00000; 00000
01314899;JEAN MHC T/42  ;saldo;; 00000; 00000; 00000; 00001; 00000; 00000; 00000; 00000; 00000; 00001
01314899;JEAN MHC T/42  ;stock;; 00000; 00000; 00000; 00000; 00000; 00000; 00000; 00000; 00000; 00000
01314899;JEAN MHC T/42  ;corte;; 00000; 00000; 00000; 00000; 00000; 00000; 00000; 00000; 00000; 00000
01314899;JEAN MHC T/42  ;sugerido;; 00000; 00000; 00000; 00001; 00000; 00000; 00000; 00000; 00000; 00001
;
01320200;JEAN MHC T/36  ;Ventas;; 00005; 00000; 00000; 00000; 00000; 00000; 00000; 00000; 00000; 000005
01320200;JEAN MHC T/36  ;Despacho;; 00005; 00000; 00000; 00000; 00000; 00000; 00000; 00000; 00000; 00005
01320200;JEAN MHC T/36  ;saldo;; 00000; 00000; 00000; 00000; 00000; 00000; 00000; 00000; 00000; 00000
01320200;JEAN MHC T/36  ;stock;; 00000; 00000; 00000; 00000; 00000; 00000; 00000; 00000; 00000; 00000
01320200;JEAN MHC T/36  ;corte;; 00000; 00000; 00000; 00000; 00000; 00000; 00000; 00000; 00000; 00000
01320200;JEAN MHC T/36  ;sugerido;; 00000; 00000; 00000; 00000; 00000; 00000; 00000; 00000; 00000; 00000
;
01321399;JEAN MHC T/44  ;Ventas;; 00000; 00000; 00000; 00000; 00001; 00000; 00000; 00000; 00000; 000001
01321399;JEAN MHC T/44  ;Despacho;; 00000; 00000; 00000; 00000; 00002; 00000; 00000; 00000; 00000; 00002
01321399;JEAN MHC T/44  ;saldo;; 00000; 00000; 00000; 00000;-00001; 00000; 00000; 00000; 00000;-00001
01321399;JEAN MHC T/44  ;stock;; 00000; 00000; 00000; 00000; 00000; 00000; 00000; 00000; 00000; 00000
01321399;JEAN MHC T/44  ;corte;; 00000; 00000; 00000; 00000; 00000; 00000; 00000; 00000; 00000; 00000
01321399;JEAN MHC T/44  ;sugerido;; 00000; 00000; 00000; 00000;-00001; 00000; 00000; 00000; 00000;-00001
;
01321499;JEAN MHC T/40  ;Ventas;; 00000; 00000; 00001; 00000; 00000; 00000; 00000; 00000; 00000; 000001
01321499;JEAN MHC T/40  ;Despacho;; 00000; 00000; 00001; 00000; 00000; 00000; 00000; 00000; 00000; 00001
01321499;JEAN MHC T/40  ;saldo;; 00000; 00000; 00000; 00000; 00000; 00000; 00000; 00000; 00000; 00000
01321499;JEAN MHC T/40  ;stock;; 00000; 00000; 00000; 00000; 00000; 00000; 00000; 00000; 00000; 00000
01321499;JEAN MHC T/40  ;corte;; 00000; 00000; 00000; 00000; 00000; 00000; 00000; 00000; 00000; 00000
01321499;JEAN MHC T/40  ;sugerido;; 00000; 00000; 00000; 00000; 00000; 00000; 00000; 00000; 00000; 00000
;
01321799;JEAN MHC T/46  ;Ventas;; 00000; 00000; 00000; 00000; 00000; 00001; 00000; 00000; 00000; 000001
01321799;JEAN MHC T/46  ;Despacho;; 00000; 00000; 00000; 00000; 00000; 00001; 00000; 00000; 00000; 00001
01321799;JEAN MHC T/46  ;saldo;; 00000; 00000; 00000; 00000; 00000; 00000; 00000; 00000; 00000; 00000
01321799;JEAN MHC T/46  ;stock;; 00000; 00000; 00000; 00000; 00000; 00000; 00000; 00000; 00000; 00000
01321799;JEAN MHC T/46  ;corte;; 00000; 00000; 00000; 00000; 00000; 00000; 00000; 00000; 00000; 00000
01321799;JEAN MHC T/46  ;sugerido;; 00000; 00000; 00000; 00000; 00000; 00000; 00000; 00000; 00000; 00000
;
01322500;JEANS MHC T/42 ;Ventas;; 00000; 00000; 00000; 00001; 00000; 00000; 00000; 00000; 00000; 000001
01322500;JEANS MHC T/42 ;Despacho;; 00000; 00000; 00000; 00001; 00000; 00000; 00000; 00000; 00000; 00001
01322500;JEANS MHC T/42 ;saldo;; 00000; 00000; 00000; 00000; 00000; 00000; 00000; 00000; 00000; 00000
01322500;JEANS MHC T/42 ;stock;; 00000; 00000; 00000; 00000; 00000; 00000; 00000; 00000; 00000; 00000
01322500;JEANS MHC T/42 ;corte;; 00000; 00000; 00000; 00000; 00000; 00000; 00000; 00000; 00000; 00000
01322500;JEANS MHC T/42 ;sugerido;; 00000; 00000; 00000; 00000; 00000; 00000; 00000; 00000; 00000; 00000
;
01322900;JEAN MHC T/38  ;Ventas;; 00000; 00010; 00000; 00004; 00000; 00000; 00000; 00000; 00000; 000014
01322900;JEAN MHC T/38  ;Despacho;; 00000; 00010; 00000; 00004; 00000; 00000; 00000; 00000; 00000; 00014
01322900;JEAN MHC T/38  ;saldo;; 00000; 00000; 00000; 00000; 00000; 00000; 00000; 00000; 00000; 00000
01322900;JEAN MHC T/38  ;stock;; 00000; 00007; 00000; 00000; 00000; 00000; 00000; 00000; 00000; 00007
01322900;JEAN MHC T/38  ;corte;; 00000; 00005; 00000; 00000; 00000; 00000; 00000; 00000; 00000; 00005
01322900;JEAN MHC T/38  ;sugerido;; 00000;-00012; 00000; 00000; 00000; 00000; 00000; 00000; 00000;-00012
;
01323800;JEAN MHC T/36  ;Ventas;; 00024; 00000; 00000; 00000; 00000; 00000; 00000; 00000; 00000; 000024
01323800;JEAN MHC T/36  ;Despacho;; 00024; 00000; 00000; 00000; 00000; 00000; 00000; 00000; 00000; 00024
01323800;JEAN MHC T/36  ;saldo;; 00000; 00000; 00000; 00000; 00000; 00000; 00000; 00000; 00000; 00000
01323800;JEAN MHC T/36  ;stock;; 00001; 00000; 00000; 00000; 00000; 00000; 00000; 00000; 00000; 00001
01323800;JEAN MHC T/36  ;corte;; 00000; 00006; 00000; 00000; 00000; 00000; 00000; 00000; 00000; 00006
01323800;JEAN MHC T/36  ;sugerido;;-00001;-00006; 00000; 00000; 00000; 00000; 00000; 00000; 00000;-00007
;
01324599;JEAN MHC T/36  ;Ventas;; 00002; 00005; 00001; 00002; 00004; 00001; 00000; 00000; 00000; 000015
01324599;JEAN MHC T/36  ;Despacho;; 00002; 00005; 00001; 00002; 00004; 00001; 00000; 00000; 00000; 00015
01324599;JEAN MHC T/36  ;saldo;; 00000; 00000; 00000; 00000; 00000; 00000; 00000; 00000; 00000; 00000
01324599;JEAN MHC T/36  ;stock;; 00000; 00000; 00000; 00000; 00000; 00000; 00000; 00000; 00000; 00000
01324599;JEAN MHC T/36  ;corte;; 00000; 00000; 00000; 00000; 00000; 00000; 00000; 00000; 00000; 00000
01324599;JEAN MHC T/36  ;sugerido;; 00000; 00000; 00000; 00000; 00000; 00000; 00000; 00000; 00000; 00000
;
01325099;JEANS MHC T/36 ;Ventas;; 00001; 00001; 00000; 00000; 00000; 00001; 00000; 00000; 00000; 000003
01325099;JEANS MHC T/36 ;Despacho;; 00001; 00001; 00000; 00000; 00000; 00001; 00000; 00000; 00000; 00003
01325099;JEANS MHC T/36 ;saldo;; 00000; 00000; 00000; 00000; 00000; 00000; 00000; 00000; 00000; 00000
01325099;JEANS MHC T/36 ;stock;; 00000; 00000; 00000; 00000; 00000; 00000; 00000; 00000; 00000; 00000
01325099;JEANS MHC T/36 ;corte;; 00000; 00000; 00000; 00000; 00000; 00000; 00000; 00000; 00000; 00000
01325099;JEANS MHC T/36 ;sugerido;; 00000; 00000; 00000; 00000; 00000; 00000; 00000; 00000; 00000; 00000
;
01325100;JEANS MHC I    ;Ventas;; 00005; 00009; 00010; 00008; 00004; 00002; 00000; 00000; 00000; 000038
01325100;JEANS MHC I    ;Despacho;; 00000; 00000; 00000; 00000; 00000; 00000; 00000; 00000; 00000; 00000
01325100;JEANS MHC I    ;saldo;; 00005; 00009; 00010; 00008; 00004; 00002; 00000; 00000; 00000; 00038
01325100;JEANS MHC I    ;stock;; 00002; 00003; 00000; 00001; 00000; 00000; 00000; 00000; 00000; 00006
01325100;JEANS MHC I    ;corte;; 00000; 00000; 00000; 00000; 00000; 00000; 00000; 00000; 00000; 00000
01325100;JEANS MHC I    ;sugerido;; 00003; 00006; 00010; 00007; 00004; 00002; 00000; 00000; 00000; 00032
;
01325101;JEANS MHC  T/36;Ventas;; 00005; 00009; 00010; 00008; 00004; 00002; 00000; 00000; 00000; 000038
01325101;JEANS MHC  T/36;Despacho;; 00000; 00000; 00000; 00000; 00000; 00000; 00000; 00000; 00000; 00000
01325101;JEANS MHC  T/36;saldo;; 00005; 00009; 00010; 00008; 00004; 00002; 00000; 00000; 00000; 00038
01325101;JEANS MHC  T/36;stock;; 00000; 00000; 00000; 00000; 00000; 00000; 00000; 00000; 00000; 00000
01325101;JEANS MHC  T/36;corte;; 00000; 00000; 00000; 00000; 00000; 00000; 00000; 00000; 00000; 00000
01325101;JEANS MHC  T/36;sugerido;; 00005; 00009; 00010; 00008; 00004; 00002; 00000; 00000; 00000; 00038
;
01325199;JEANS MHC I    ;Ventas;; 00000; 00001; 00000; 00000; 00000; 00000; 00000; 00000; 00000; 000001
01325199;JEANS MHC I    ;Despacho;; 00000; 00001; 00000; 00000; 00000; 00000; 00000; 00000; 00000; 00001
01325199;JEANS MHC I    ;saldo;; 00000; 00000; 00000; 00000; 00000; 00000; 00000; 00000; 00000; 00000
01325199;JEANS MHC I    ;stock;; 00000; 00000; 00000; 00000; 00000; 00000; 00000; 00000; 00000; 00000
01325199;JEANS MHC I    ;corte;; 00000; 00000; 00000; 00000; 00000; 00000; 00000; 00000; 00000; 00000
01325199;JEANS MHC I    ;sugerido;; 00000; 00000; 00000; 00000; 00000; 00000; 00000; 00000; 00000; 00000
;
01325700;J MHC CINTURA F;Ventas;; 00004; 00007; 00002; 00010; 00005; 00002; 00000; 00000; 00000; 000030
01325700;J MHC CINTURA F;Despacho;; 00004; 00007; 00002; 00010; 00005; 00002; 00000; 00000; 00000; 00030
01325700;J MHC CINTURA F;saldo;; 00000; 00000; 00000; 00000; 00000; 00000; 00000; 00000; 00000; 00000
01325700;J MHC CINTURA F;stock;; 00000; 00005; 00000; 00000; 00000; 00000; 00000; 00000; 00000; 00005
01325700;J MHC CINTURA F;corte;; 00000; 00005; 00000; 00000; 00000; 00000; 00000; 00000; 00000; 00005
01325700;J MHC CINTURA F;sugerido;; 00000;-00010; 00000; 00000; 00000; 00000; 00000; 00000; 00000;-00010
;
01325799;JEAN MHC T/40  ;Ventas;; 00000; 00000; 00001; 00000; 00000; 00000; 00000; 00000; 00000; 000001
01325799;JEAN MHC T/40  ;Despacho;; 00000; 00000; 00001; 00000; 00000; 00000; 00000; 00000; 00000; 00001
01325799;JEAN MHC T/40  ;saldo;; 00000; 00000; 00000; 00000; 00000; 00000; 00000; 00000; 00000; 00000
01325799;JEAN MHC T/40  ;stock;; 00000; 00000; 00000; 00000; 00000; 00000; 00000; 00000; 00000; 00000
01325799;JEAN MHC T/40  ;corte;; 00000; 00000; 00000; 00000; 00000; 00000; 00000; 00000; 00000; 00000
01325799;JEAN MHC T/40  ;sugerido;; 00000; 00000; 00000; 00000; 00000; 00000; 00000; 00000; 00000; 00000
;
01325999;JEAN MHC T/38  ;Ventas;; 00000; 00001; 00000; 00000; 00000; 00000; 00000; 00000; 00000; 000001
01325999;JEAN MHC T/38  ;Despacho;; 00000; 00001; 00000; 00000; 00000; 00000; 00000; 00000; 00000; 00001
01325999;JEAN MHC T/38  ;saldo;; 00000; 00000; 00000; 00000; 00000; 00000; 00000; 00000; 00000; 00000
01325999;JEAN MHC T/38  ;stock;; 00000; 00000; 00000; 00000; 00000; 00000; 00000; 00000; 00000; 00000
01325999;JEAN MHC T/38  ;corte;; 00000; 00000; 00000; 00000; 00000; 00000; 00000; 00000; 00000; 00000
01325999;JEAN MHC T/38  ;sugerido;; 00000; 00000; 00000; 00000; 00000; 00000; 00000; 00000; 00000; 00000
;
01326000;JEAN MHC T/36  ;Ventas;; 00014; 00008; 00006; 00012; 00006; 00000; 00000; 00000; 00000; 000046
01326000;JEAN MHC T/36  ;Despacho;; 00028; 00016; 00012; 00024; 00012; 00000; 00000; 00000; 00000; 00092
01326000;JEAN MHC T/36  ;saldo;;-00014;-00008;-00006;-00012;-00006; 00000; 00000; 00000; 00000;-00046
01326000;JEAN MHC T/36  ;stock;; 00000; 00000; 00000; 00000; 00000; 00000; 00000; 00000; 00000; 00000
01326000;JEAN MHC T/36  ;corte;; 00000; 00005; 00000; 00000; 00000; 00000; 00000; 00000; 00000; 00005
01326000;JEAN MHC T/36  ;sugerido;;-00014;-00013;-00006;-00012;-00006; 00000; 00000; 00000; 00000;-00051
;
01326680;JEANS MHC T/36 ;Ventas;; 00010; 00010; 00010; 00010; 00008; 00008; 00000; 00000; 00000; 000056
01326680;JEANS MHC T/36 ;Despacho;; 00001; 00000; 00000; 00000; 00000; 00000; 00000; 00000; 00000; 00001
01326680;JEANS MHC T/36 ;saldo;; 00009; 00010; 00010; 00010; 00008; 00008; 00000; 00000; 00000; 00055
01326680;JEANS MHC T/36 ;stock;; 00000; 00000; 00000; 00000; 00000; 00000; 00000; 00000; 00000; 00000
01326680;JEANS MHC T/36 ;corte;; 00000; 00000; 00000; 00000; 00000; 00000; 00000; 00000; 00000; 00000
01326680;JEANS MHC T/36 ;sugerido;; 00009; 00010; 00010; 00010; 00008; 00008; 00000; 00000; 00000; 00055
;
01326999;JEAN MHC T/42  ;Ventas;; 00000; 00000; 00000; 00004; 00000; 00000; 00000; 00000; 00000; 000004
01326999;JEAN MHC T/42  ;Despacho;; 00000; 00000; 00000; 00004; 00000; 00000; 00000; 00000; 00000; 00004
01326999;JEAN MHC T/42  ;saldo;; 00000; 00000; 00000; 00000; 00000; 00000; 00000; 00000; 00000; 00000
01326999;JEAN MHC T/42  ;stock;; 00000; 00000; 00000; 00000; 00000; 00000; 00000; 00000; 00000; 00000
01326999;JEAN MHC T/42  ;corte;; 00000; 00000; 00000; 00000; 00000; 00000; 00000; 00000; 00000; 00000
01326999;JEAN MHC T/42  ;sugerido;; 00000; 00000; 00000; 00000; 00000; 00000; 00000; 00000; 00000; 00000
;
01327199;JEAN MHC T/38  ;Ventas;; 00000; 00001; 00000; 00000; 00000; 00000; 00000; 00000; 00000; 000001
01327199;JEAN MHC T/38  ;Despacho;; 00000; 00001; 00000; 00000; 00000; 00000; 00000; 00000; 00000; 00001
01327199;JEAN MHC T/38  ;saldo;; 00000; 00000; 00000; 00000; 00000; 00000; 00000; 00000; 00000; 00000
01327199;JEAN MHC T/38  ;stock;; 00000; 00000; 00000; 00000; 00000; 00000; 00000; 00000; 00000; 00000
01327199;JEAN MHC T/38  ;corte;; 00000; 00000; 00000; 00000; 00000; 00000; 00000; 00000; 00000; 00000
01327199;JEAN MHC T/38  ;sugerido;; 00000; 00000; 00000; 00000; 00000; 00000; 00000; 00000; 00000; 00000
;
01328599;JEAN MHC  T/38 ;Ventas;; 00000; 00001; 00001; 00000; 00000; 00000; 00000; 00000; 00000; 000002
01328599;JEAN MHC  T/38 ;Despacho;; 00000; 00001; 00001; 00000; 00000; 00000; 00000; 00000; 00000; 00002
01328599;JEAN MHC  T/38 ;saldo;; 00000; 00000; 00000; 00000; 00000; 00000; 00000; 00000; 00000; 00000
01328599;JEAN MHC  T/38 ;stock;; 00000; 00000; 00000; 00000; 00000; 00000; 00000; 00000; 00000; 00000
01328599;JEAN MHC  T/38 ;corte;; 00000; 00000; 00000; 00000; 00000; 00000; 00000; 00000; 00000; 00000
01328599;JEAN MHC  T/38 ;sugerido;; 00000; 00000; 00000; 00000; 00000; 00000; 00000; 00000; 00000; 00000
;
01328700;J MH C MEDIO TO;Ventas;; 00010; 00007; 00002; 00007; 00004; 00002; 00000; 00000; 00000; 000032
01328700;J MH C MEDIO TO;Despacho;; 00009; 00005; 00000; 00005; 00002; 00000; 00000; 00000; 00000; 00021
01328700;J MH C MEDIO TO;saldo;; 00001; 00002; 00002; 00002; 00002; 00002; 00000; 00000; 00000; 00011
01328700;J MH C MEDIO TO;stock;; 00001; 00004; 00000; 00000; 00000; 00000; 00000; 00000; 00000; 00005
01328700;J MH C MEDIO TO;corte;; 00000; 00005; 00000; 00000; 00000; 00000; 00000; 00000; 00000; 00005
01328700;J MH C MEDIO TO;sugerido;; 00000;-00007; 00002; 00002; 00002; 00002; 00000; 00000; 00000; 00001
;
01329000;J MHC CINTURA R;Ventas;; 00015; 00042; 00050; 00050; 00036; 00031; 00000; 00000; 00000; 000224
01329000;J MHC CINTURA R;Despacho;; 00016; 00047; 00047; 00047; 00032; 00032; 00000; 00000; 00000; 00221
01329000;J MHC CINTURA R;saldo;;-00001;-00005; 00003; 00003; 00004;-00001; 00000; 00000; 00000; 00003
01329000;J MHC CINTURA R;stock;; 00000; 00003; 00000; 00000; 00000; 00000; 00000; 00000; 00000; 00003
01329000;J MHC CINTURA R;corte;; 00000; 00005; 00000; 00000; 00000; 00000; 00000; 00000; 00000; 00005
01329000;J MHC CINTURA R;sugerido;;-00001;-00013; 00003; 00003; 00004;-00001; 00000; 00000; 00000;-00005
;
01329399;JEANS MHC T/38 ;Ventas;; 00000; 00001; 00000; 00000; 00000; 00000; 00000; 00000; 00000; 000001
01329399;JEANS MHC T/38 ;Despacho;; 00000; 00001; 00000; 00000; 00000; 00000; 00000; 00000; 00000; 00001
01329399;JEANS MHC T/38 ;saldo;; 00000; 00000; 00000; 00000; 00000; 00000; 00000; 00000; 00000; 00000
01329399;JEANS MHC T/38 ;stock;; 00000; 00000; 00000; 00000; 00000; 00000; 00000; 00000; 00000; 00000
01329399;JEANS MHC T/38 ;corte;; 00000; 00000; 00000; 00000; 00000; 00000; 00000; 00000; 00000; 00000
01329399;JEANS MHC T/38 ;sugerido;; 00000; 00000; 00000; 00000; 00000; 00000; 00000; 00000; 00000; 00000
;
01329899;JEAN  MHC/46   ;Ventas;; 00000; 00000; 00000; 00000; 00000; 00001; 00000; 00000; 00000; 000001
01329899;JEAN  MHC/46   ;Despacho;; 00000; 00000; 00000; 00000; 00000; 00001; 00000; 00000; 00000; 00001
01329899;JEAN  MHC/46   ;saldo;; 00000; 00000; 00000; 00000; 00000; 00000; 00000; 00000; 00000; 00000
01329899;JEAN  MHC/46   ;stock;; 00000; 00000; 00000; 00000; 00000; 00000; 00000; 00000; 00000; 00000
01329899;JEAN  MHC/46   ;corte;; 00000; 00000; 00000; 00000; 00000; 00000; 00000; 00000; 00000; 00000
01329899;JEAN  MHC/46   ;sugerido;; 00000; 00000; 00000; 00000; 00000; 00000; 00000; 00000; 00000; 00000
;
01330500;J MHC MEDIO PIT;Ventas;; 00002; 00000; 00000; 00001; 00000; 00000; 00000; 00000; 00000; 000003
01330500;J MHC MEDIO PIT;Despacho;; 00002; 00000; 00000; 00001; 00000; 00000; 00000; 00000; 00000; 00003
01330500;J MHC MEDIO PIT;saldo;; 00000; 00000; 00000; 00000; 00000; 00000; 00000; 00000; 00000; 00000
01330500;J MHC MEDIO PIT;stock;; 00005; 00000; 00000; 00000; 00000; 00000; 00000; 00000; 00000; 00005
01330500;J MHC MEDIO PIT;corte;; 00050; 00078; 00080; 00075; 00049; 00026; 00000; 00000; 00000; 00358
01330500;J MHC MEDIO PIT;sugerido;;-00055;-00078;-00080;-00075;-00049;-00026; 00000; 00000; 00000;-00363
;
01331400;JEANS KELLY T/4;Ventas;; 00000; 00000; 00000; 00000; 00000; 00002; 00000; 00000; 00000; 000002
01331400;JEANS KELLY T/4;Despacho;; 00000; 00000; 00000; 00000; 00000; 00002; 00000; 00000; 00000; 00002
01331400;JEANS KELLY T/4;saldo;; 00000; 00000; 00000; 00000; 00000; 00000; 00000; 00000; 00000; 00000
01331400;JEANS KELLY T/4;stock;; 00000; 00000; 00000; 00000; 00000; 00001; 00000; 00000; 00000; 00001
01331400;JEANS KELLY T/4;corte;; 00037; 00102; 00086; 00088; 00053; 00038; 00000; 00000; 00000; 00404
01331400;JEANS KELLY T/4;sugerido;;-00037;-00102;-00086;-00088;-00053;-00039; 00000; 00000; 00000;-00405
;
01331827;JEANS GABY T/40;Ventas;; 00000; 00000; 00001; 00000; 00000; 00000; 00000; 00000; 00000; 000001
01331827;JEANS GABY T/40;Despacho;; 00000; 00000; 00001; 00000; 00000; 00000; 00000; 00000; 00000; 00001
01331827;JEANS GABY T/40;saldo;; 00000; 00000; 00000; 00000; 00000; 00000; 00000; 00000; 00000; 00000
01331827;JEANS GABY T/40;stock;; 00000; 00000; 00000; 00000; 00000; 00000; 00000; 00000; 00000; 00000
01331827;JEANS GABY T/40;corte;; 00000; 00000; 00000; 00000; 00000; 00000; 00000; 00000; 00000; 00000
01331827;JEANS GABY T/40;sugerido;; 00000; 00000; 00000; 00000; 00000; 00000; 00000; 00000; 00000; 00000
;
01334700;JEANS SIDNEY T/;Ventas;; 00000; 00002; 00002; 00000; 00000; 00000; 00000; 00000; 00000; 000004
01334700;JEANS SIDNEY T/;Despacho;; 00000; 00002; 00002; 00000; 00000; 00000; 00000; 00000; 00000; 00004
01334700;JEANS SIDNEY T/;saldo;; 00000; 00000; 00000; 00000; 00000; 00000; 00000; 00000; 00000; 00000
01334700;JEANS SIDNEY T/;stock;; 00000;-00001; 00000; 00000; 00000; 00000; 00000; 00000; 00000;-00001
01334700;JEANS SIDNEY T/;corte;; 00000; 00005; 00000; 00000; 00000; 00000; 00000; 00000; 00000; 00005
01334700;JEANS SIDNEY T/;sugerido;; 00000;-00004; 00000; 00000; 00000; 00000; 00000; 00000; 00000;-00004
;
01335200;JEANS RUTH T/36;Ventas;; 00002; 00003; 00003; 00002; 00001; 00000; 00000; 00000; 00000; 000011
01335200;JEANS RUTH T/36;Despacho;; 00000; 00000; 00000; 00000; 00000; 00000; 00000; 00000; 00000; 00000
01335200;JEANS RUTH T/36;saldo;; 00002; 00003; 00003; 00002; 00001; 00000; 00000; 00000; 00000; 00011
01335200;JEANS RUTH T/36;stock;; 00000; 00000; 00000; 00000; 00000; 00000; 00000; 00000; 00000; 00000
01335200;JEANS RUTH T/36;corte;; 00006; 00009; 00013; 00009; 00010; 00002; 00000; 00000; 00000; 00049
01335200;JEANS RUTH T/36;sugerido;;-00004;-00006;-00010;-00007;-00009;-00002; 00000; 00000; 00000;-00038
;
01335400;JEANS KIM T/44 ;Ventas;; 00000; 00000; 00000; 00000; 00001; 00001; 00000; 00000; 00000; 000002
01335400;JEANS KIM T/44 ;Despacho;; 00000; 00000; 00000; 00000; 00000; 00000; 00000; 00000; 00000; 00000
01335400;JEANS KIM T/44 ;saldo;; 00000; 00000; 00000; 00000; 00001; 00001; 00000; 00000; 00000; 00002
01335400;JEANS KIM T/44 ;stock;; 00000; 00000; 00000; 00000; 00000; 00000; 00000; 00000; 00000; 00000
01335400;JEANS KIM T/44 ;corte;; 00008; 00035; 00033; 00016; 00019; 00010; 00000; 00000; 00000; 00121
01335400;JEANS KIM T/44 ;sugerido;;-00008;-00035;-00033;-00016;-00018;-00009; 00000; 00000; 00000;-00119
;
01335600;J MHC  CINTURA ;Ventas;; 00003; 00001; 00001; 00000; 00000; 00009; 00000; 00000; 00000; 000014
01335600;J MHC  CINTURA ;Despacho;; 00000; 00001; 00001; 00000; 00000; 00009; 00000; 00000; 00000; 00011
01335600;J MHC  CINTURA ;saldo;; 00003; 00000; 00000; 00000; 00000; 00000; 00000; 00000; 00000; 00003
01335600;J MHC  CINTURA ;stock;; 00001; 00009; 00000; 00000; 00000; 00000; 00000; 00000; 00000; 00010
01335600;J MHC  CINTURA ;corte;; 00000; 00005; 00002; 00002; 00012; 00000; 00000; 00000; 00000; 00021
01335600;J MHC  CINTURA ;sugerido;; 00002;-00014;-00002;-00002;-00012; 00000; 00000; 00000; 00000;-00028
;
01335602;JEANS SARAH T/3;Ventas;; 00002; 00000; 00000; 00004; 00000; 00000; 00000; 00000; 00000; 000006
01335602;JEANS SARAH T/3;Despacho;; 00002; 00000; 00000; 00004; 00000; 00000; 00000; 00000; 00000; 00006
01335602;JEANS SARAH T/3;saldo;; 00000; 00000; 00000; 00000; 00000; 00000; 00000; 00000; 00000; 00000
01335602;JEANS SARAH T/3;stock;; 00000; 00000; 00000; 00000; 00000; 00000; 00000; 00000; 00000; 00000
01335602;JEANS SARAH T/3;corte;; 00000; 00000; 00000; 00000; 00000; 00000; 00000; 00000; 00000; 00000
01335602;JEANS SARAH T/3;sugerido;; 00000; 00000; 00000; 00000; 00000; 00000; 00000; 00000; 00000; 00000
;
01335800;JEANS NICKY CIN;Ventas;; 00003; 00002; 00002; 00002; 00002; 00002; 00000; 00000; 00000; 000013
01335800;JEANS NICKY CIN;Despacho;; 00000; 00000; 00000; 00000; 00000; 00000; 00000; 00000; 00000; 00000
01335800;JEANS NICKY CIN;saldo;; 00003; 00002; 00002; 00002; 00002; 00002; 00000; 00000; 00000; 00013
01335800;JEANS NICKY CIN;stock;; 00000; 00006; 00000; 00001; 00000; 00000; 00000; 00000; 00000; 00007
01335800;JEANS NICKY CIN;corte;; 00000; 00000; 00000; 00000; 00000; 00000; 00000; 00000; 00000; 00000
01335800;JEANS NICKY CIN;sugerido;; 00003;-00004; 00002; 00001; 00002; 00002; 00000; 00000; 00000; 00006
;
01336100;JEANS DOLLY T/3;Ventas;; 00002; 00002; 00000; 00000; 00000; 00000; 00000; 00000; 00000; 000004
01336100;JEANS DOLLY T/3;Despacho;; 00002; 00002; 00000; 00000; 00000; 00000; 00000; 00000; 00000; 00004
01336100;JEANS DOLLY T/3;saldo;; 00000; 00000; 00000; 00000; 00000; 00000; 00000; 00000; 00000; 00000
01336100;JEANS DOLLY T/3;stock;; 00000; 00004; 00000; 00000; 00000; 00000; 00000; 00000; 00000; 00004
01336100;JEANS DOLLY T/3;corte;; 00000; 00005; 00000; 00000; 00000; 00000; 00000; 00000; 00000; 00005
01336100;JEANS DOLLY T/3;sugerido;; 00000;-00009; 00000; 00000; 00000; 00000; 00000; 00000; 00000;-00009
;
01336200;JEANS JOY T/36 ;Ventas;; 00003; 00003; 00003; 00003; 00002; 00001; 00000; 00000; 00000; 000015
01336200;JEANS JOY T/36 ;Despacho;; 00000; 00000; 00000; 00000; 00000; 00000; 00000; 00000; 00000; 00000
01336200;JEANS JOY T/36 ;saldo;; 00003; 00003; 00003; 00003; 00002; 00001; 00000; 00000; 00000; 00015
01336200;JEANS JOY T/36 ;stock;; 00000; 00002; 00001; 00001; 00000; 00000; 00000; 00000; 00000; 00004
01336200;JEANS JOY T/36 ;corte;; 00000; 00000; 00000; 00000; 00000; 00000; 00000; 00000; 00000; 00000
01336200;JEANS JOY T/36 ;sugerido;; 00003; 00001; 00002; 00002; 00002; 00001; 00000; 00000; 00000; 00011
;
01336600;J M HC MEDIO FL;Ventas;; 00017; 00000; 00000; 00000; 00000; 00000; 00000; 00000; 00000; 000017
01336600;J M HC MEDIO FL;Despacho;; 00017; 00000; 00000; 00000; 00000; 00000; 00000; 00000; 00000; 00017
01336600;J M HC MEDIO FL;saldo;; 00000; 00000; 00000; 00000; 00000; 00000; 00000; 00000; 00000; 00000
01336600;J M HC MEDIO FL;stock;; 00000; 00000; 00000; 00000; 00000; 00000; 00000; 00000; 00000; 00000
01336600;J M HC MEDIO FL;corte;; 00000; 00005; 00000; 00000; 00000; 00000; 00000; 00000; 00000; 00005
01336600;J M HC MEDIO FL;sugerido;; 00000;-00005; 00000; 00000; 00000; 00000; 00000; 00000; 00000;-00005
;
01337300;J. KITTY T/36  ;Ventas;; 00010; 00010; 00002; 00011; 00004; 00005; 00000; 00000; 00000; 000042
01337300;J. KITTY T/36  ;Despacho;; 00010; 00010; 00002; 00011; 00004; 00005; 00000; 00000; 00000; 00042
01337300;J. KITTY T/36  ;saldo;; 00000; 00000; 00000; 00000; 00000; 00000; 00000; 00000; 00000; 00000
01337300;J. KITTY T/36  ;stock;; 00000; 00001; 00000; 00000; 00000; 00000; 00000; 00000; 00000; 00001
01337300;J. KITTY T/36  ;corte;; 00000; 00000; 00000; 00000; 00000; 00000; 00000; 00000; 00000; 00000
01337300;J. KITTY T/36  ;sugerido;; 00000;-00001; 00000; 00000; 00000; 00000; 00000; 00000; 00000;-00001
;
01340500;J MHC CINTURA M;Ventas;; 00013; 00039; 00040; 00040; 00026; 00026; 00000; 00000; 00000; 000184
01340500;J MHC CINTURA M;Despacho;; 00015; 00045; 00045; 00045; 00030; 00030; 00000; 00000; 00000; 00210
01340500;J MHC CINTURA M;saldo;;-00002;-00006;-00005;-00005;-00004;-00004; 00000; 00000; 00000;-00026
01340500;J MHC CINTURA M;stock;; 00000; 00003; 00000; 00000; 00000; 00000; 00000; 00000; 00000; 00003
01340500;J MHC CINTURA M;corte;; 00094; 00167; 00186; 00161; 00096; 00058; 00000; 00000; 00000; 00762
01340500;J MHC CINTURA M;sugerido;;-00096;-00176;-00191;-00166;-00100;-00062; 00000; 00000; 00000;-00791
;
01340501;JEANS MHC T/36 ;Ventas;; 00012; 00023; 00021; 00021; 00015; 00014; 00000; 00000; 00000; 000106
01340501;JEANS MHC T/36 ;Despacho;; 00012; 00023; 00018; 00018; 00012; 00003; 00000; 00000; 00000; 00086
01340501;JEANS MHC T/36 ;saldo;; 00000; 00000; 00003; 00003; 00003; 00011; 00000; 00000; 00000; 00020
01340501;JEANS MHC T/36 ;stock;; 00000; 00000; 00000; 00000; 00000; 00000; 00000; 00000; 00000; 00000
01340501;JEANS MHC T/36 ;corte;; 00000; 00000; 00000; 00000; 00000; 00000; 00000; 00000; 00000; 00000
01340501;JEANS MHC T/36 ;sugerido;; 00000; 00000; 00003; 00003; 00003; 00011; 00000; 00000; 00000; 00020
;
01340680;J MHC CINTURA P;Ventas;; 00012; 00012; 00012; 00012; 00008; 00008; 00000; 00000; 00000; 000064
01340680;J MHC CINTURA P;Despacho;; 00001; 00000; 00001; 00003; 00000; 00000; 00000; 00000; 00000; 00005
01340680;J MHC CINTURA P;saldo;; 00011; 00012; 00011; 00009; 00008; 00008; 00000; 00000; 00000; 00059
01340680;J MHC CINTURA P;stock;; 00000; 00000; 00000; 00000; 00000; 00000; 00000; 00000; 00000; 00000
01340680;J MHC CINTURA P;corte;; 00000; 00000; 00000; 00000; 00000; 00000; 00000; 00000; 00000; 00000
01340680;J MHC CINTURA P;sugerido;; 00011; 00012; 00011; 00009; 00008; 00008; 00000; 00000; 00000; 00059
;
01341000;JEANS MHC T/36 ;Ventas;; 00001; 00008; 00007; 00007; 00002; 00000; 00000; 00000; 00000; 000025
01341000;JEANS MHC T/36 ;Despacho;; 00000; 00005; 00004; 00004; 00002; 00000; 00000; 00000; 00000; 00015
01341000;JEANS MHC T/36 ;saldo;; 00001; 00003; 00003; 00003; 00000; 00000; 00000; 00000; 00000; 00010
01341000;JEANS MHC T/36 ;stock;; 00000; 00004; 00000; 00000; 00000; 00000; 00000; 00000; 00000; 00004
01341000;JEANS MHC T/36 ;corte;; 00000; 00001; 00000; 00004; 00002; 00000; 00000; 00000; 00000; 00007
01341000;JEANS MHC T/36 ;sugerido;; 00001;-00002; 00003;-00001;-00002; 00000; 00000; 00000; 00000;-00001
;
01341080;JEANS MHC T/36 ;Ventas;; 00010; 00010; 00010; 00010; 00008; 00008; 00000; 00000; 00000; 000056
01341080;JEANS MHC T/36 ;Despacho;; 00000; 00003; 00000; 00003; 00000; 00000; 00000; 00000; 00000; 00006
01341080;JEANS MHC T/36 ;saldo;; 00010; 00007; 00010; 00007; 00008; 00008; 00000; 00000; 00000; 00050
01341080;JEANS MHC T/36 ;stock;; 00000; 00000; 00000; 00000; 00000; 00000; 00000; 00000; 00000; 00000
01341080;JEANS MHC T/36 ;corte;; 00000; 00000; 00000; 00000; 00000; 00000; 00000; 00000; 00000; 00000
01341080;JEANS MHC T/36 ;sugerido;; 00010; 00007; 00010; 00007; 00008; 00008; 00000; 00000; 00000; 00050
;
01341180;JEANS MHC T/36 ;Ventas;; 00012; 00012; 00012; 00012; 00008; 00008; 00000; 00000; 00000; 000064
01341180;JEANS MHC T/36 ;Despacho;; 00000; 00000; 00000; 00000; 00000; 00000; 00000; 00000; 00000; 00000
01341180;JEANS MHC T/36 ;saldo;; 00012; 00012; 00012; 00012; 00008; 00008; 00000; 00000; 00000; 00064
01341180;JEANS MHC T/36 ;stock;; 00000; 00000; 00000; 00000; 00000; 00000; 00000; 00000; 00000; 00000
01341180;JEANS MHC T/36 ;corte;; 00000; 00000; 00000; 00000; 00000; 00000; 00000; 00000; 00000; 00000
01341180;JEANS MHC T/36 ;sugerido;; 00012; 00012; 00012; 00012; 00008; 00008; 00000; 00000; 00000; 00064
;
01341600;J MHC CINTURA T;Ventas;; 00008; 00024; 00000; 00000; 00000; 00000; 00000; 00000; 00000; 000032
01341600;J MHC CINTURA T;Despacho;; 00008; 00024; 00000; 00000; 00000; 00000; 00000; 00000; 00000; 00032
01341600;J MHC CINTURA T;saldo;; 00000; 00000; 00000; 00000; 00000; 00000; 00000; 00000; 00000; 00000
01341600;J MHC CINTURA T;stock;; 00000; 00003; 00000; 00000; 00000; 00000; 00000; 00000; 00000; 00003
01341600;J MHC CINTURA T;corte;; 00000; 00000; 00000; 00000; 00000; 00000; 00000; 00000; 00000; 00000
01341600;J MHC CINTURA T;sugerido;; 00000;-00003; 00000; 00000; 00000; 00000; 00000; 00000; 00000;-00003
;
01342900;J MHC CINTURA R;Ventas;; 00002; 00002; 00002; 00001; 00002; 00000; 00000; 00000; 00000; 000009
01342900;J MHC CINTURA R;Despacho;; 00005; 00005; 00000; 00000; 00000; 00000; 00000; 00000; 00000; 00010
01342900;J MHC CINTURA R;saldo;;-00003;-00003; 00002; 00001; 00002; 00000; 00000; 00000; 00000;-00001
01342900;J MHC CINTURA R;stock;; 00002; 00008; 00002; 00001; 00001; 00000; 00000; 00000; 00000; 00014
01342900;J MHC CINTURA R;corte;; 00003; 00012; 00008; 00001; 00000;-00005; 00000; 00000; 00000; 00019
01342900;J MHC CINTURA R;sugerido;;-00008;-00023;-00008;-00001; 00001; 00005; 00000; 00000; 00000;-00034
;
01343001;JEANS MHC T/36 ;Ventas;; 00003; 00003; 00003; 00003; 00003; 00003; 00000; 00000; 00000; 000018
01343001;JEANS MHC T/36 ;Despacho;; 00000; 00000; 00000; 00000; 00000; 00000; 00000; 00000; 00000; 00000
01343001;JEANS MHC T/36 ;saldo;; 00003; 00003; 00003; 00003; 00003; 00003; 00000; 00000; 00000; 00018
01343001;JEANS MHC T/36 ;stock;; 00000; 00000; 00000; 00000; 00000; 00000; 00000; 00000; 00000; 00000
01343001;JEANS MHC T/36 ;corte;; 00000; 00000; 00000; 00000; 00000; 00000; 00000; 00000; 00000; 00000
01343001;JEANS MHC T/36 ;sugerido;; 00003; 00003; 00003; 00003; 00003; 00003; 00000; 00000; 00000; 00018
;
01343301;JEANS MHC T/36 ;Ventas;; 00003; 00003; 00003; 00003; 00002; 00001; 00000; 00000; 00000; 000015
01343301;JEANS MHC T/36 ;Despacho;; 00000; 00000; 00000; 00000; 00000; 00000; 00000; 00000; 00000; 00000
01343301;JEANS MHC T/36 ;saldo;; 00003; 00003; 00003; 00003; 00002; 00001; 00000; 00000; 00000; 00015
01343301;JEANS MHC T/36 ;stock;; 00000; 00000; 00000; 00000; 00000; 00000; 00000; 00000; 00000; 00000
01343301;JEANS MHC T/36 ;corte;; 00000; 00000; 00000; 00000; 00000; 00000; 00000; 00000; 00000; 00000
01343301;JEANS MHC T/36 ;sugerido;; 00003; 00003; 00003; 00003; 00002; 00001; 00000; 00000; 00000; 00015
;
01343380;JEANS MHC  T/36;Ventas;; 00012; 00012; 00012; 00012; 00008; 00008; 00000; 00000; 00000; 000064
01343380;JEANS MHC  T/36;Despacho;; 00000; 00000; 00000; 00000; 00000; 00000; 00000; 00000; 00000; 00000
01343380;JEANS MHC  T/36;saldo;; 00012; 00012; 00012; 00012; 00008; 00008; 00000; 00000; 00000; 00064
01343380;JEANS MHC  T/36;stock;; 00000; 00000; 00000; 00000; 00000; 00000; 00000; 00000; 00000; 00000
01343380;JEANS MHC  T/36;corte;; 00000; 00000; 00000; 00000; 00000; 00000; 00000; 00000; 00000; 00000
01343380;JEANS MHC  T/36;sugerido;; 00012; 00012; 00012; 00012; 00008; 00008; 00000; 00000; 00000; 00064
;
01343500;J MHC CINTURA P;Ventas;; 00010; 00030; 00030; 00030; 00020; 00020; 00000; 00000; 00000; 000140
01343500;J MHC CINTURA P;Despacho;; 00012; 00036; 00036; 00036; 00024; 00010; 00000; 00000; 00000; 00154
01343500;J MHC CINTURA P;saldo;;-00002;-00006;-00006;-00006;-00004; 00010; 00000; 00000; 00000;-00014
01343500;J MHC CINTURA P;stock;; 00000; 00000; 00000; 00000; 00000; 00000; 00000; 00000; 00000; 00000
01343500;J MHC CINTURA P;corte;; 00000; 00000; 00000; 00000; 00000; 00000; 00000; 00000; 00000; 00000
01343500;J MHC CINTURA P;sugerido;;-00002;-00006;-00006;-00006;-00004; 00010; 00000; 00000; 00000;-00014
;
01343580;J MHC CINTURA P;Ventas;; 00012; 00012; 00012; 00012; 00008; 00008; 00000; 00000; 00000; 000064
01343580;J MHC CINTURA P;Despacho;; 00000; 00000; 00000; 00000; 00000; 00000; 00000; 00000; 00000; 00000
01343580;J MHC CINTURA P;saldo;; 00012; 00012; 00012; 00012; 00008; 00008; 00000; 00000; 00000; 00064
01343580;J MHC CINTURA P;stock;; 00000; 00000; 00000; 00000; 00000; 00000; 00000; 00000; 00000; 00000
01343580;J MHC CINTURA P;corte;; 00000; 00000; 00000; 00000; 00000; 00000; 00000; 00000; 00000; 00000
01343580;J MHC CINTURA P;sugerido;; 00012; 00012; 00012; 00012; 00008; 00008; 00000; 00000; 00000; 00064
;
01344200;JEANS MHC T/36 ;Ventas;; 00012; 00010; 00016; 00014; 00004; 00000; 00000; 00000; 00000; 000056
01344200;JEANS MHC T/36 ;Despacho;; 00012; 00010; 00016; 00014; 00004; 00000; 00000; 00000; 00000; 00056
01344200;JEANS MHC T/36 ;saldo;; 00000; 00000; 00000; 00000; 00000; 00000; 00000; 00000; 00000; 00000
01344200;JEANS MHC T/36 ;stock;; 00000; 00003; 00000; 00000; 00000; 00000; 00000; 00000; 00000; 00003
01344200;JEANS MHC T/36 ;corte;; 00000; 00000; 00000; 00000; 00000; 00000; 00000; 00000; 00000; 00000
01344200;JEANS MHC T/36 ;sugerido;; 00000;-00003; 00000; 00000; 00000; 00000; 00000; 00000; 00000;-00003
;
01344300;JEANS MHC T/36 ;Ventas;; 00002; 00002; 00002; 00002; 00000; 00000; 00000; 00000; 00000; 000008
01344300;JEANS MHC T/36 ;Despacho;; 00002; 00002; 00002; 00002; 00000; 00000; 00000; 00000; 00000; 00008
01344300;JEANS MHC T/36 ;saldo;; 00000; 00000; 00000; 00000; 00000; 00000; 00000; 00000; 00000; 00000
01344300;JEANS MHC T/36 ;stock;; 00001; 00011; 00001; 00001; 00000; 00000; 00000; 00000; 00000; 00014
01344300;JEANS MHC T/36 ;corte;; 00000; 00000; 00000; 00000; 00000; 00000; 00000; 00000; 00000; 00000
01344300;JEANS MHC T/36 ;sugerido;;-00001;-00011;-00001;-00001; 00000; 00000; 00000; 00000; 00000;-00014
;
01346100;J MHC MEDIO TOB;Ventas;; 00008; 00024; 00024; 00024; 00016; 00016; 00000; 00000; 00000; 000112
01346100;J MHC MEDIO TOB;Despacho;; 00010; 00030; 00030; 00016; 00002; 00002; 00000; 00000; 00000; 00090
01346100;J MHC MEDIO TOB;saldo;;-00002;-00006;-00006; 00008; 00014; 00014; 00000; 00000; 00000; 00022
01346100;J MHC MEDIO TOB;stock;; 00002; 00004; 00000; 00000; 00000; 00001; 00000; 00000; 00000; 00007
01346100;J MHC MEDIO TOB;corte;; 00000; 00000; 00000; 00000; 00000; 00000; 00000; 00000; 00000; 00000
01346100;J MHC MEDIO TOB;sugerido;;-00004;-00010;-00006; 00008; 00014; 00013; 00000; 00000; 00000; 00015
;
01346200;JEAN MHC T/36  ;Ventas;; 00017; 00018; 00016; 00004; 00002; 00008; 00000; 00000; 00000; 000065
01346200;JEAN MHC T/36  ;Despacho;; 00016; 00015; 00012; 00000; 00000; 00006; 00000; 00000; 00000; 00049
01346200;JEAN MHC T/36  ;saldo;; 00001; 00003; 00004; 00004; 00002; 00002; 00000; 00000; 00000; 00016
01346200;JEAN MHC T/36  ;stock;; 00001; 00003; 00000; 00000; 00000; 00000; 00000; 00000; 00000; 00004
01346200;JEAN MHC T/36  ;corte;; 00002; 00001; 00006; 00005; 00000; 00003; 00000; 00000; 00000; 00017
01346200;JEAN MHC T/36  ;sugerido;;-00002;-00001;-00002;-00001; 00002;-00001; 00000; 00000; 00000;-00005
;
01346280;J MHC CINTURA T;Ventas;; 00012; 00012; 00012; 00012; 00008; 00008; 00000; 00000; 00000; 000064
01346280;J MHC CINTURA T;Despacho;; 00000; 00000; 00000; 00000; 00000; 00001; 00000; 00000; 00000; 00001
01346280;J MHC CINTURA T;saldo;; 00012; 00012; 00012; 00012; 00008; 00007; 00000; 00000; 00000; 00063
01346280;J MHC CINTURA T;stock;; 00000; 00000; 00000; 00000; 00000; 00000; 00000; 00000; 00000; 00000
01346280;J MHC CINTURA T;corte;; 00000; 00000; 00000; 00000; 00000; 00000; 00000; 00000; 00000; 00000
01346280;J MHC CINTURA T;sugerido;; 00012; 00012; 00012; 00012; 00008; 00007; 00000; 00000; 00000; 00063
;
01346400;J MHC CINTURA R;Ventas;; 00003; 00005; 00005; 00005; 00003; 00002; 00000; 00000; 00000; 000023
01346400;J MHC CINTURA R;Despacho;; 00000; 00000; 00000; 00000; 00000; 00000; 00000; 00000; 00000; 00000
01346400;J MHC CINTURA R;saldo;; 00003; 00005; 00005; 00005; 00003; 00002; 00000; 00000; 00000; 00023
01346400;J MHC CINTURA R;stock;; 00001; 00003; 00000; 00000; 00001; 00001; 00000; 00000; 00000; 00006
01346400;J MHC CINTURA R;corte;; 00050; 00083; 00087; 00085; 00051; 00013; 00000; 00000; 00000; 00369
01346400;J MHC CINTURA R;sugerido;;-00048;-00081;-00082;-00080;-00049;-00012; 00000; 00000; 00000;-00352
;
01346480;J MHC CINTURA R;Ventas;; 00010; 00010; 00010; 00010; 00008; 00008; 00000; 00000; 00000; 000056
01346480;J MHC CINTURA R;Despacho;; 00000; 00000; 00002; 00002; 00000; 00000; 00000; 00000; 00000; 00004
01346480;J MHC CINTURA R;saldo;; 00010; 00010; 00008; 00008; 00008; 00008; 00000; 00000; 00000; 00052
01346480;J MHC CINTURA R;stock;; 00000; 00000; 00000; 00000; 00000; 00000; 00000; 00000; 00000; 00000
01346480;J MHC CINTURA R;corte;; 00000; 00000; 00000; 00000; 00000; 00000; 00000; 00000; 00000; 00000
01346480;J MHC CINTURA R;sugerido;; 00010; 00010; 00008; 00008; 00008; 00008; 00000; 00000; 00000; 00052
;
01347000;JEAN MHC T/36  ;Ventas;; 00002; 00000; 00000; 00002; 00002; 00000; 00000; 00000; 00000; 000006
01347000;JEAN MHC T/36  ;Despacho;; 00002; 00000; 00000; 00002; 00002; 00000; 00000; 00000; 00000; 00006
01347000;JEAN MHC T/36  ;saldo;; 00000; 00000; 00000; 00000; 00000; 00000; 00000; 00000; 00000; 00000
01347000;JEAN MHC T/36  ;stock;; 00000; 00000; 00000; 00000; 00000; 00000; 00000; 00000; 00000; 00000
01347000;JEAN MHC T/36  ;corte;; 00058; 00099; 00119; 00104; 00075; 00040; 00000; 00000; 00000; 00495
01347000;JEAN MHC T/36  ;sugerido;;-00058;-00099;-00119;-00104;-00075;-00040; 00000; 00000; 00000;-00495
;
01347400;JEAN MHC T/36  ;Ventas;; 00003; 00018; 00000; 00000; 00000; 00001; 00000; 00000; 00000; 000022
01347400;JEAN MHC T/36  ;Despacho;; 00003; 00018; 00000; 00000; 00000; 00001; 00000; 00000; 00000; 00022
01347400;JEAN MHC T/36  ;saldo;; 00000; 00000; 00000; 00000; 00000; 00000; 00000; 00000; 00000; 00000
01347400;JEAN MHC T/36  ;stock;; 00000; 00002; 00000; 00000; 00000; 00000; 00000; 00000; 00000; 00002
01347400;JEAN MHC T/36  ;corte;; 00000; 00000; 00000; 00000; 00000; 00000; 00000; 00000; 00000; 00000
01347400;JEAN MHC T/36  ;sugerido;; 00000;-00002; 00000; 00000; 00000; 00000; 00000; 00000; 00000;-00002
;
01348000;J MHC CINTURA P;Ventas;; 00016; 00030; 00030; 00030; 00020; 00020; 00000; 00000; 00000; 000146
01348000;J MHC CINTURA P;Despacho;; 00018; 00036; 00036; 00036; 00020; 00010; 00000; 00000; 00000; 00156
01348000;J MHC CINTURA P;saldo;;-00002;-00006;-00006;-00006; 00000; 00010; 00000; 00000; 00000;-00010
01348000;J MHC CINTURA P;stock;; 00000; 00001; 00000; 00000; 00000; 00000; 00000; 00000; 00000; 00001
01348000;J MHC CINTURA P;corte;; 00000; 00000; 00000; 00000; 00000; 00000; 00000; 00000; 00000; 00000
01348000;J MHC CINTURA P;sugerido;;-00002;-00007;-00006;-00006; 00000; 00010; 00000; 00000; 00000;-00011
;
01348080;J MHC CINTURA P;Ventas;; 00010; 00010; 00010; 00010; 00008; 00008; 00000; 00000; 00000; 000056
01348080;J MHC CINTURA P;Despacho;; 00000; 00004; 00001; 00000; 00000; 00000; 00000; 00000; 00000; 00005
01348080;J MHC CINTURA P;saldo;; 00010; 00006; 00009; 00010; 00008; 00008; 00000; 00000; 00000; 00051
01348080;J MHC CINTURA P;stock;; 00000; 00000; 00000; 00000; 00000; 00000; 00000; 00000; 00000; 00000
01348080;J MHC CINTURA P;corte;; 00000; 00000; 00000; 00000; 00000; 00000; 00000; 00000; 00000; 00000
01348080;J MHC CINTURA P;sugerido;; 00010; 00006; 00009; 00010; 00008; 00008; 00000; 00000; 00000; 00051
;
01350100;JEAN MHC T/36 M;Ventas;; 00101; 00153; 00157; 00134; 00079; 00046; 00000; 00000; 00000; 000670
01350100;JEAN MHC T/36 M;Despacho;; 00063; 00098; 00103; 00094; 00047; 00032; 00000; 00000; 00000; 00437
01350100;JEAN MHC T/36 M;saldo;; 00038; 00055; 00054; 00040; 00032; 00014; 00000; 00000; 00000; 00233
01350100;JEAN MHC T/36 M;stock;; 00000; 00000; 00000; 00000; 00000; 00000; 00000; 00000; 00000; 00000
01350100;JEAN MHC T/36 M;corte;; 00026; 00064; 00068; 00066; 00045; 00026; 00000; 00000; 00000; 00295
01350100;JEAN MHC T/36 M;sugerido;; 00012;-00009;-00014;-00026;-00013;-00012; 00000; 00000; 00000;-00062
;
01350101;JEAN MHC T/36 M;Ventas;; 00070; 00103; 00115; 00100; 00064; 00045; 00000; 00000; 00000; 000497
01350101;JEAN MHC T/36 M;Despacho;; 00048; 00095; 00098; 00077; 00053; 00037; 00000; 00000; 00000; 00408
01350101;JEAN MHC T/36 M;saldo;; 00022; 00008; 00017; 00023; 00011; 00008; 00000; 00000; 00000; 00089
01350101;JEAN MHC T/36 M;stock;; 00000; 00000; 00000; 00000; 00000; 00000; 00000; 00000; 00000; 00000
01350101;JEAN MHC T/36 M;corte;; 00000; 00000; 00000; 00000; 00000; 00000; 00000; 00000; 00000; 00000
01350101;JEAN MHC T/36 M;sugerido;; 00022; 00008; 00017; 00023; 00011; 00008; 00000; 00000; 00000; 00089
;
01350102;JEAN MHC T/36 M;Ventas;; 00013; 00020; 00020; 00018; 00012; 00009; 00000; 00000; 00000; 000092
01350102;JEAN MHC T/36 M;Despacho;; 00000; 00000; 00000; 00000; 00000; 00000; 00000; 00000; 00000; 00000
01350102;JEAN MHC T/36 M;saldo;; 00013; 00020; 00020; 00018; 00012; 00009; 00000; 00000; 00000; 00092
01350102;JEAN MHC T/36 M;stock;; 00000; 00000; 00000; 00000; 00000; 00000; 00000; 00000; 00000; 00000
01350102;JEAN MHC T/36 M;corte;; 00000; 00000; 00000; 00000; 00000; 00000; 00000; 00000; 00000; 00000
01350102;JEAN MHC T/36 M;sugerido;; 00013; 00020; 00020; 00018; 00012; 00009; 00000; 00000; 00000; 00092
;
01350200;JEANS MHC T/36 ;Ventas;; 00106; 00195; 00205; 00178; 00111; 00089; 00000; 00000; 00000; 000884
01350200;JEANS MHC T/36 ;Despacho;; 00086; 00164; 00180; 00132; 00083; 00044; 00000; 00000; 00000; 00689
01350200;JEANS MHC T/36 ;saldo;; 00020; 00031; 00025; 00046; 00028; 00045; 00000; 00000; 00000; 00195
01350200;JEANS MHC T/36 ;stock;; 00001; 00004; 00000; 00000; 00001; 00000; 00000; 00000; 00000; 00006
01350200;JEANS MHC T/36 ;corte;; 00051; 00062; 00068; 00071; 00084; 00044; 00000; 00000; 00000; 00380
01350200;JEANS MHC T/36 ;sugerido;;-00032;-00035;-00043;-00025;-00057; 00001; 00000; 00000; 00000;-00191
;
01350400;JEANS MHC T/36 ;Ventas;; 00128; 00215; 00231; 00208; 00128; 00095; 00000; 00000; 00000; 001005
01350400;JEANS MHC T/36 ;Despacho;; 00116; 00192; 00206; 00188; 00107; 00076; 00000; 00000; 00000; 00885
01350400;JEANS MHC T/36 ;saldo;; 00012; 00023; 00025; 00020; 00021; 00019; 00000; 00000; 00000; 00120
01350400;JEANS MHC T/36 ;stock;; 00001; 00001; 00000; 00000; 00000; 00000; 00000; 00000; 00000; 00002
01350400;JEANS MHC T/36 ;corte;; 00070; 00140; 00100; 00033; 00001; 00002; 00000; 00000; 00000; 00346
01350400;JEANS MHC T/36 ;sugerido;;-00059;-00118;-00075;-00013; 00020; 00017; 00000; 00000; 00000;-00228
;
01350401;JEANS MHC T/36 ;Ventas;; 00032; 00066; 00072; 00069; 00040; 00035; 00000; 00000; 00000; 000314
01350401;JEANS MHC T/36 ;Despacho;; 00019; 00044; 00050; 00050; 00032; 00028; 00000; 00000; 00000; 00223
01350401;JEANS MHC T/36 ;saldo;; 00013; 00022; 00022; 00019; 00008; 00007; 00000; 00000; 00000; 00091
01350401;JEANS MHC T/36 ;stock;; 00000; 00000; 00000; 00000; 00000; 00000; 00000; 00000; 00000; 00000
01350401;JEANS MHC T/36 ;corte;; 00000; 00000; 00000; 00000; 00000; 00000; 00000; 00000; 00000; 00000
01350401;JEANS MHC T/36 ;sugerido;; 00013; 00022; 00022; 00019; 00008; 00007; 00000; 00000; 00000; 00091
;
01350480;JEANS MHC T/36 ;Ventas;; 00010; 00010; 00010; 00010; 00008; 00008; 00000; 00000; 00000; 000056
01350480;JEANS MHC T/36 ;Despacho;; 00001; 00000; 00000; 00000; 00000; 00000; 00000; 00000; 00000; 00001
01350480;JEANS MHC T/36 ;saldo;; 00009; 00010; 00010; 00010; 00008; 00008; 00000; 00000; 00000; 00055
01350480;JEANS MHC T/36 ;stock;; 00000; 00000; 00000; 00000; 00000; 00000; 00000; 00000; 00000; 00000
01350480;JEANS MHC T/36 ;corte;; 00000; 00000; 00000; 00000; 00000; 00000; 00000; 00000; 00000; 00000
01350480;JEANS MHC T/36 ;sugerido;; 00009; 00010; 00010; 00010; 00008; 00008; 00000; 00000; 00000; 00055
;
01350500;J MHC CINTURA P;Ventas;; 00179; 00302; 00315; 00281; 00184; 00145; 00000; 00000; 00000; 001406
01350500;J MHC CINTURA P;Despacho;; 00123; 00214; 00220; 00203; 00128; 00099; 00000; 00000; 00000; 00987
01350500;J MHC CINTURA P;saldo;; 00056; 00088; 00095; 00078; 00056; 00046; 00000; 00000; 00000; 00419
01350500;J MHC CINTURA P;stock;; 00001; 00002; 00000; 00001; 00000; 00000; 00000; 00000; 00000; 00004
01350500;J MHC CINTURA P;corte;; 00014; 00027; 00028; 00025; 00010; 00008; 00000; 00000; 00000; 00112
01350500;J MHC CINTURA P;sugerido;; 00041; 00059; 00067; 00052; 00046; 00038; 00000; 00000; 00000; 00303
;
01350501;JEANS MHC T/36 ;Ventas;; 00006; 00012; 00013; 00014; 00007; 00002; 00000; 00000; 00000; 000054
01350501;JEANS MHC T/36 ;Despacho;; 00000; 00000; 00000; 00000; 00000; 00000; 00000; 00000; 00000; 00000
01350501;JEANS MHC T/36 ;saldo;; 00006; 00012; 00013; 00014; 00007; 00002; 00000; 00000; 00000; 00054
01350501;JEANS MHC T/36 ;stock;; 00000; 00000; 00000; 00000; 00000; 00000; 00000; 00000; 00000; 00000
01350501;JEANS MHC T/36 ;corte;; 00000; 00000; 00000; 00000; 00000; 00000; 00000; 00000; 00000; 00000
01350501;JEANS MHC T/36 ;sugerido;; 00006; 00012; 00013; 00014; 00007; 00002; 00000; 00000; 00000; 00054
;
01350599;JEANS MHC T/38 ;Ventas;; 00000; 00005; 00000; 00000; 00000; 00000; 00000; 00000; 00000; 000005
01350599;JEANS MHC T/38 ;Despacho;; 00000; 00005; 00000; 00000; 00000; 00000; 00000; 00000; 00000; 00005
01350599;JEANS MHC T/38 ;saldo;; 00000; 00000; 00000; 00000; 00000; 00000; 00000; 00000; 00000; 00000
01350599;JEANS MHC T/38 ;stock;; 00000; 00000; 00000; 00000; 00000; 00000; 00000; 00000; 00000; 00000
01350599;JEANS MHC T/38 ;corte;; 00000; 00000; 00000; 00000; 00000; 00000; 00000; 00000; 00000; 00000
01350599;JEANS MHC T/38 ;sugerido;; 00000; 00000; 00000; 00000; 00000; 00000; 00000; 00000; 00000; 00000
;
01350600;JEANS MHC T/36 ;Ventas;; 00220; 00374; 00386; 00347; 00232; 00166; 00000; 00000; 00000; 001725
01350600;JEANS MHC T/36 ;Despacho;; 00178; 00305; 00319; 00289; 00192; 00127; 00000; 00000; 00000; 01410
01350600;JEANS MHC T/36 ;saldo;; 00042; 00069; 00067; 00058; 00040; 00039; 00000; 00000; 00000; 00315
01350600;JEANS MHC T/36 ;stock;; 00000; 00000; 00000; 00000; 00000; 00000; 00000; 00000; 00000; 00000
01350600;JEANS MHC T/36 ;corte;; 00037; 00082; 00094; 00074; 00039; 00008; 00000; 00000; 00000; 00334
01350600;JEANS MHC T/36 ;sugerido;; 00005;-00013;-00027;-00016; 00001; 00031; 00000; 00000; 00000;-00019
;
01350601;JEANS MHC T/36 ;Ventas;; 00024; 00027; 00033; 00030; 00022; 00015; 00000; 00000; 00000; 000151
01350601;JEANS MHC T/36 ;Despacho;; 00016; 00018; 00021; 00020; 00015; 00011; 00000; 00000; 00000; 00101
01350601;JEANS MHC T/36 ;saldo;; 00008; 00009; 00012; 00010; 00007; 00004; 00000; 00000; 00000; 00050
01350601;JEANS MHC T/36 ;stock;; 00000; 00000; 00000; 00000; 00000; 00000; 00000; 00000; 00000; 00000
01350601;JEANS MHC T/36 ;corte;; 00000; 00000; 00000; 00000; 00000; 00000; 00000; 00000; 00000; 00000
01350601;JEANS MHC T/36 ;sugerido;; 00008; 00009; 00012; 00010; 00007; 00004; 00000; 00000; 00000; 00050
;
01350602;JEANS MHC T/36 ;Ventas;; 00021; 00025; 00029; 00020; 00015; 00011; 00000; 00000; 00000; 000121
01350602;JEANS MHC T/36 ;Despacho;; 00015; 00020; 00020; 00011; 00006; 00004; 00000; 00000; 00000; 00076
01350602;JEANS MHC T/36 ;saldo;; 00006; 00005; 00009; 00009; 00009; 00007; 00000; 00000; 00000; 00045
01350602;JEANS MHC T/36 ;stock;; 00000; 00000; 00000; 00000; 00000; 00000; 00000; 00000; 00000; 00000
01350602;JEANS MHC T/36 ;corte;; 00000; 00000; 00000; 00000; 00000; 00000; 00000; 00000; 00000; 00000
01350602;JEANS MHC T/36 ;sugerido;; 00006; 00005; 00009; 00009; 00009; 00007; 00000; 00000; 00000; 00045
;
01350699;JEANS MHC T/44 ;Ventas;; 00000; 00000; 00000; 00000; 00002; 00000; 00000; 00000; 00000; 000002
01350699;JEANS MHC T/44 ;Despacho;; 00000; 00000; 00000; 00000; 00002; 00000; 00000; 00000; 00000; 00002
01350699;JEANS MHC T/44 ;saldo;; 00000; 00000; 00000; 00000; 00000; 00000; 00000; 00000; 00000; 00000
01350699;JEANS MHC T/44 ;stock;; 00000; 00000; 00000; 00000; 00000; 00000; 00000; 00000; 00000; 00000
01350699;JEANS MHC T/44 ;corte;; 00000; 00000; 00000; 00000; 00000; 00000; 00000; 00000; 00000; 00000
01350699;JEANS MHC T/44 ;sugerido;; 00000; 00000; 00000; 00000; 00000; 00000; 00000; 00000; 00000; 00000
;
01350800;JEANS MHC T/36 ;Ventas;; 00050; 00077; 00077; 00069; 00040; 00026; 00000; 00000; 00000; 000339
01350800;JEANS MHC T/36 ;Despacho;; 00044; 00063; 00061; 00056; 00032; 00016; 00000; 00000; 00000; 00272
01350800;JEANS MHC T/36 ;saldo;; 00006; 00014; 00016; 00013; 00008; 00010; 00000; 00000; 00000; 00067
01350800;JEANS MHC T/36 ;stock;; 00001; 00000; 00000; 00000; 00000; 00000; 00000; 00000; 00000; 00001
01350800;JEANS MHC T/36 ;corte;; 00003; 00046; 00043; 00045; 00031; 00020; 00000; 00000; 00000; 00188
01350800;JEANS MHC T/36 ;sugerido;; 00002;-00032;-00027;-00032;-00023;-00010; 00000; 00000; 00000;-00122
;
01350801;JEANS MHC T/36 ;Ventas;; 00004; 00010; 00014; 00010; 00008; 00004; 00000; 00000; 00000; 000050
01350801;JEANS MHC T/36 ;Despacho;; 00004; 00010; 00014; 00009; 00008; 00004; 00000; 00000; 00000; 00049
01350801;JEANS MHC T/36 ;saldo;; 00000; 00000; 00000; 00001; 00000; 00000; 00000; 00000; 00000; 00001
01350801;JEANS MHC T/36 ;stock;; 00000; 00000; 00000; 00000; 00000; 00000; 00000; 00000; 00000; 00000
01350801;JEANS MHC T/36 ;corte;; 00000; 00000; 00000; 00000; 00000; 00000; 00000; 00000; 00000; 00000
01350801;JEANS MHC T/36 ;sugerido;; 00000; 00000; 00000; 00001; 00000; 00000; 00000; 00000; 00000; 00001
;
01350802;JEANS MHC T/36 ;Ventas;; 00004; 00010; 00014; 00010; 00008; 00004; 00000; 00000; 00000; 000050
01350802;JEANS MHC T/36 ;Despacho;; 00004; 00010; 00013; 00010; 00007; 00004; 00000; 00000; 00000; 00048
01350802;JEANS MHC T/36 ;saldo;; 00000; 00000; 00001; 00000; 00001; 00000; 00000; 00000; 00000; 00002
01350802;JEANS MHC T/36 ;stock;; 00000; 00000; 00000; 00000; 00000; 00000; 00000; 00000; 00000; 00000
01350802;JEANS MHC T/36 ;corte;; 00000; 00000; 00000; 00000; 00000; 00000; 00000; 00000; 00000; 00000
01350802;JEANS MHC T/36 ;sugerido;; 00000; 00000; 00001; 00000; 00001; 00000; 00000; 00000; 00000; 00002
;
01350900;JEANS MHC T/36 ;Ventas;; 00042; 00057; 00061; 00053; 00021; 00017; 00000; 00000; 00000; 000251
01350900;JEANS MHC T/36 ;Despacho;; 00033; 00037; 00041; 00034; 00009; 00016; 00000; 00000; 00000; 00170
01350900;JEANS MHC T/36 ;saldo;; 00009; 00020; 00020; 00019; 00012; 00001; 00000; 00000; 00000; 00081
01350900;JEANS MHC T/36 ;stock;; 00000; 00000; 00000; 00000; 00000; 00000; 00000; 00000; 00000; 00000
01350900;JEANS MHC T/36 ;corte;; 00000; 00000; 00000; 00000; 00000; 00000; 00000; 00000; 00000; 00000
01350900;JEANS MHC T/36 ;sugerido;; 00009; 00020; 00020; 00019; 00012; 00001; 00000; 00000; 00000; 00081
;
01350901;J MHC T/36 CINT;Ventas;; 00020; 00030; 00030; 00030; 00009; 00009; 00000; 00000; 00000; 000128
01350901;J MHC T/36 CINT;Despacho;; 00027; 00050; 00049; 00043; 00029; 00003; 00000; 00000; 00000; 00201
01350901;J MHC T/36 CINT;saldo;;-00007;-00020;-00019;-00013;-00020; 00006; 00000; 00000; 00000;-00073
01350901;J MHC T/36 CINT;stock;; 00000; 00000; 00000; 00000; 00000; 00000; 00000; 00000; 00000; 00000
01350901;J MHC T/36 CINT;corte;; 00000; 00000; 00000; 00000; 00000; 00000; 00000; 00000; 00000; 00000
01350901;J MHC T/36 CINT;sugerido;;-00007;-00020;-00019;-00013;-00020; 00006; 00000; 00000; 00000;-00073
;
01351000;JNS MHC T/36 BL;Ventas;; 00022; 00037; 00038; 00034; 00018; 00015; 00000; 00000; 00000; 000164
01351000;JNS MHC T/36 BL;Despacho;; 00010; 00018; 00018; 00017; 00010; 00007; 00000; 00000; 00000; 00080
01351000;JNS MHC T/36 BL;saldo;; 00012; 00019; 00020; 00017; 00008; 00008; 00000; 00000; 00000; 00084
01351000;JNS MHC T/36 BL;stock;; 00000; 00000; 00000; 00000; 00000; 00000; 00000; 00000; 00000; 00000
01351000;JNS MHC T/36 BL;corte;; 00026; 00021; 00014; 00006; 00027; 00013; 00000; 00000; 00000; 00107
01351000;JNS MHC T/36 BL;sugerido;;-00014;-00002; 00006; 00011;-00019;-00005; 00000; 00000; 00000;-00023
;
01351004;JNS MHC T/36 CH;Ventas;; 00015; 00021; 00022; 00023; 00012; 00006; 00000; 00000; 00000; 000099
01351004;JNS MHC T/36 CH;Despacho;; 00012; 00015; 00019; 00020; 00009; 00003; 00000; 00000; 00000; 00078
01351004;JNS MHC T/36 CH;saldo;; 00003; 00006; 00003; 00003; 00003; 00003; 00000; 00000; 00000; 00021
01351004;JNS MHC T/36 CH;stock;; 00000; 00000; 00000; 00000; 00000; 00000; 00000; 00000; 00000; 00000
01351004;JNS MHC T/36 CH;corte;; 00000; 00000; 00000; 00000; 00000; 00000; 00000; 00000; 00000; 00000
01351004;JNS MHC T/36 CH;sugerido;; 00003; 00006; 00003; 00003; 00003; 00003; 00000; 00000; 00000; 00021
;
01351006;JNS MHC T/36 BE;Ventas;; 00033; 00048; 00048; 00044; 00029; 00022; 00000; 00000; 00000; 000224
01351006;JNS MHC T/36 BE;Despacho;; 00027; 00046; 00047; 00043; 00029; 00020; 00000; 00000; 00000; 00212
01351006;JNS MHC T/36 BE;saldo;; 00006; 00002; 00001; 00001; 00000; 00002; 00000; 00000; 00000; 00012
01351006;JNS MHC T/36 BE;stock;; 00000; 00000; 00000; 00000; 00000; 00000; 00000; 00000; 00000; 00000
01351006;JNS MHC T/36 BE;corte;; 00000; 00000; 00000; 00000; 00000; 00000; 00000; 00000; 00000; 00000
01351006;JNS MHC T/36 BE;sugerido;; 00006; 00002; 00001; 00001; 00000; 00002; 00000; 00000; 00000; 00012
;
01351009;JNS MHC T/36  V;Ventas;; 00015; 00025; 00026; 00026; 00015; 00007; 00000; 00000; 00000; 000114
01351009;JNS MHC T/36  V;Despacho;; 00014; 00022; 00023; 00023; 00013; 00006; 00000; 00000; 00000; 00101
01351009;JNS MHC T/36  V;saldo;; 00001; 00003; 00003; 00003; 00002; 00001; 00000; 00000; 00000; 00013
01351009;JNS MHC T/36  V;stock;; 00000; 00000; 00000; 00000; 00000; 00000; 00000; 00000; 00000; 00000
01351009;JNS MHC T/36  V;corte;; 00000; 00000; 00000; 00000; 00000; 00000; 00000; 00000; 00000; 00000
01351009;JNS MHC T/36  V;sugerido;; 00001; 00003; 00003; 00003; 00002; 00001; 00000; 00000; 00000; 00013
;
01351038;JNS MHC T/36   ;Ventas;; 00034; 00056; 00057; 00052; 00034; 00021; 00000; 00000; 00000; 000254
01351038;JNS MHC T/36   ;Despacho;; 00028; 00049; 00048; 00041; 00029; 00014; 00000; 00000; 00000; 00209
01351038;JNS MHC T/36   ;saldo;; 00006; 00007; 00009; 00011; 00005; 00007; 00000; 00000; 00000; 00045
01351038;JNS MHC T/36   ;stock;; 00000; 00000; 00000; 00000; 00000; 00000; 00000; 00000; 00000; 00000
01351038;JNS MHC T/36   ;corte;; 00000; 00000; 00000; 00000; 00000; 00000; 00000; 00000; 00000; 00000
01351038;JNS MHC T/36   ;sugerido;; 00006; 00007; 00009; 00011; 00005; 00007; 00000; 00000; 00000; 00045
;
01351072;JNS MHC T/36 VI;Ventas;; 00010; 00014; 00014; 00014; 00010; 00008; 00000; 00000; 00000; 000070
01351072;JNS MHC T/36 VI;Despacho;; 00007; 00011; 00011; 00011; 00007; 00003; 00000; 00000; 00000; 00050
01351072;JNS MHC T/36 VI;saldo;; 00003; 00003; 00003; 00003; 00003; 00005; 00000; 00000; 00000; 00020
01351072;JNS MHC T/36 VI;stock;; 00000; 00000; 00000; 00000; 00000; 00000; 00000; 00000; 00000; 00000
01351072;JNS MHC T/36 VI;corte;; 00000; 00000; 00000; 00000; 00000; 00000; 00000; 00000; 00000; 00000
01351072;JNS MHC T/36 VI;sugerido;; 00003; 00003; 00003; 00003; 00003; 00005; 00000; 00000; 00000; 00020
;
01351100;JEANS MHC  CINT;Ventas;; 00138; 00248; 00262; 00232; 00158; 00123; 00000; 00000; 00000; 001161
01351100;JEANS MHC  CINT;Despacho;; 00123; 00226; 00251; 00217; 00152; 00079; 00000; 00000; 00000; 01048
01351100;JEANS MHC  CINT;saldo;; 00015; 00022; 00011; 00015; 00006; 00044; 00000; 00000; 00000; 00113
01351100;JEANS MHC  CINT;stock;; 00003; 00008; 00004; 00000; 00001; 00001; 00000; 00000; 00000; 00017
01351100;JEANS MHC  CINT;corte;; 00000; 00000; 00000; 00000; 00000; 00000; 00000; 00000; 00000; 00000
01351100;JEANS MHC  CINT;sugerido;; 00012; 00014; 00007; 00015; 00005; 00043; 00000; 00000; 00000; 00096
;
01351199;JEANS MHC T/44 ;Ventas;; 00000; 00000; 00000; 00000; 00001; 00000; 00000; 00000; 00000; 000001
01351199;JEANS MHC T/44 ;Despacho;; 00000; 00000; 00000; 00000; 00000; 00000; 00000; 00000; 00000; 00000
01351199;JEANS MHC T/44 ;saldo;; 00000; 00000; 00000; 00000; 00001; 00000; 00000; 00000; 00000; 00001
01351199;JEANS MHC T/44 ;stock;; 00000; 00000; 00000; 00000; 00000; 00000; 00000; 00000; 00000; 00000
01351199;JEANS MHC T/44 ;corte;; 00000; 00000; 00000; 00000; 00000; 00000; 00000; 00000; 00000; 00000
01351199;JEANS MHC T/44 ;sugerido;; 00000; 00000; 00000; 00000; 00001; 00000; 00000; 00000; 00000; 00001
;
01351200;JEANS MHC T/36 ;Ventas;; 00046; 00061; 00061; 00050; 00030; 00016; 00000; 00000; 00000; 000264
01351200;JEANS MHC T/36 ;Despacho;; 00028; 00040; 00040; 00033; 00020; 00010; 00000; 00000; 00000; 00171
01351200;JEANS MHC T/36 ;saldo;; 00018; 00021; 00021; 00017; 00010; 00006; 00000; 00000; 00000; 00093
01351200;JEANS MHC T/36 ;stock;; 00000; 00003; 00000; 00000; 00000; 00000; 00000; 00000; 00000; 00003
01351200;JEANS MHC T/36 ;corte;; 00000; 00000; 00000; 00000; 00000; 00000; 00000; 00000; 00000; 00000
01351200;JEANS MHC T/36 ;sugerido;; 00018; 00018; 00021; 00017; 00010; 00006; 00000; 00000; 00000; 00090
;
01351500;JEANS MHC T/36 ;Ventas;; 00035; 00046; 00047; 00045; 00027; 00016; 00000; 00000; 00000; 000216
01351500;JEANS MHC T/36 ;Despacho;; 00000; 00000; 00000; 00000; 00000; 00000; 00000; 00000; 00000; 00000
01351500;JEANS MHC T/36 ;saldo;; 00035; 00046; 00047; 00045; 00027; 00016; 00000; 00000; 00000; 00216
01351500;JEANS MHC T/36 ;stock;; 00000; 00002; 00000; 00000; 00000; 00000; 00000; 00000; 00000; 00002
01351500;JEANS MHC T/36 ;corte;; 00000; 00000; 00000; 00000; 00000; 00000; 00000; 00000; 00000; 00000
01351500;JEANS MHC T/36 ;sugerido;; 00035; 00044; 00047; 00045; 00027; 00016; 00000; 00000; 00000; 00214
;
01351700;JEAN MHC T/36 C;Ventas;; 00096; 00148; 00156; 00138; 00075; 00044; 00000; 00000; 00000; 000657
01351700;JEAN MHC T/36 C;Despacho;; 00088; 00142; 00149; 00138; 00086; 00046; 00000; 00000; 00000; 00649
01351700;JEAN MHC T/36 C;saldo;; 00008; 00006; 00007; 00000;-00011;-00002; 00000; 00000; 00000; 00008
01351700;JEAN MHC T/36 C;stock;; 00000; 00002; 00000; 00000; 00000; 00000; 00000; 00000; 00000; 00002
01351700;JEAN MHC T/36 C;corte;; 00000; 00000; 00000; 00000; 00000; 00000; 00000; 00000; 00000; 00000
01351700;JEAN MHC T/36 C;sugerido;; 00008; 00004; 00007; 00000;-00011;-00002; 00000; 00000; 00000; 00006
;
01351800;JEN MHC T/36   ;Ventas;; 00006; 00008; 00008; 00008; 00005; 00003; 00000; 00000; 00000; 000038
01351800;JEN MHC T/36   ;Despacho;; 00000; 00000; 00000; 00000; 00000; 00000; 00000; 00000; 00000; 00000
01351800;JEN MHC T/36   ;saldo;; 00006; 00008; 00008; 00008; 00005; 00003; 00000; 00000; 00000; 00038
01351800;JEN MHC T/36   ;stock;; 00000; 00001; 00000; 00000; 00000; 00000; 00000; 00000; 00000; 00001
01351800;JEN MHC T/36   ;corte;; 00000; 00000; 00000; 00000; 00000; 00000; 00000; 00000; 00000; 00000
01351800;JEN MHC T/36   ;sugerido;; 00006; 00007; 00008; 00008; 00005; 00003; 00000; 00000; 00000; 00037
;
01352100;JEAN MHC T/36  ;Ventas;; 00065; 00094; 00103; 00090; 00050; 00036; 00000; 00000; 00000; 000438
01352100;JEAN MHC T/36  ;Despacho;; 00046; 00061; 00066; 00057; 00033; 00022; 00000; 00000; 00000; 00285
01352100;JEAN MHC T/36  ;saldo;; 00019; 00033; 00037; 00033; 00017; 00014; 00000; 00000; 00000; 00153
01352100;JEAN MHC T/36  ;stock;; 00000; 00002; 00000; 00000; 00000; 00000; 00000; 00000; 00000; 00002
01352100;JEAN MHC T/36  ;corte;; 00031; 00034; 00044; 00052; 00012; 00010; 00000; 00000; 00000; 00183
01352100;JEAN MHC T/36  ;sugerido;;-00012;-00003;-00007;-00019; 00005; 00004; 00000; 00000; 00000;-00032
;
01352200;JEANS HC T/36  ;Ventas;; 00059; 00095; 00104; 00091; 00052; 00033; 00000; 00000; 00000; 000434
01352200;JEANS HC T/36  ;Despacho;; 00043; 00063; 00063; 00060; 00036; 00022; 00000; 00000; 00000; 00287
01352200;JEANS HC T/36  ;saldo;; 00016; 00032; 00041; 00031; 00016; 00011; 00000; 00000; 00000; 00147
01352200;JEANS HC T/36  ;stock;; 00000; 00002; 00000; 00000; 00000; 00001; 00000; 00000; 00000; 00003
01352200;JEANS HC T/36  ;corte;; 00049; 00078; 00107; 00083; 00050; 00020; 00000; 00000; 00000; 00387
01352200;JEANS HC T/36  ;sugerido;;-00033;-00048;-00066;-00052;-00034;-00010; 00000; 00000; 00000;-00243
;
01352300;JEAN MHC T/36  ;Ventas;; 00139; 00244; 00260; 00237; 00158; 00126; 00000; 00000; 00000; 001164
01352300;JEAN MHC T/36  ;Despacho;; 00143; 00232; 00251; 00222; 00139; 00088; 00000; 00000; 00000; 01075
01352300;JEAN MHC T/36  ;saldo;;-00004; 00012; 00009; 00015; 00019; 00038; 00000; 00000; 00000; 00089
01352300;JEAN MHC T/36  ;stock;; 00003; 00006; 00000; 00000; 00000; 00000; 00000; 00000; 00000; 00009
01352300;JEAN MHC T/36  ;corte;; 00047; 00079; 00077; 00076; 00036; 00028; 00000; 00000; 00000; 00343
01352300;JEAN MHC T/36  ;sugerido;;-00054;-00073;-00068;-00061;-00017; 00010; 00000; 00000; 00000;-00263
;
01352301;JEANS MHC T/36 ;Ventas;; 00052; 00084; 00089; 00078; 00047; 00027; 00000; 00000; 00000; 000377
01352301;JEANS MHC T/36 ;Despacho;; 00044; 00061; 00065; 00050; 00035; 00016; 00000; 00000; 00000; 00271
01352301;JEANS MHC T/36 ;saldo;; 00008; 00023; 00024; 00028; 00012; 00011; 00000; 00000; 00000; 00106
01352301;JEANS MHC T/36 ;stock;; 00000; 00000; 00001; 00000; 00000; 00000; 00000; 00000; 00000; 00001
01352301;JEANS MHC T/36 ;corte;; 00000; 00000; 00000; 00000; 00000; 00000; 00000; 00000; 00000; 00000
01352301;JEANS MHC T/36 ;sugerido;; 00008; 00023; 00023; 00028; 00012; 00011; 00000; 00000; 00000; 00105
;
01352302;JEAN MHC T/36  ;Ventas;; 00009; 00009; 00009; 00009; 00006; 00006; 00000; 00000; 00000; 000048
01352302;JEAN MHC T/36  ;Despacho;; 00000; 00000; 00000; 00000; 00000; 00000; 00000; 00000; 00000; 00000
01352302;JEAN MHC T/36  ;saldo;; 00009; 00009; 00009; 00009; 00006; 00006; 00000; 00000; 00000; 00048
01352302;JEAN MHC T/36  ;stock;; 00000; 00000; 00000; 00000; 00000; 00000; 00000; 00000; 00000; 00000
01352302;JEAN MHC T/36  ;corte;; 00000; 00000; 00000; 00000; 00000; 00000; 00000; 00000; 00000; 00000
01352302;JEAN MHC T/36  ;sugerido;; 00009; 00009; 00009; 00009; 00006; 00006; 00000; 00000; 00000; 00048
;
01352400;JEAN MHC T/36  ;Ventas;; 00068; 00109; 00124; 00100; 00060; 00033; 00000; 00000; 00000; 000494
01352400;JEAN MHC T/36  ;Despacho;; 00068; 00110; 00124; 00100; 00069; 00041; 00000; 00000; 00000; 00512
01352400;JEAN MHC T/36  ;saldo;; 00000;-00001; 00000; 00000;-00009;-00008; 00000; 00000; 00000;-00018
01352400;JEAN MHC T/36  ;stock;; 00000; 00000; 00000; 00000; 00000; 00000; 00000; 00000; 00000; 00000
01352400;JEAN MHC T/36  ;corte;; 00020; 00024; 00025; 00023; 00011; 00006; 00000; 00000; 00000; 00109
01352400;JEAN MHC T/36  ;sugerido;;-00020;-00025;-00025;-00023;-00020;-00014; 00000; 00000; 00000;-00127
;
01352499;JEAN MHC T/36  ;Ventas;; 00001; 00000; 00000; 00001; 00001; 00000; 00000; 00000; 00000; 000003
01352499;JEAN MHC T/36  ;Despacho;; 00000; 00000; 00000; 00001; 00001; 00000; 00000; 00000; 00000; 00002
01352499;JEAN MHC T/36  ;saldo;; 00001; 00000; 00000; 00000; 00000; 00000; 00000; 00000; 00000; 00001
01352499;JEAN MHC T/36  ;stock;; 00000; 00000; 00000; 00000; 00000; 00000; 00000; 00000; 00000; 00000
01352499;JEAN MHC T/36  ;corte;; 00000; 00000; 00000; 00000; 00000; 00000; 00000; 00000; 00000; 00000
01352499;JEAN MHC T/36  ;sugerido;; 00001; 00000; 00000; 00000; 00000; 00000; 00000; 00000; 00000; 00001
;
01352500;JEANS MHC T/36 ;Ventas;; 00057; 00084; 00084; 00078; 00034; 00018; 00000; 00000; 00000; 000355
01352500;JEANS MHC T/36 ;Despacho;; 00036; 00052; 00054; 00056; 00035; 00018; 00000; 00000; 00000; 00251
01352500;JEANS MHC T/36 ;saldo;; 00021; 00032; 00030; 00022;-00001; 00000; 00000; 00000; 00000; 00104
01352500;JEANS MHC T/36 ;stock;; 00001; 00001; 00000; 00000; 00000; 00000; 00000; 00000; 00000; 00002
01352500;JEANS MHC T/36 ;corte;; 00000; 00000; 00000; 00000; 00050; 00010; 00000; 00000; 00000; 00060
01352500;JEANS MHC T/36 ;sugerido;; 00020; 00031; 00030; 00022;-00051;-00010; 00000; 00000; 00000; 00042
;
01352600;JEANS MHC T/36 ;Ventas;; 00050; 00084; 00095; 00079; 00048; 00032; 00000; 00000; 00000; 000388
01352600;JEANS MHC T/36 ;Despacho;; 00019; 00035; 00038; 00028; 00020; 00008; 00000; 00000; 00000; 00148
01352600;JEANS MHC T/36 ;saldo;; 00031; 00049; 00057; 00051; 00028; 00024; 00000; 00000; 00000; 00240
01352600;JEANS MHC T/36 ;stock;; 00000; 00001; 00000; 00000; 00000; 00000; 00000; 00000; 00000; 00001
01352600;JEANS MHC T/36 ;corte;; 00000;-00011; 00002; 00000; 00000; 00000; 00000; 00000; 00000;-00009
01352600;JEANS MHC T/36 ;sugerido;; 00031; 00059; 00055; 00051; 00028; 00024; 00000; 00000; 00000; 00248
;
01352601;JEANS MHC T/36 ;Ventas;; 00001; 00006; 00007; 00007; 00003; 00001; 00000; 00000; 00000; 000025
01352601;JEANS MHC T/36 ;Despacho;; 00000; 00000; 00000; 00000; 00000; 00000; 00000; 00000; 00000; 00000
01352601;JEANS MHC T/36 ;saldo;; 00001; 00006; 00007; 00007; 00003; 00001; 00000; 00000; 00000; 00025
01352601;JEANS MHC T/36 ;stock;; 00000; 00000; 00000; 00000; 00000; 00000; 00000; 00000; 00000; 00000
01352601;JEANS MHC T/36 ;corte;; 00000; 00000; 00000; 00000; 00000; 00000; 00000; 00000; 00000; 00000
01352601;JEANS MHC T/36 ;sugerido;; 00001; 00006; 00007; 00007; 00003; 00001; 00000; 00000; 00000; 00025
;
01352700;JEANS MHC T/36 ;Ventas;; 00200; 00341; 00363; 00329; 00218; 00160; 00000; 00000; 00000; 001611
01352700;JEANS MHC T/36 ;Despacho;; 00185; 00321; 00335; 00307; 00196; 00147; 00000; 00000; 00000; 01491
01352700;JEANS MHC T/36 ;saldo;; 00015; 00020; 00028; 00022; 00022; 00013; 00000; 00000; 00000; 00120
01352700;JEANS MHC T/36 ;stock;;-00001; 00000; 00000; 00000; 00000; 00000; 00000; 00000; 00000;-00001
01352700;JEANS MHC T/36 ;corte;; 00060; 00101; 00082; 00089; 00055; 00033; 00000; 00000; 00000; 00420
01352700;JEANS MHC T/36 ;sugerido;;-00044;-00081;-00054;-00067;-00033;-00020; 00000; 00000; 00000;-00299
;
01353100;JEANS MHC /36  ;Ventas;; 00043; 00065; 00067; 00062; 00035; 00021; 00000; 00000; 00000; 000293
01353100;JEANS MHC /36  ;Despacho;; 00030; 00048; 00049; 00044; 00023; 00013; 00000; 00000; 00000; 00207
01353100;JEANS MHC /36  ;saldo;; 00013; 00017; 00018; 00018; 00012; 00008; 00000; 00000; 00000; 00086
01353100;JEANS MHC /36  ;stock;; 00000; 00003; 00000; 00000; 00000; 00000; 00000; 00000; 00000; 00003
01353100;JEANS MHC /36  ;corte;; 00000; 00000; 00000; 00000; 00000; 00000; 00000; 00000; 00000; 00000
01353100;JEANS MHC /36  ;sugerido;; 00013; 00014; 00018; 00018; 00012; 00008; 00000; 00000; 00000; 00083
;
01353101;JEANS MHC /36  ;Ventas;; 00001; 00004; 00004; 00004; 00002; 00001; 00000; 00000; 00000; 000016
01353101;JEANS MHC /36  ;Despacho;; 00000; 00000; 00000; 00000; 00000; 00000; 00000; 00000; 00000; 00000
01353101;JEANS MHC /36  ;saldo;; 00001; 00004; 00004; 00004; 00002; 00001; 00000; 00000; 00000; 00016
01353101;JEANS MHC /36  ;stock;; 00000; 00000; 00000; 00000; 00000; 00000; 00000; 00000; 00000; 00000
01353101;JEANS MHC /36  ;corte;; 00000; 00000; 00000; 00000; 00000; 00000; 00000; 00000; 00000; 00000
01353101;JEANS MHC /36  ;sugerido;; 00001; 00004; 00004; 00004; 00002; 00001; 00000; 00000; 00000; 00016
;
01353300;JEANS MHC T/36 ;Ventas;; 00121; 00203; 00214; 00177; 00106; 00086; 00000; 00000; 00000; 000907
01353300;JEANS MHC T/36 ;Despacho;; 00091; 00161; 00166; 00140; 00089; 00047; 00000; 00000; 00000; 00694
01353300;JEANS MHC T/36 ;saldo;; 00030; 00042; 00048; 00037; 00017; 00039; 00000; 00000; 00000; 00213
01353300;JEANS MHC T/36 ;stock;; 00003; 00004; 00000; 00000; 00000; 00000; 00000; 00000; 00000; 00007
01353300;JEANS MHC T/36 ;corte;; 00000; 00000; 00000; 00000; 00000; 00000; 00000; 00000; 00000; 00000
01353300;JEANS MHC T/36 ;sugerido;; 00027; 00038; 00048; 00037; 00017; 00039; 00000; 00000; 00000; 00206
;
01353301;JEANS MHC T/36 ;Ventas;; 00005; 00009; 00009; 00010; 00006; 00005; 00000; 00000; 00000; 000044
01353301;JEANS MHC T/36 ;Despacho;; 00000; 00000; 00000; 00000; 00000; 00000; 00000; 00000; 00000; 00000
01353301;JEANS MHC T/36 ;saldo;; 00005; 00009; 00009; 00010; 00006; 00005; 00000; 00000; 00000; 00044
01353301;JEANS MHC T/36 ;stock;; 00000; 00000; 00000; 00000; 00000; 00000; 00000; 00000; 00000; 00000
01353301;JEANS MHC T/36 ;corte;; 00000; 00000; 00000; 00000; 00000; 00000; 00000; 00000; 00000; 00000
01353301;JEANS MHC T/36 ;sugerido;; 00005; 00009; 00009; 00010; 00006; 00005; 00000; 00000; 00000; 00044
;
01353500;JEANS MHC T/36 ;Ventas;; 00002; 00003; 00004; 00002; 00000; 00000; 00000; 00000; 00000; 000011
01353500;JEANS MHC T/36 ;Despacho;; 00000; 00000; 00000; 00000; 00000; 00000; 00000; 00000; 00000; 00000
01353500;JEANS MHC T/36 ;saldo;; 00002; 00003; 00004; 00002; 00000; 00000; 00000; 00000; 00000; 00011
01353500;JEANS MHC T/36 ;stock;; 00000; 00000; 00000; 00000; 00000; 00000; 00000; 00000; 00000; 00000
01353500;JEANS MHC T/36 ;corte;; 00000; 00000; 00000; 00000; 00000; 00000; 00000; 00000; 00000; 00000
01353500;JEANS MHC T/36 ;sugerido;; 00002; 00003; 00004; 00002; 00000; 00000; 00000; 00000; 00000; 00011
;
01353600;JEANS MHC T/36 ;Ventas;; 00100; 00174; 00186; 00168; 00108; 00080; 00000; 00000; 00000; 000816
01353600;JEANS MHC T/36 ;Despacho;; 00086; 00155; 00166; 00139; 00094; 00055; 00000; 00000; 00000; 00695
01353600;JEANS MHC T/36 ;saldo;; 00014; 00019; 00020; 00029; 00014; 00025; 00000; 00000; 00000; 00121
01353600;JEANS MHC T/36 ;stock;; 00000; 00001; 00000; 00000; 00000; 00000; 00000; 00000; 00000; 00001
01353600;JEANS MHC T/36 ;corte;; 00000; 00000; 00000; 00000; 00000; 00000; 00000; 00000; 00000; 00000
01353600;JEANS MHC T/36 ;sugerido;; 00014; 00018; 00020; 00029; 00014; 00025; 00000; 00000; 00000; 00120
;
01353700;J MHC CINTURA P;Ventas;; 00076; 00131; 00135; 00118; 00079; 00060; 00000; 00000; 00000; 000599
01353700;J MHC CINTURA P;Despacho;; 00067; 00125; 00133; 00110; 00064; 00036; 00000; 00000; 00000; 00535
01353700;J MHC CINTURA P;saldo;; 00009; 00006; 00002; 00008; 00015; 00024; 00000; 00000; 00000; 00064
01353700;J MHC CINTURA P;stock;; 00000; 00000; 00000; 00000; 00000; 00000; 00000; 00000; 00000; 00000
01353700;J MHC CINTURA P;corte;; 00030; 00070; 00080; 00078; 00030; 00032; 00000; 00000; 00000; 00320
01353700;J MHC CINTURA P;sugerido;;-00021;-00064;-00078;-00070;-00015;-00008; 00000; 00000; 00000;-00256
;
01353800;JEAN MHC T/36  ;Ventas;; 00023; 00045; 00051; 00050; 00036; 00024; 00000; 00000; 00000; 000229
01353800;JEAN MHC T/36  ;Despacho;; 00030; 00057; 00064; 00064; 00045; 00027; 00000; 00000; 00000; 00287
01353800;JEAN MHC T/36  ;saldo;;-00007;-00012;-00013;-00014;-00009;-00003; 00000; 00000; 00000;-00058
01353800;JEAN MHC T/36  ;stock;; 00000; 00000; 00000; 00000; 00000; 00000; 00000; 00000; 00000; 00000
01353800;JEAN MHC T/36  ;corte;; 00000; 00000; 00000; 00000; 00000; 00000; 00000; 00000; 00000; 00000
01353800;JEAN MHC T/36  ;sugerido;;-00007;-00012;-00013;-00014;-00009;-00003; 00000; 00000; 00000;-00058
;
01353801;JEAN MHC T/36  ;Ventas;; 00012; 00017; 00022; 00021; 00017; 00015; 00000; 00000; 00000; 000104
01353801;JEAN MHC T/36  ;Despacho;; 00000; 00000; 00000; 00000; 00000; 00000; 00000; 00000; 00000; 00000
01353801;JEAN MHC T/36  ;saldo;; 00012; 00017; 00022; 00021; 00017; 00015; 00000; 00000; 00000; 00104
01353801;JEAN MHC T/36  ;stock;; 00000; 00000; 00000; 00000; 00000; 00000; 00000; 00000; 00000; 00000
01353801;JEAN MHC T/36  ;corte;; 00000; 00000; 00000; 00000; 00000; 00000; 00000; 00000; 00000; 00000
01353801;JEAN MHC T/36  ;sugerido;; 00012; 00017; 00022; 00021; 00017; 00015; 00000; 00000; 00000; 00104
;
01353899;JEAN MHC T/40  ;Ventas;; 00000; 00000; 00001; 00000; 00000; 00000; 00000; 00000; 00000; 000001
01353899;JEAN MHC T/40  ;Despacho;; 00000; 00000; 00000; 00000; 00000; 00000; 00000; 00000; 00000; 00000
01353899;JEAN MHC T/40  ;saldo;; 00000; 00000; 00001; 00000; 00000; 00000; 00000; 00000; 00000; 00001
01353899;JEAN MHC T/40  ;stock;; 00000; 00000; 00000; 00000; 00000; 00000; 00000; 00000; 00000; 00000
01353899;JEAN MHC T/40  ;corte;; 00000; 00000; 00000; 00000; 00000; 00000; 00000; 00000; 00000; 00000
01353899;JEAN MHC T/40  ;sugerido;; 00000; 00000; 00001; 00000; 00000; 00000; 00000; 00000; 00000; 00001
;
01353900;JMHC CINTURA PA;Ventas;; 00065; 00110; 00116; 00102; 00060; 00044; 00000; 00000; 00000; 000497
01353900;JMHC CINTURA PA;Despacho;; 00044; 00073; 00082; 00062; 00041; 00026; 00000; 00000; 00000; 00328
01353900;JMHC CINTURA PA;saldo;; 00021; 00037; 00034; 00040; 00019; 00018; 00000; 00000; 00000; 00169
01353900;JMHC CINTURA PA;stock;; 00000; 00000; 00000; 00000; 00000; 00000; 00000; 00000; 00000; 00000
01353900;JMHC CINTURA PA;corte;; 00252; 00321; 00139; 00106; 00050; 00030; 00000; 00000; 00000; 00898
01353900;JMHC CINTURA PA;sugerido;;-00231;-00284;-00105;-00066;-00031;-00012; 00000; 00000; 00000;-00729
;
01353999;JEAN MHC T/38  ;Ventas;; 00000; 00002; 00001; 00006; 00002; 00000; 00000; 00000; 00000; 000011
01353999;JEAN MHC T/38  ;Despacho;; 00000; 00004; 00002; 00006; 00002; 00000; 00000; 00000; 00000; 00014
01353999;JEAN MHC T/38  ;saldo;; 00000;-00002;-00001; 00000; 00000; 00000; 00000; 00000; 00000;-00003
01353999;JEAN MHC T/38  ;stock;; 00000; 00000; 00000; 00000; 00000; 00000; 00000; 00000; 00000; 00000
01353999;JEAN MHC T/38  ;corte;; 00000; 00000; 00000; 00000; 00000; 00000; 00000; 00000; 00000; 00000
01353999;JEAN MHC T/38  ;sugerido;; 00000;-00002;-00001; 00000; 00000; 00000; 00000; 00000; 00000;-00003
;
01354000;JEANS MHC T/36 ;Ventas;; 00125; 00209; 00217; 00178; 00103; 00078; 00000; 00000; 00000; 000910
01354000;JEANS MHC T/36 ;Despacho;; 00117; 00200; 00209; 00171; 00100; 00061; 00000; 00000; 00000; 00858
01354000;JEANS MHC T/36 ;saldo;; 00008; 00009; 00008; 00007; 00003; 00017; 00000; 00000; 00000; 00052
01354000;JEANS MHC T/36 ;stock;; 00000; 00001; 00000; 00000; 00001; 00000; 00000; 00000; 00000; 00002
01354000;JEANS MHC T/36 ;corte;; 00000; 00000; 00000; 00000; 00000; 00000; 00000; 00000; 00000; 00000
01354000;JEANS MHC T/36 ;sugerido;; 00008; 00008; 00008; 00007; 00002; 00017; 00000; 00000; 00000; 00050
;
01354200;JEANS MHC T/36 ;Ventas;; 00007; 00008; 00008; 00007; 00006; 00004; 00000; 00000; 00000; 000040
01354200;JEANS MHC T/36 ;Despacho;; 00000; 00000; 00000; 00000; 00000; 00000; 00000; 00000; 00000; 00000
01354200;JEANS MHC T/36 ;saldo;; 00007; 00008; 00008; 00007; 00006; 00004; 00000; 00000; 00000; 00040
01354200;JEANS MHC T/36 ;stock;; 00000; 00000; 00000; 00000; 00000; 00000; 00000; 00000; 00000; 00000
01354200;JEANS MHC T/36 ;corte;; 00000; 00000; 00000; 00000; 00000; 00000; 00000; 00000; 00000; 00000
01354200;JEANS MHC T/36 ;sugerido;; 00007; 00008; 00008; 00007; 00006; 00004; 00000; 00000; 00000; 00040
;
01354400;JEAN  MHC  T/36;Ventas;; 00003; 00004; 00004; 00003; 00002; 00001; 00000; 00000; 00000; 000017
01354400;JEAN  MHC  T/36;Despacho;; 00000; 00000; 00000; 00000; 00000; 00000; 00000; 00000; 00000; 00000
01354400;JEAN  MHC  T/36;saldo;; 00003; 00004; 00004; 00003; 00002; 00001; 00000; 00000; 00000; 00017
01354400;JEAN  MHC  T/36;stock;; 00000; 00000; 00000; 00000; 00000; 00000; 00000; 00000; 00000; 00000
01354400;JEAN  MHC  T/36;corte;; 00000; 00000; 00000; 00000; 00000; 00000; 00000; 00000; 00000; 00000
01354400;JEAN  MHC  T/36;sugerido;; 00003; 00004; 00004; 00003; 00002; 00001; 00000; 00000; 00000; 00017
;
01354500;J MHC CINTUA PI;Ventas;; 00144; 00234; 00244; 00221; 00138; 00101; 00000; 00000; 00000; 001082
01354500;J MHC CINTUA PI;Despacho;; 00099; 00192; 00197; 00159; 00106; 00067; 00000; 00000; 00000; 00820
01354500;J MHC CINTUA PI;saldo;; 00045; 00042; 00047; 00062; 00032; 00034; 00000; 00000; 00000; 00262
01354500;J MHC CINTUA PI;stock;; 00001; 00003; 00000; 00000; 00000; 00000; 00000; 00000; 00000; 00004
01354500;J MHC CINTUA PI;corte;; 00025;-00001; 00000; 00000; 00000; 00000; 00000; 00000; 00000; 00024
01354500;J MHC CINTUA PI;sugerido;; 00019; 00040; 00047; 00062; 00032; 00034; 00000; 00000; 00000; 00234
;
01354580;J MHC CINTUA PI;Ventas;; 00010; 00010; 00010; 00010; 00008; 00008; 00000; 00000; 00000; 000056
01354580;J MHC CINTUA PI;Despacho;; 00001; 00000; 00000; 00000; 00000; 00000; 00000; 00000; 00000; 00001
01354580;J MHC CINTUA PI;saldo;; 00009; 00010; 00010; 00010; 00008; 00008; 00000; 00000; 00000; 00055
01354580;J MHC CINTUA PI;stock;; 00000; 00000; 00000; 00000; 00000; 00000; 00000; 00000; 00000; 00000
01354580;J MHC CINTUA PI;corte;; 00000; 00000; 00000; 00000; 00000; 00000; 00000; 00000; 00000; 00000
01354580;J MHC CINTUA PI;sugerido;; 00009; 00010; 00010; 00010; 00008; 00008; 00000; 00000; 00000; 00055
;
01354600;JEANS MHC T/36 ;Ventas;; 00113; 00165; 00173; 00150; 00092; 00060; 00000; 00000; 00000; 000753
01354600;JEANS MHC T/36 ;Despacho;; 00085; 00141; 00148; 00128; 00079; 00040; 00000; 00000; 00000; 00621
01354600;JEANS MHC T/36 ;saldo;; 00028; 00024; 00025; 00022; 00013; 00020; 00000; 00000; 00000; 00132
01354600;JEANS MHC T/36 ;stock;; 00000; 00004; 00000; 00000; 00000; 00000; 00000; 00000; 00000; 00004
01354600;JEANS MHC T/36 ;corte;; 00000; 00000; 00000; 00000; 00000; 00000; 00000; 00000; 00000; 00000
01354600;JEANS MHC T/36 ;sugerido;; 00028; 00020; 00025; 00022; 00013; 00020; 00000; 00000; 00000; 00128
;
01354700;JEAN MHC T/36  ;Ventas;; 00008; 00016; 00020; 00017; 00009; 00007; 00000; 00000; 00000; 000077
01354700;JEAN MHC T/36  ;Despacho;; 00000; 00000; 00000; 00000; 00000; 00000; 00000; 00000; 00000; 00000
01354700;JEAN MHC T/36  ;saldo;; 00008; 00016; 00020; 00017; 00009; 00007; 00000; 00000; 00000; 00077
01354700;JEAN MHC T/36  ;stock;; 00000; 00001; 00000; 00000; 00000; 00000; 00000; 00000; 00000; 00001
01354700;JEAN MHC T/36  ;corte;; 00000; 00000; 00000; 00000; 00000; 00000; 00000; 00000; 00000; 00000
01354700;JEAN MHC T/36  ;sugerido;; 00008; 00015; 00020; 00017; 00009; 00007; 00000; 00000; 00000; 00076
;
01354800;JEANS MHC T/36 ;Ventas;; 00005; 00008; 00009; 00009; 00007; 00004; 00000; 00000; 00000; 000042
01354800;JEANS MHC T/36 ;Despacho;; 00000; 00000; 00000; 00000; 00000; 00000; 00000; 00000; 00000; 00000
01354800;JEANS MHC T/36 ;saldo;; 00005; 00008; 00009; 00009; 00007; 00004; 00000; 00000; 00000; 00042
01354800;JEANS MHC T/36 ;stock;; 00000; 00003; 00000; 00000; 00000; 00000; 00000; 00000; 00000; 00003
01354800;JEANS MHC T/36 ;corte;; 00000; 00000; 00000; 00000; 00000; 00000; 00000; 00000; 00000; 00000
01354800;JEANS MHC T/36 ;sugerido;; 00005; 00005; 00009; 00009; 00007; 00004; 00000; 00000; 00000; 00039
;
01354900;JEANS MHC T/36 ;Ventas;; 00003; 00000; 00008; 00008; 00007; 00003; 00000; 00000; 00000; 000029
01354900;JEANS MHC T/36 ;Despacho;; 00000; 00000; 00000; 00000; 00000; 00000; 00000; 00000; 00000; 00000
01354900;JEANS MHC T/36 ;saldo;; 00003; 00000; 00008; 00008; 00007; 00003; 00000; 00000; 00000; 00029
01354900;JEANS MHC T/36 ;stock;; 00000; 00000; 00000; 00000; 00000; 00000; 00000; 00000; 00000; 00000
01354900;JEANS MHC T/36 ;corte;; 00000; 00000; 00000; 00000; 00000; 00000; 00000; 00000; 00000; 00000
01354900;JEANS MHC T/36 ;sugerido;; 00003; 00000; 00008; 00008; 00007; 00003; 00000; 00000; 00000; 00029
;
01355000;JEANS MHC T/36 ;Ventas;; 00118; 00214; 00229; 00200; 00136; 00097; 00000; 00000; 00000; 000994
01355000;JEANS MHC T/36 ;Despacho;; 00105; 00195; 00204; 00169; 00117; 00082; 00000; 00000; 00000; 00872
01355000;JEANS MHC T/36 ;saldo;; 00013; 00019; 00025; 00031; 00019; 00015; 00000; 00000; 00000; 00122
01355000;JEANS MHC T/36 ;stock;; 00001; 00000; 00000; 00000; 00000; 00000; 00000; 00000; 00000; 00001
01355000;JEANS MHC T/36 ;corte;; 00000; 00000; 00000; 00000; 00000; 00000; 00000; 00000; 00000; 00000
01355000;JEANS MHC T/36 ;sugerido;; 00012; 00019; 00025; 00031; 00019; 00015; 00000; 00000; 00000; 00121
;
01355100;JEANS MHC T/36 ;Ventas;; 00148; 00251; 00258; 00226; 00141; 00110; 00000; 00000; 00000; 001134
01355100;JEANS MHC T/36 ;Despacho;; 00121; 00210; 00218; 00191; 00119; 00075; 00000; 00000; 00000; 00934
01355100;JEANS MHC T/36 ;saldo;; 00027; 00041; 00040; 00035; 00022; 00035; 00000; 00000; 00000; 00200
01355100;JEANS MHC T/36 ;stock;; 00000; 00000; 00000; 00000; 00000; 00000; 00000; 00000; 00000; 00000
01355100;JEANS MHC T/36 ;corte;; 00053; 00052; 00063; 00056; 00057; 00041; 00000; 00000; 00000; 00322
01355100;JEANS MHC T/36 ;sugerido;;-00026;-00011;-00023;-00021;-00035;-00006; 00000; 00000; 00000;-00122
;
01355180;JEANS MHC T/36 ;Ventas;; 00010; 00010; 00010; 00010; 00008; 00008; 00000; 00000; 00000; 000056
01355180;JEANS MHC T/36 ;Despacho;; 00000; 00000; 00000; 00001; 00000; 00000; 00000; 00000; 00000; 00001
01355180;JEANS MHC T/36 ;saldo;; 00010; 00010; 00010; 00009; 00008; 00008; 00000; 00000; 00000; 00055
01355180;JEANS MHC T/36 ;stock;; 00000; 00000; 00000; 00000; 00000; 00000; 00000; 00000; 00000; 00000
01355180;JEANS MHC T/36 ;corte;; 00000; 00000; 00000; 00000; 00000; 00000; 00000; 00000; 00000; 00000
01355180;JEANS MHC T/36 ;sugerido;; 00010; 00010; 00010; 00009; 00008; 00008; 00000; 00000; 00000; 00055
;
01355300;JEAN MHC T/36  ;Ventas;; 00168; 00265; 00276; 00245; 00147; 00106; 00000; 00000; 00000; 001207
01355300;JEAN MHC T/36  ;Despacho;; 00108; 00174; 00179; 00164; 00084; 00062; 00000; 00000; 00000; 00771
01355300;JEAN MHC T/36  ;saldo;; 00060; 00091; 00097; 00081; 00063; 00044; 00000; 00000; 00000; 00436
01355300;JEAN MHC T/36  ;stock;; 00001; 00001; 00000; 00000; 00000; 00000; 00000; 00000; 00000; 00002
01355300;JEAN MHC T/36  ;corte;; 00117; 00141; 00160; 00124; 00077; 00047; 00000; 00000; 00000; 00666
01355300;JEAN MHC T/36  ;sugerido;;-00058;-00051;-00063;-00043;-00014;-00003; 00000; 00000; 00000;-00232
;
01355301;JEAN MHC T/36  ;Ventas;; 00094; 00137; 00138; 00121; 00076; 00047; 00000; 00000; 00000; 000613
01355301;JEAN MHC T/36  ;Despacho;; 00068; 00093; 00102; 00094; 00053; 00032; 00000; 00000; 00000; 00442
01355301;JEAN MHC T/36  ;saldo;; 00026; 00044; 00036; 00027; 00023; 00015; 00000; 00000; 00000; 00171
01355301;JEAN MHC T/36  ;stock;; 00000; 00001; 00000; 00000; 00000; 00000; 00000; 00000; 00000; 00001
01355301;JEAN MHC T/36  ;corte;; 00000; 00000; 00000; 00000; 00000; 00000; 00000; 00000; 00000; 00000
01355301;JEAN MHC T/36  ;sugerido;; 00026; 00043; 00036; 00027; 00023; 00015; 00000; 00000; 00000; 00170
;
01355380;JEAN MHC T/36  ;Ventas;; 00010; 00010; 00010; 00010; 00008; 00008; 00000; 00000; 00000; 000056
01355380;JEAN MHC T/36  ;Despacho;; 00000; 00000; 00000; 00000; 00001; 00000; 00000; 00000; 00000; 00001
01355380;JEAN MHC T/36  ;saldo;; 00010; 00010; 00010; 00010; 00007; 00008; 00000; 00000; 00000; 00055
01355380;JEAN MHC T/36  ;stock;; 00000; 00000; 00000; 00000; 00000; 00000; 00000; 00000; 00000; 00000
01355380;JEAN MHC T/36  ;corte;; 00000; 00000; 00000; 00000; 00000; 00000; 00000; 00000; 00000; 00000
01355380;JEAN MHC T/36  ;sugerido;; 00010; 00010; 00010; 00010; 00007; 00008; 00000; 00000; 00000; 00055
;
01355400;JEANS MHC T/38 ;Ventas;; 00000; 00002; 00003; 00003; 00003; 00000; 00000; 00000; 00000; 000011
01355400;JEANS MHC T/38 ;Despacho;; 00000; 00000; 00000; 00000; 00000; 00000; 00000; 00000; 00000; 00000
01355400;JEANS MHC T/38 ;saldo;; 00000; 00002; 00003; 00003; 00003; 00000; 00000; 00000; 00000; 00011
01355400;JEANS MHC T/38 ;stock;; 00000; 00001; 00000; 00000; 00000; 00000; 00000; 00000; 00000; 00001
01355400;JEANS MHC T/38 ;corte;; 00000; 00000; 00000; 00000; 00000; 00000; 00000; 00000; 00000; 00000
01355400;JEANS MHC T/38 ;sugerido;; 00000; 00001; 00003; 00003; 00003; 00000; 00000; 00000; 00000; 00010
;
01355600;J MHC CINTURA P;Ventas;; 00049; 00079; 00089; 00082; 00050; 00035; 00000; 00000; 00000; 000384
01355600;J MHC CINTURA P;Despacho;; 00026; 00054; 00056; 00057; 00035; 00023; 00000; 00000; 00000; 00251
01355600;J MHC CINTURA P;saldo;; 00023; 00025; 00033; 00025; 00015; 00012; 00000; 00000; 00000; 00133
01355600;J MHC CINTURA P;stock;; 00000; 00000; 00000; 00000; 00000; 00000; 00000; 00000; 00000; 00000
01355600;J MHC CINTURA P;corte;; 00048; 00064; 00061; 00061; 00063; 00023; 00000; 00000; 00000; 00320
01355600;J MHC CINTURA P;sugerido;;-00025;-00039;-00028;-00036;-00048;-00011; 00000; 00000; 00000;-00187
;
01355700;JEANS MHC T/36 ;Ventas;; 00081; 00131; 00136; 00126; 00075; 00056; 00000; 00000; 00000; 000605
01355700;JEANS MHC T/36 ;Despacho;; 00060; 00119; 00116; 00093; 00042; 00018; 00000; 00000; 00000; 00448
01355700;JEANS MHC T/36 ;saldo;; 00021; 00012; 00020; 00033; 00033; 00038; 00000; 00000; 00000; 00157
01355700;JEANS MHC T/36 ;stock;; 00002; 00000; 00000; 00001; 00000; 00000; 00000; 00000; 00000; 00003
01355700;JEANS MHC T/36 ;corte;; 00000; 00000; 00000; 00000; 00000; 00000; 00000; 00000; 00000; 00000
01355700;JEANS MHC T/36 ;sugerido;; 00019; 00012; 00020; 00032; 00033; 00038; 00000; 00000; 00000; 00154
;
01355702;JEANS MHC T/36 ;Ventas;; 00010; 00010; 00008; 00007; 00005; 00003; 00000; 00000; 00000; 000043
01355702;JEANS MHC T/36 ;Despacho;; 00000; 00000; 00000; 00000; 00000; 00000; 00000; 00000; 00000; 00000
01355702;JEANS MHC T/36 ;saldo;; 00010; 00010; 00008; 00007; 00005; 00003; 00000; 00000; 00000; 00043
01355702;JEANS MHC T/36 ;stock;; 00000; 00000; 00000; 00000; 00000; 00000; 00000; 00000; 00000; 00000
01355702;JEANS MHC T/36 ;corte;; 00000; 00000; 00000; 00000; 00000; 00000; 00000; 00000; 00000; 00000
01355702;JEANS MHC T/36 ;sugerido;; 00010; 00010; 00008; 00007; 00005; 00003; 00000; 00000; 00000; 00043
;
01355780;JEANS MHC T/36 ;Ventas;; 00001; 00000; 00000; 00000; 00000; 00000; 00000; 00000; 00000; 000001
01355780;JEANS MHC T/36 ;Despacho;; 00001; 00000; 00000; 00000; 00000; 00000; 00000; 00000; 00000; 00001
01355780;JEANS MHC T/36 ;saldo;; 00000; 00000; 00000; 00000; 00000; 00000; 00000; 00000; 00000; 00000
01355780;JEANS MHC T/36 ;stock;; 00000; 00000; 00000; 00000; 00000; 00000; 00000; 00000; 00000; 00000
01355780;JEANS MHC T/36 ;corte;; 00000; 00000; 00000; 00000; 00000; 00000; 00000; 00000; 00000; 00000
01355780;JEANS MHC T/36 ;sugerido;; 00000; 00000; 00000; 00000; 00000; 00000; 00000; 00000; 00000; 00000
;
01355800;JEAN MHC  CINTU;Ventas;; 00030; 00046; 00046; 00039; 00015; 00011; 00000; 00000; 00000; 000187
01355800;JEAN MHC  CINTU;Despacho;; 00015; 00018; 00017; 00018; 00009; 00005; 00000; 00000; 00000; 00082
01355800;JEAN MHC  CINTU;saldo;; 00015; 00028; 00029; 00021; 00006; 00006; 00000; 00000; 00000; 00105
01355800;JEAN MHC  CINTU;stock;; 00000; 00000; 00000; 00000; 00000; 00000; 00000; 00000; 00000; 00000
01355800;JEAN MHC  CINTU;corte;; 00008; 00077; 00083; 00074; 00038; 00021; 00000; 00000; 00000; 00301
01355800;JEAN MHC  CINTU;sugerido;; 00007;-00049;-00054;-00053;-00032;-00015; 00000; 00000; 00000;-00196
;
01355804;JNS  MHC T/36 C;Ventas;; 00034; 00051; 00054; 00039; 00018; 00010; 00000; 00000; 00000; 000206
01355804;JNS  MHC T/36 C;Despacho;; 00024; 00042; 00041; 00031; 00012; 00007; 00000; 00000; 00000; 00157
01355804;JNS  MHC T/36 C;saldo;; 00010; 00009; 00013; 00008; 00006; 00003; 00000; 00000; 00000; 00049
01355804;JNS  MHC T/36 C;stock;; 00000; 00000; 00000; 00000; 00000; 00000; 00000; 00000; 00000; 00000
01355804;JNS  MHC T/36 C;corte;; 00000; 00000; 00000; 00000; 00000; 00000; 00000; 00000; 00000; 00000
01355804;JNS  MHC T/36 C;sugerido;; 00010; 00009; 00013; 00008; 00006; 00003; 00000; 00000; 00000; 00049
;
01355806;JNS  MHC T/36  ;Ventas;; 00019; 00028; 00028; 00021; 00011; 00006; 00000; 00000; 00000; 000113
01355806;JNS  MHC T/36  ;Despacho;; 00018; 00026; 00025; 00018; 00012; 00004; 00000; 00000; 00000; 00103
01355806;JNS  MHC T/36  ;saldo;; 00001; 00002; 00003; 00003;-00001; 00002; 00000; 00000; 00000; 00010
01355806;JNS  MHC T/36  ;stock;; 00000; 00000; 00000; 00000; 00000; 00000; 00000; 00000; 00000; 00000
01355806;JNS  MHC T/36  ;corte;; 00000; 00000; 00000; 00000; 00000; 00000; 00000; 00000; 00000; 00000
01355806;JNS  MHC T/36  ;sugerido;; 00001; 00002; 00003; 00003;-00001; 00002; 00000; 00000; 00000; 00010
;
01355809;JN   MHC T/36 V;Ventas;; 00041; 00058; 00062; 00052; 00026; 00017; 00000; 00000; 00000; 000256
01355809;JN   MHC T/36 V;Despacho;; 00039; 00051; 00047; 00038; 00022; 00010; 00000; 00000; 00000; 00207
01355809;JN   MHC T/36 V;saldo;; 00002; 00007; 00015; 00014; 00004; 00007; 00000; 00000; 00000; 00049
01355809;JN   MHC T/36 V;stock;; 00000; 00000; 00000; 00000; 00000; 00000; 00000; 00000; 00000; 00000
01355809;JN   MHC T/36 V;corte;; 00000; 00000; 00000; 00000; 00000; 00000; 00000; 00000; 00000; 00000
01355809;JN   MHC T/36 V;sugerido;; 00002; 00007; 00015; 00014; 00004; 00007; 00000; 00000; 00000; 00049
;
01355838;JN   MHC T/36  ;Ventas;; 00006; 00007; 00005; 00004; 00001; 00000; 00000; 00000; 00000; 000023
01355838;JN   MHC T/36  ;Despacho;; 00000; 00000; 00000; 00000; 00000; 00000; 00000; 00000; 00000; 00000
01355838;JN   MHC T/36  ;saldo;; 00006; 00007; 00005; 00004; 00001; 00000; 00000; 00000; 00000; 00023
01355838;JN   MHC T/36  ;stock;; 00000; 00000; 00000; 00000; 00000; 00000; 00000; 00000; 00000; 00000
01355838;JN   MHC T/36  ;corte;; 00000; 00000; 00000; 00000; 00000; 00000; 00000; 00000; 00000; 00000
01355838;JN   MHC T/36  ;sugerido;; 00006; 00007; 00005; 00004; 00001; 00000; 00000; 00000; 00000; 00023
;
01355872;JNS  MHC T/36 V;Ventas;; 00027; 00037; 00036; 00030; 00017; 00008; 00000; 00000; 00000; 000155
01355872;JNS  MHC T/36 V;Despacho;; 00021; 00029; 00028; 00023; 00012; 00005; 00000; 00000; 00000; 00118
01355872;JNS  MHC T/36 V;saldo;; 00006; 00008; 00008; 00007; 00005; 00003; 00000; 00000; 00000; 00037
01355872;JNS  MHC T/36 V;stock;; 00000; 00000; 00000; 00000; 00000; 00000; 00000; 00000; 00000; 00000
01355872;JNS  MHC T/36 V;corte;; 00000; 00000; 00000; 00000; 00000; 00000; 00000; 00000; 00000; 00000
01355872;JNS  MHC T/36 V;sugerido;; 00006; 00008; 00008; 00007; 00005; 00003; 00000; 00000; 00000; 00037
;
01355900;JNS MHC T/36 BL;Ventas;; 00024; 00039; 00039; 00032; 00011; 00010; 00000; 00000; 00000; 000155
01355900;JNS MHC T/36 BL;Despacho;; 00014; 00022; 00022; 00019; 00008; 00007; 00000; 00000; 00000; 00092
01355900;JNS MHC T/36 BL;saldo;; 00010; 00017; 00017; 00013; 00003; 00003; 00000; 00000; 00000; 00063
01355900;JNS MHC T/36 BL;stock;; 00000; 00000; 00001; 00000; 00000; 00000; 00000; 00000; 00000; 00001
01355900;JNS MHC T/36 BL;corte;; 00093; 00206; 00158; 00138; 00075; 00053; 00000; 00000; 00000; 00723
01355900;JNS MHC T/36 BL;sugerido;;-00083;-00189;-00142;-00125;-00072;-00050; 00000; 00000; 00000;-00661
;
01355904;JNS   MHC T/36 ;Ventas;; 00048; 00067; 00068; 00056; 00030; 00011; 00000; 00000; 00000; 000280
01355904;JNS   MHC T/36 ;Despacho;; 00041; 00057; 00058; 00051; 00024; 00009; 00000; 00000; 00000; 00240
01355904;JNS   MHC T/36 ;saldo;; 00007; 00010; 00010; 00005; 00006; 00002; 00000; 00000; 00000; 00040
01355904;JNS   MHC T/36 ;stock;; 00000; 00000; 00000; 00000; 00000; 00000; 00000; 00000; 00000; 00000
01355904;JNS   MHC T/36 ;corte;; 00000; 00000; 00000; 00000; 00000; 00000; 00000; 00000; 00000; 00000
01355904;JNS   MHC T/36 ;sugerido;; 00007; 00010; 00010; 00005; 00006; 00002; 00000; 00000; 00000; 00040
;
01355906;JNS MHC T/36 BE;Ventas;; 00027; 00033; 00032; 00027; 00020; 00013; 00000; 00000; 00000; 000152
01355906;JNS MHC T/36 BE;Despacho;; 00012; 00013; 00014; 00013; 00009; 00006; 00000; 00000; 00000; 00067
01355906;JNS MHC T/36 BE;saldo;; 00015; 00020; 00018; 00014; 00011; 00007; 00000; 00000; 00000; 00085
01355906;JNS MHC T/36 BE;stock;; 00000; 00001; 00000; 00000; 00000; 00000; 00000; 00000; 00000; 00001
01355906;JNS MHC T/36 BE;corte;; 00000; 00000; 00000; 00000; 00000; 00000; 00000; 00000; 00000; 00000
01355906;JNS MHC T/36 BE;sugerido;; 00015; 00019; 00018; 00014; 00011; 00007; 00000; 00000; 00000; 00084
;
01355909;JNS   MHC T/36 ;Ventas;; 00051; 00071; 00074; 00066; 00042; 00026; 00000; 00000; 00000; 000330
01355909;JNS   MHC T/36 ;Despacho;; 00043; 00064; 00064; 00057; 00032; 00018; 00000; 00000; 00000; 00278
01355909;JNS   MHC T/36 ;saldo;; 00008; 00007; 00010; 00009; 00010; 00008; 00000; 00000; 00000; 00052
01355909;JNS   MHC T/36 ;stock;; 00000; 00001; 00000; 00000; 00000; 00000; 00000; 00000; 00000; 00001
01355909;JNS   MHC T/36 ;corte;; 00000; 00000; 00000; 00000; 00000; 00000; 00000; 00000; 00000; 00000
01355909;JNS   MHC T/36 ;sugerido;; 00008; 00006; 00010; 00009; 00010; 00008; 00000; 00000; 00000; 00051
;
01355938;JNS MHC T/36 OS;Ventas;; 00019; 00023; 00021; 00024; 00011; 00004; 00000; 00000; 00000; 000102
01355938;JNS MHC T/36 OS;Despacho;; 00008; 00011; 00009; 00012; 00005; 00002; 00000; 00000; 00000; 00047
01355938;JNS MHC T/36 OS;saldo;; 00011; 00012; 00012; 00012; 00006; 00002; 00000; 00000; 00000; 00055
01355938;JNS MHC T/36 OS;stock;; 00000; 00000; 00000; 00000; 00000; 00000; 00000; 00000; 00000; 00000
01355938;JNS MHC T/36 OS;corte;; 00000; 00000; 00000; 00000; 00000; 00000; 00000; 00000; 00000; 00000
01355938;JNS MHC T/36 OS;sugerido;; 00011; 00012; 00012; 00012; 00006; 00002; 00000; 00000; 00000; 00055
;
01355972;JNS   MHC T/36 ;Ventas;; 00010; 00013; 00013; 00012; 00007; 00004; 00000; 00000; 00000; 000059
01355972;JNS   MHC T/36 ;Despacho;; 00000; 00000; 00000; 00000; 00000; 00000; 00000; 00000; 00000; 00000
01355972;JNS   MHC T/36 ;saldo;; 00010; 00013; 00013; 00012; 00007; 00004; 00000; 00000; 00000; 00059
01355972;JNS   MHC T/36 ;stock;; 00000; 00001; 00000; 00000; 00000; 00000; 00000; 00000; 00000; 00001
01355972;JNS   MHC T/36 ;corte;; 00000; 00000; 00000; 00000; 00000; 00000; 00000; 00000; 00000; 00000
01355972;JNS   MHC T/36 ;sugerido;; 00010; 00012; 00013; 00012; 00007; 00004; 00000; 00000; 00000; 00058
;
01356000;JEAN MHC T/36  ;Ventas;; 00002; 00006; 00007; 00007; 00005; 00003; 00000; 00000; 00000; 000030
01356000;JEAN MHC T/36  ;Despacho;; 00000; 00000; 00000; 00000; 00000; 00000; 00000; 00000; 00000; 00000
01356000;JEAN MHC T/36  ;saldo;; 00002; 00006; 00007; 00007; 00005; 00003; 00000; 00000; 00000; 00030
01356000;JEAN MHC T/36  ;stock;; 00000; 00001; 00000; 00000; 00000; 00000; 00000; 00000; 00000; 00001
01356000;JEAN MHC T/36  ;corte;; 00000; 00000; 00000; 00000; 00000; 00000; 00000; 00000; 00000; 00000
01356000;JEAN MHC T/36  ;sugerido;; 00002; 00005; 00007; 00007; 00005; 00003; 00000; 00000; 00000; 00029
;
01356100;J MHC CINTURA T;Ventas;; 00009; 00015; 00015; 00013; 00008; 00007; 00000; 00000; 00000; 000067
01356100;J MHC CINTURA T;Despacho;; 00000; 00000; 00000; 00000; 00000; 00000; 00000; 00000; 00000; 00000
01356100;J MHC CINTURA T;saldo;; 00009; 00015; 00015; 00013; 00008; 00007; 00000; 00000; 00000; 00067
01356100;J MHC CINTURA T;stock;; 00000; 00000; 00000; 00000; 00000; 00000; 00000; 00000; 00000; 00000
01356100;J MHC CINTURA T;corte;; 00000; 00000; 00000; 00000; 00000; 00000; 00000; 00000; 00000; 00000
01356100;J MHC CINTURA T;sugerido;; 00009; 00015; 00015; 00013; 00008; 00007; 00000; 00000; 00000; 00067
;
01356500;J MHC CINTURA F;Ventas;; 00043; 00067; 00068; 00059; 00028; 00017; 00000; 00000; 00000; 000282
01356500;J MHC CINTURA F;Despacho;; 00035; 00044; 00050; 00042; 00023; 00009; 00000; 00000; 00000; 00203
01356500;J MHC CINTURA F;saldo;; 00008; 00023; 00018; 00017; 00005; 00008; 00000; 00000; 00000; 00079
01356500;J MHC CINTURA F;stock;; 00000; 00000; 00000; 00000; 00000; 00000; 00000; 00000; 00000; 00000
01356500;J MHC CINTURA F;corte;; 00022; 00023; 00036; 00038; 00042; 00010; 00000; 00000; 00000; 00171
01356500;J MHC CINTURA F;sugerido;;-00014; 00000;-00018;-00021;-00037;-00002; 00000; 00000; 00000;-00092
;
01356599;JEAM MHC T/36  ;Ventas;; 00003; 00001; 00001; 00003; 00000; 00000; 00000; 00000; 00000; 000008
01356599;JEAM MHC T/36  ;Despacho;; 00000; 00003; 00001; 00001; 00000; 00000; 00000; 00000; 00000; 00005
01356599;JEAM MHC T/36  ;saldo;; 00003;-00002; 00000; 00002; 00000; 00000; 00000; 00000; 00000; 00003
01356599;JEAM MHC T/36  ;stock;; 00000; 00000; 00000; 00000; 00000; 00000; 00000; 00000; 00000; 00000
01356599;JEAM MHC T/36  ;corte;; 00000; 00000; 00000; 00000; 00000; 00000; 00000; 00000; 00000; 00000
01356599;JEAM MHC T/36  ;sugerido;; 00003;-00002; 00000; 00002; 00000; 00000; 00000; 00000; 00000; 00003
;
01356600;J  MHC T/36 GRI;Ventas;; 00015; 00023; 00022; 00014; 00006; 00003; 00000; 00000; 00000; 000083
01356600;J  MHC T/36 GRI;Despacho;; 00002; 00002; 00002; 00001; 00001; 00000; 00000; 00000; 00000; 00008
01356600;J  MHC T/36 GRI;saldo;; 00013; 00021; 00020; 00013; 00005; 00003; 00000; 00000; 00000; 00075
01356600;J  MHC T/36 GRI;stock;; 00000; 00002; 00000; 00000; 00000; 00000; 00000; 00000; 00000; 00002
01356600;J  MHC T/36 GRI;corte;; 00086; 00159; 00151; 00123; 00093; 00051; 00000; 00000; 00000; 00663
01356600;J  MHC T/36 GRI;sugerido;;-00073;-00140;-00131;-00110;-00088;-00048; 00000; 00000; 00000;-00590
;
01356601;JEANS  MHC T/36;Ventas;; 00006; 00010; 00008; 00005; 00003; 00001; 00000; 00000; 00000; 000033
01356601;JEANS  MHC T/36;Despacho;; 00000; 00000; 00000; 00000; 00000; 00000; 00000; 00000; 00000; 00000
01356601;JEANS  MHC T/36;saldo;; 00006; 00010; 00008; 00005; 00003; 00001; 00000; 00000; 00000; 00033
01356601;JEANS  MHC T/36;stock;; 00000; 00000; 00000; 00000; 00000; 00000; 00000; 00000; 00000; 00000
01356601;JEANS  MHC T/36;corte;; 00000; 00000; 00000; 00000; 00000; 00000; 00000; 00000; 00000; 00000
01356601;JEANS  MHC T/36;sugerido;; 00006; 00010; 00008; 00005; 00003; 00001; 00000; 00000; 00000; 00033
;
01357000;JEAN MHC T/36  ;Ventas;; 00016; 00023; 00024; 00020; 00012; 00005; 00000; 00000; 00000; 000100
01357000;JEAN MHC T/36  ;Despacho;; 00014; 00020; 00020; 00018; 00011; 00005; 00000; 00000; 00000; 00088
01357000;JEAN MHC T/36  ;saldo;; 00002; 00003; 00004; 00002; 00001; 00000; 00000; 00000; 00000; 00012
01357000;JEAN MHC T/36  ;stock;; 00000; 00000; 00000; 00000; 00000; 00000; 00000; 00000; 00000; 00000
01357000;JEAN MHC T/36  ;corte;; 00000; 00000; 00000; 00000; 00000; 00000; 00000; 00000; 00000; 00000
01357000;JEAN MHC T/36  ;sugerido;; 00002; 00003; 00004; 00002; 00001; 00000; 00000; 00000; 00000; 00012
;
01360100;JEAN  MHC T/36 ;Ventas;; 00066; 00110; 00108; 00101; 00077; 00049; 00000; 00000; 00000; 000511
01360100;JEAN  MHC T/36 ;Despacho;; 00039; 00071; 00066; 00065; 00056; 00040; 00000; 00000; 00000; 00337
01360100;JEAN  MHC T/36 ;saldo;; 00027; 00039; 00042; 00036; 00021; 00009; 00000; 00000; 00000; 00174
01360100;JEAN  MHC T/36 ;stock;; 00001; 00002; 00000; 00000; 00000; 00000; 00000; 00000; 00000; 00003
01360100;JEAN  MHC T/36 ;corte;; 00043; 00103; 00104; 00107; 00069; 00035; 00000; 00000; 00000; 00461
01360100;JEAN  MHC T/36 ;sugerido;;-00017;-00066;-00062;-00071;-00048;-00026; 00000; 00000; 00000;-00290
;
01360200;JEAN MHC  T/36 ;Ventas;; 00060; 00100; 00107; 00108; 00084; 00052; 00000; 00000; 00000; 000511
01360200;JEAN MHC  T/36 ;Despacho;; 00052; 00081; 00086; 00093; 00071; 00040; 00000; 00000; 00000; 00423
01360200;JEAN MHC  T/36 ;saldo;; 00008; 00019; 00021; 00015; 00013; 00012; 00000; 00000; 00000; 00088
01360200;JEAN MHC  T/36 ;stock;; 00009; 00003; 00000; 00000; 00000; 00000; 00000; 00000; 00000; 00012
01360200;JEAN MHC  T/36 ;corte;; 00070; 00038; 00049; 00020; 00021; 00000; 00000; 00000; 00000; 00198
01360200;JEAN MHC  T/36 ;sugerido;;-00071;-00022;-00028;-00005;-00008; 00012; 00000; 00000; 00000;-00122
;
01360800;JEAN MHC T/36  ;Ventas;; 00080; 00119; 00130; 00125; 00073; 00055; 00000; 00000; 00000; 000582
01360800;JEAN MHC T/36  ;Despacho;; 00059; 00102; 00100; 00099; 00061; 00035; 00000; 00000; 00000; 00456
01360800;JEAN MHC T/36  ;saldo;; 00021; 00017; 00030; 00026; 00012; 00020; 00000; 00000; 00000; 00126
01360800;JEAN MHC T/36  ;stock;; 00000; 00001; 00001; 00000; 00000; 00000; 00000; 00000; 00000; 00002
01360800;JEAN MHC T/36  ;corte;; 00000; 00001; 00001; 00001; 00000; 00001; 00000; 00000; 00000; 00004
01360800;JEAN MHC T/36  ;sugerido;; 00021; 00015; 00028; 00025; 00012; 00019; 00000; 00000; 00000; 00120
;
01360880;JEAN MHC T/36  ;Ventas;; 00010; 00010; 00010; 00010; 00008; 00008; 00000; 00000; 00000; 000056
01360880;JEAN MHC T/36  ;Despacho;; 00002; 00000; 00000; 00000; 00000; 00000; 00000; 00000; 00000; 00002
01360880;JEAN MHC T/36  ;saldo;; 00008; 00010; 00010; 00010; 00008; 00008; 00000; 00000; 00000; 00054
01360880;JEAN MHC T/36  ;stock;; 00000; 00000; 00000; 00000; 00000; 00000; 00000; 00000; 00000; 00000
01360880;JEAN MHC T/36  ;corte;; 00000; 00000; 00000; 00000; 00000; 00000; 00000; 00000; 00000; 00000
01360880;JEAN MHC T/36  ;sugerido;; 00008; 00010; 00010; 00010; 00008; 00008; 00000; 00000; 00000; 00054
;
01361300;JNS MHC MP T/36;Ventas;; 00075; 00116; 00121; 00109; 00073; 00044; 00000; 00000; 00000; 000538
01361300;JNS MHC MP T/36;Despacho;; 00040; 00064; 00073; 00080; 00058; 00030; 00000; 00000; 00000; 00345
01361300;JNS MHC MP T/36;saldo;; 00035; 00052; 00048; 00029; 00015; 00014; 00000; 00000; 00000; 00193
01361300;JNS MHC MP T/36;stock;; 00001; 00003; 00000; 00000; 00000; 00000; 00000; 00000; 00000; 00004
01361300;JNS MHC MP T/36;corte;; 00002; 00003; 00000; 00000; 00000; 00000; 00000; 00000; 00000; 00005
01361300;JNS MHC MP T/36;sugerido;; 00032; 00046; 00048; 00029; 00015; 00014; 00000; 00000; 00000; 00184
;
01361400;JEAN MHC T/36  ;Ventas;; 00058; 00103; 00115; 00106; 00063; 00050; 00000; 00000; 00000; 000495
01361400;JEAN MHC T/36  ;Despacho;; 00046; 00071; 00063; 00061; 00036; 00027; 00000; 00000; 00000; 00304
01361400;JEAN MHC T/36  ;saldo;; 00012; 00032; 00052; 00045; 00027; 00023; 00000; 00000; 00000; 00191
01361400;JEAN MHC T/36  ;stock;; 00002; 00003; 00000; 00000; 00000; 00000; 00000; 00000; 00000; 00005
01361400;JEAN MHC T/36  ;corte;; 00024; 00053; 00079; 00063; 00039; 00039; 00000; 00000; 00000; 00297
01361400;JEAN MHC T/36  ;sugerido;;-00014;-00024;-00027;-00018;-00012;-00016; 00000; 00000; 00000;-00111
;
01362300;J MHC CINTURA P;Ventas;; 00044; 00068; 00072; 00066; 00046; 00027; 00000; 00000; 00000; 000323
01362300;J MHC CINTURA P;Despacho;; 00034; 00062; 00061; 00062; 00045; 00030; 00000; 00000; 00000; 00294
01362300;J MHC CINTURA P;saldo;; 00010; 00006; 00011; 00004; 00001;-00003; 00000; 00000; 00000; 00029
01362300;J MHC CINTURA P;stock;; 00004; 00002; 00000; 00000; 00000; 00000; 00000; 00000; 00000; 00006
01362300;J MHC CINTURA P;corte;; 00054; 00061; 00036; 00036; 00054; 00033; 00000; 00000; 00000; 00274
01362300;J MHC CINTURA P;sugerido;;-00048;-00057;-00025;-00032;-00053;-00036; 00000; 00000; 00000;-00251
;
01362301;JEAN MHC T/36  ;Ventas;; 00028; 00041; 00049; 00049; 00032; 00016; 00000; 00000; 00000; 000215
01362301;JEAN MHC T/36  ;Despacho;; 00019; 00026; 00034; 00036; 00025; 00011; 00000; 00000; 00000; 00151
01362301;JEAN MHC T/36  ;saldo;; 00009; 00015; 00015; 00013; 00007; 00005; 00000; 00000; 00000; 00064
01362301;JEAN MHC T/36  ;stock;; 00000; 00000; 00000; 00000; 00000; 00000; 00000; 00000; 00000; 00000
01362301;JEAN MHC T/36  ;corte;; 00000; 00000; 00000; 00000; 00000; 00000; 00000; 00000; 00000; 00000
01362301;JEAN MHC T/36  ;sugerido;; 00009; 00015; 00015; 00013; 00007; 00005; 00000; 00000; 00000; 00064
;
01362302;JEANS DOBLE REL;Ventas;; 00001; 00002; 00003; 00003; 00002; 00001; 00000; 00000; 00000; 000012
01362302;JEANS DOBLE REL;Despacho;; 00000; 00000; 00000; 00000; 00000; 00000; 00000; 00000; 00000; 00000
01362302;JEANS DOBLE REL;saldo;; 00001; 00002; 00003; 00003; 00002; 00001; 00000; 00000; 00000; 00012
01362302;JEANS DOBLE REL;stock;; 00000; 00000; 00000; 00000; 00000; 00000; 00000; 00000; 00000; 00000
01362302;JEANS DOBLE REL;corte;; 00000; 00000; 00000; 00000; 00000; 00000; 00000; 00000; 00000; 00000
01362302;JEANS DOBLE REL;sugerido;; 00001; 00002; 00003; 00003; 00002; 00001; 00000; 00000; 00000; 00012
;
01362700;JEAN MHC CINTUR;Ventas;; 00026; 00043; 00050; 00040; 00032; 00017; 00000; 00000; 00000; 000208
01362700;JEAN MHC CINTUR;Despacho;; 00016; 00023; 00028; 00023; 00010; 00005; 00000; 00000; 00000; 00105
01362700;JEAN MHC CINTUR;saldo;; 00010; 00020; 00022; 00017; 00022; 00012; 00000; 00000; 00000; 00103
01362700;JEAN MHC CINTUR;stock;; 00005; 00000; 00000;-00001; 00001; 00001; 00000; 00000; 00000; 00006
01362700;JEAN MHC CINTUR;corte;; 00008; 00000; 00000;-00001; 00002;-00001; 00000; 00000; 00000; 00008
01362700;JEAN MHC CINTUR;sugerido;;-00003; 00020; 00022; 00019; 00019; 00012; 00000; 00000; 00000; 00089
;
01362800;JEAN MHC T/36  ;Ventas;; 00073; 00104; 00109; 00099; 00062; 00043; 00000; 00000; 00000; 000490
01362800;JEAN MHC T/36  ;Despacho;; 00069; 00064; 00072; 00063; 00037; 00023; 00000; 00000; 00000; 00328
01362800;JEAN MHC T/36  ;saldo;; 00004; 00040; 00037; 00036; 00025; 00020; 00000; 00000; 00000; 00162
01362800;JEAN MHC T/36  ;stock;; 00011; 00015; 00000; 00005; 00001; 00000; 00000; 00000; 00000; 00032
01362800;JEAN MHC T/36  ;corte;; 00000; 00000; 00000; 00000; 00000; 00000; 00000; 00000; 00000; 00000
01362800;JEAN MHC T/36  ;sugerido;;-00007; 00025; 00037; 00031; 00024; 00020; 00000; 00000; 00000; 00130
;
01362801;JEAN MHC T/36  ;Ventas;; 00045; 00063; 00067; 00060; 00030; 00023; 00000; 00000; 00000; 000288
01362801;JEAN MHC T/36  ;Despacho;; 00019; 00030; 00035; 00028; 00014; 00010; 00000; 00000; 00000; 00136
01362801;JEAN MHC T/36  ;saldo;; 00026; 00033; 00032; 00032; 00016; 00013; 00000; 00000; 00000; 00152
01362801;JEAN MHC T/36  ;stock;; 00008; 00004; 00004; 00005; 00002; 00001; 00000; 00000; 00000; 00024
01362801;JEAN MHC T/36  ;corte;; 00000; 00000; 00000; 00000; 00000; 00000; 00000; 00000; 00000; 00000
01362801;JEAN MHC T/36  ;sugerido;; 00018; 00029; 00028; 00027; 00014; 00012; 00000; 00000; 00000; 00128
;
01362900;JEAN MHC T/36  ;Ventas;; 00054; 00086; 00103; 00087; 00055; 00033; 00000; 00000; 00000; 000418
01362900;JEAN MHC T/36  ;Despacho;; 00055; 00078; 00086; 00076; 00046; 00029; 00000; 00000; 00000; 00370
01362900;JEAN MHC T/36  ;saldo;;-00001; 00008; 00017; 00011; 00009; 00004; 00000; 00000; 00000; 00048
01362900;JEAN MHC T/36  ;stock;; 00002; 00002; 00000; 00000; 00000; 00000; 00000; 00000; 00000; 00004
01362900;JEAN MHC T/36  ;corte;; 00073; 00104; 00110; 00111; 00056; 00041; 00000; 00000; 00000; 00495
01362900;JEAN MHC T/36  ;sugerido;;-00076;-00098;-00093;-00100;-00047;-00037; 00000; 00000; 00000;-00451
;
01363000;JEAN MHC T/36 C;Ventas;; 00050; 00078; 00082; 00075; 00040; 00031; 00000; 00000; 00000; 000356
01363000;JEAN MHC T/36 C;Despacho;; 00021; 00027; 00032; 00032; 00016; 00011; 00000; 00000; 00000; 00139
01363000;JEAN MHC T/36 C;saldo;; 00029; 00051; 00050; 00043; 00024; 00020; 00000; 00000; 00000; 00217
01363000;JEAN MHC T/36 C;stock;; 00003; 00008; 00000; 00001; 00000; 00001; 00000; 00000; 00000; 00013
01363000;JEAN MHC T/36 C;corte;; 00000; 00000; 00000; 00000; 00000; 00000; 00000; 00000; 00000; 00000
01363000;JEAN MHC T/36 C;sugerido;; 00026; 00043; 00050; 00042; 00024; 00019; 00000; 00000; 00000; 00204
;
01363001;JEAN MHC T/36 C;Ventas;; 00039; 00061; 00060; 00052; 00025; 00020; 00000; 00000; 00000; 000257
01363001;JEAN MHC T/36 C;Despacho;; 00031; 00033; 00044; 00025; 00028; 00013; 00000; 00000; 00000; 00174
01363001;JEAN MHC T/36 C;saldo;; 00008; 00028; 00016; 00027;-00003; 00007; 00000; 00000; 00000; 00083
01363001;JEAN MHC T/36 C;stock;; 00003; 00005; 00000; 00000; 00000; 00000; 00000; 00000; 00000; 00008
01363001;JEAN MHC T/36 C;corte;; 00000; 00000; 00000; 00000; 00000; 00000; 00000; 00000; 00000; 00000
01363001;JEAN MHC T/36 C;sugerido;; 00005; 00023; 00016; 00027;-00003; 00007; 00000; 00000; 00000; 00075
;
01363300;JEAN MHC T/36 C;Ventas;; 00006; 00010; 00015; 00014; 00010; 00007; 00000; 00000; 00000; 000062
01363300;JEAN MHC T/36 C;Despacho;; 00000; 00000; 00000; 00000; 00000; 00000; 00000; 00000; 00000; 00000
01363300;JEAN MHC T/36 C;saldo;; 00006; 00010; 00015; 00014; 00010; 00007; 00000; 00000; 00000; 00062
01363300;JEAN MHC T/36 C;stock;; 00008; 00003; 00000; 00000; 00000; 00000; 00000; 00000; 00000; 00011
01363300;JEAN MHC T/36 C;corte;; 00000; 00000; 00000; 00000; 00000; 00000; 00000; 00000; 00000; 00000
01363300;JEAN MHC T/36 C;sugerido;;-00002; 00007; 00015; 00014; 00010; 00007; 00000; 00000; 00000; 00051
;
01363500;JEAN MHC T/36 C;Ventas;; 00044; 00073; 00079; 00067; 00034; 00026; 00000; 00000; 00000; 000323
01363500;JEAN MHC T/36 C;Despacho;; 00033; 00048; 00039; 00034; 00016; 00011; 00000; 00000; 00000; 00181
01363500;JEAN MHC T/36 C;saldo;; 00011; 00025; 00040; 00033; 00018; 00015; 00000; 00000; 00000; 00142
01363500;JEAN MHC T/36 C;stock;; 00003; 00003; 00000; 00000; 00000; 00000; 00000; 00000; 00000; 00006
01363500;JEAN MHC T/36 C;corte;; 00000; 00000; 00000; 00000; 00000; 00000; 00000; 00000; 00000; 00000
01363500;JEAN MHC T/36 C;sugerido;; 00008; 00022; 00040; 00033; 00018; 00015; 00000; 00000; 00000; 00136
;
01363600;J MHC CINTURA T;Ventas;; 00050; 00086; 00092; 00093; 00063; 00049; 00000; 00000; 00000; 000433
01363600;J MHC CINTURA T;Despacho;; 00037; 00070; 00074; 00069; 00046; 00036; 00000; 00000; 00000; 00332
01363600;J MHC CINTURA T;saldo;; 00013; 00016; 00018; 00024; 00017; 00013; 00000; 00000; 00000; 00101
01363600;J MHC CINTURA T;stock;; 00009; 00005; 00001; 00000; 00009; 00009; 00000; 00000; 00000; 00033
01363600;J MHC CINTURA T;corte;; 00054; 00036; 00044; 00041; 00029; 00023; 00000; 00000; 00000; 00227
01363600;J MHC CINTURA T;sugerido;;-00050;-00025;-00027;-00017;-00021;-00019; 00000; 00000; 00000;-00159
;
01363700;JEAM MHC T/36  ;Ventas;; 00015; 00021; 00025; 00023; 00016; 00015; 00000; 00000; 00000; 000115
01363700;JEAM MHC T/36  ;Despacho;; 00000; 00000; 00000; 00001; 00001; 00000; 00000; 00000; 00000; 00002
01363700;JEAM MHC T/36  ;saldo;; 00015; 00021; 00025; 00022; 00015; 00015; 00000; 00000; 00000; 00113
01363700;JEAM MHC T/36  ;stock;; 00001; 00000; 00000; 00000; 00000; 00000; 00000; 00000; 00000; 00001
01363700;JEAM MHC T/36  ;corte;; 00000; 00000; 00000; 00000; 00000; 00000; 00000; 00000; 00000; 00000
01363700;JEAM MHC T/36  ;sugerido;; 00014; 00021; 00025; 00022; 00015; 00015; 00000; 00000; 00000; 00112
;
01363900;JNS MHC  CR T/3;Ventas;; 00002; 00003; 00002; 00005; 00003; 00003; 00000; 00000; 00000; 000018
01363900;JNS MHC  CR T/3;Despacho;; 00000; 00000; 00000; 00000; 00000; 00000; 00000; 00000; 00000; 00000
01363900;JNS MHC  CR T/3;saldo;; 00002; 00003; 00002; 00005; 00003; 00003; 00000; 00000; 00000; 00018
01363900;JNS MHC  CR T/3;stock;; 00002; 00000; 00000; 00000; 00000; 00000; 00000; 00000; 00000; 00002
01363900;JNS MHC  CR T/3;corte;; 00000; 00000; 00000; 00000; 00000; 00000; 00000; 00000; 00000; 00000
01363900;JNS MHC  CR T/3;sugerido;; 00000; 00003; 00002; 00005; 00003; 00003; 00000; 00000; 00000; 00016
;
01364200;JEAN MHC T/36  ;Ventas;; 00051; 00078; 00080; 00065; 00027; 00020; 00000; 00000; 00000; 000321
01364200;JEAN MHC T/36  ;Despacho;; 00039; 00054; 00064; 00050; 00021; 00015; 00000; 00000; 00000; 00243
01364200;JEAN MHC T/36  ;saldo;; 00012; 00024; 00016; 00015; 00006; 00005; 00000; 00000; 00000; 00078
01364200;JEAN MHC T/36  ;stock;; 00002; 00006; 00000; 00000; 00007; 00003; 00000; 00000; 00000; 00018
01364200;JEAN MHC T/36  ;corte;; 00003; 00003; 00000; 00000; 00000; 00000; 00000; 00000; 00000; 00006
01364200;JEAN MHC T/36  ;sugerido;; 00007; 00015; 00016; 00015;-00001; 00002; 00000; 00000; 00000; 00054
;
01364800;JEAN MHC T/36 C;Ventas;; 00062; 00089; 00087; 00080; 00037; 00029; 00000; 00000; 00000; 000384
01364800;JEAN MHC T/36 C;Despacho;; 00031; 00050; 00051; 00047; 00017; 00017; 00000; 00000; 00000; 00213
01364800;JEAN MHC T/36 C;saldo;; 00031; 00039; 00036; 00033; 00020; 00012; 00000; 00000; 00000; 00171
01364800;JEAN MHC T/36 C;stock;; 00002; 00003; 00000; 00000; 00000; 00000; 00000; 00000; 00000; 00005
01364800;JEAN MHC T/36 C;corte;; 00000; 00000; 00000; 00000; 00000; 00000; 00000; 00000; 00000; 00000
01364800;JEAN MHC T/36 C;sugerido;; 00029; 00036; 00036; 00033; 00020; 00012; 00000; 00000; 00000; 00166
;
01365000;JEAN MHC T/36 C;Ventas;; 00055; 00092; 00092; 00086; 00062; 00044; 00000; 00000; 00000; 000431
01365000;JEAN MHC T/36 C;Despacho;; 00042; 00071; 00068; 00063; 00042; 00029; 00000; 00000; 00000; 00315
01365000;JEAN MHC T/36 C;saldo;; 00013; 00021; 00024; 00023; 00020; 00015; 00000; 00000; 00000; 00116
01365000;JEAN MHC T/36 C;stock;; 00007; 00003; 00000; 00000; 00000; 00000; 00000; 00000; 00000; 00010
01365000;JEAN MHC T/36 C;corte;; 00000; 00000; 00000; 00000; 00000; 00000; 00000; 00000; 00000; 00000
01365000;JEAN MHC T/36 C;sugerido;; 00006; 00018; 00024; 00023; 00020; 00015; 00000; 00000; 00000; 00106
;
01365001;JEAN MHC T/36 C;Ventas;; 00079; 00130; 00132; 00119; 00070; 00050; 00000; 00000; 00000; 000580
01365001;JEAN MHC T/36 C;Despacho;; 00072; 00093; 00095; 00082; 00042; 00022; 00000; 00000; 00000; 00406
01365001;JEAN MHC T/36 C;saldo;; 00007; 00037; 00037; 00037; 00028; 00028; 00000; 00000; 00000; 00174
01365001;JEAN MHC T/36 C;stock;; 00000; 00003; 00000; 00000; 00000; 00000; 00000; 00000; 00000; 00003
01365001;JEAN MHC T/36 C;corte;; 00003; 00006; 00008; 00007; 00000; 00000; 00000; 00000; 00000; 00024
01365001;JEAN MHC T/36 C;sugerido;; 00004; 00028; 00029; 00030; 00028; 00028; 00000; 00000; 00000; 00147
;
01365800;JEAN MHC CINTUR;Ventas;; 00085; 00147; 00153; 00140; 00082; 00059; 00000; 00000; 00000; 000666
01365800;JEAN MHC CINTUR;Despacho;; 00067; 00116; 00120; 00116; 00066; 00052; 00000; 00000; 00000; 00537
01365800;JEAN MHC CINTUR;saldo;; 00018; 00031; 00033; 00024; 00016; 00007; 00000; 00000; 00000; 00129
01365800;JEAN MHC CINTUR;stock;; 00004; 00000; 00001; 00000; 00000; 00004; 00000; 00000; 00000; 00009
01365800;JEAN MHC CINTUR;corte;; 00000; 00000; 00000; 00000; 00000; 00000; 00000; 00000; 00000; 00000
01365800;JEAN MHC CINTUR;sugerido;; 00014; 00031; 00032; 00024; 00016; 00003; 00000; 00000; 00000; 00120
;
01365801;JEAN MHC T/36 C;Ventas;; 00080; 00119; 00118; 00102; 00060; 00041; 00000; 00000; 00000; 000520
01365801;JEAN MHC T/36 C;Despacho;; 00072; 00104; 00101; 00088; 00049; 00035; 00000; 00000; 00000; 00449
01365801;JEAN MHC T/36 C;saldo;; 00008; 00015; 00017; 00014; 00011; 00006; 00000; 00000; 00000; 00071
01365801;JEAN MHC T/36 C;stock;; 00010; 00001; 00000; 00000; 00000; 00000; 00000; 00000; 00000; 00011
01365801;JEAN MHC T/36 C;corte;; 00000; 00000; 00000; 00000; 00000; 00000; 00000; 00000; 00000; 00000
01365801;JEAN MHC T/36 C;sugerido;;-00002; 00014; 00017; 00014; 00011; 00006; 00000; 00000; 00000; 00060
;
01366100;JEAN MHC T/36  ;Ventas;; 00049; 00074; 00081; 00076; 00055; 00030; 00000; 00000; 00000; 000365
01366100;JEAN MHC T/36  ;Despacho;; 00036; 00056; 00062; 00059; 00043; 00024; 00000; 00000; 00000; 00280
01366100;JEAN MHC T/36  ;saldo;; 00013; 00018; 00019; 00017; 00012; 00006; 00000; 00000; 00000; 00085
01366100;JEAN MHC T/36  ;stock;; 00002; 00001; 00000; 00000; 00000; 00000; 00000; 00000; 00000; 00003
01366100;JEAN MHC T/36  ;corte;; 00019; 00027; 00029; 00024; 00013; 00010; 00000; 00000; 00000; 00122
01366100;JEAN MHC T/36  ;sugerido;;-00008;-00010;-00010;-00007;-00001;-00004; 00000; 00000; 00000;-00040
;
01366200;JEAN MHC T/36  ;Ventas;; 00085; 00110; 00121; 00111; 00083; 00054; 00000; 00000; 00000; 000564
01366200;JEAN MHC T/36  ;Despacho;; 00046; 00073; 00080; 00075; 00056; 00033; 00000; 00000; 00000; 00363
01366200;JEAN MHC T/36  ;saldo;; 00039; 00037; 00041; 00036; 00027; 00021; 00000; 00000; 00000; 00201
01366200;JEAN MHC T/36  ;stock;; 00000; 00003; 00000; 00000; 00000; 00000; 00000; 00000; 00000; 00003
01366200;JEAN MHC T/36  ;corte;; 00036; 00089; 00091; 00089; 00057; 00033; 00000; 00000; 00000; 00395
01366200;JEAN MHC T/36  ;sugerido;; 00003;-00055;-00050;-00053;-00030;-00012; 00000; 00000; 00000;-00197
;
01366400;JEAN MHC T36   ;Ventas;; 00050; 00081; 00085; 00085; 00060; 00033; 00000; 00000; 00000; 000394
01366400;JEAN MHC T36   ;Despacho;; 00032; 00053; 00051; 00051; 00035; 00016; 00000; 00000; 00000; 00238
01366400;JEAN MHC T36   ;saldo;; 00018; 00028; 00034; 00034; 00025; 00017; 00000; 00000; 00000; 00156
01366400;JEAN MHC T36   ;stock;; 00010; 00003; 00000; 00000; 00000; 00000; 00000; 00000; 00000; 00013
01366400;JEAN MHC T36   ;corte;; 00004; 00006; 00000; 00000; 00000; 00000; 00000; 00000; 00000; 00010
01366400;JEAN MHC T36   ;sugerido;; 00004; 00019; 00034; 00034; 00025; 00017; 00000; 00000; 00000; 00133
;
01366500;JEAN MHC T/36  ;Ventas;; 00002; 00003; 00003; 00001; 00000; 00000; 00000; 00000; 00000; 000009
01366500;JEAN MHC T/36  ;Despacho;; 00000; 00000; 00000; 00000; 00000; 00000; 00000; 00000; 00000; 00000
01366500;JEAN MHC T/36  ;saldo;; 00002; 00003; 00003; 00001; 00000; 00000; 00000; 00000; 00000; 00009
01366500;JEAN MHC T/36  ;stock;; 00000; 00006; 00000; 00000; 00000; 00000; 00000; 00000; 00000; 00006
01366500;JEAN MHC T/36  ;corte;; 00007; 00003; 00022; 00013; 00007; 00005; 00000; 00000; 00000; 00057
01366500;JEAN MHC T/36  ;sugerido;;-00005;-00006;-00019;-00012;-00007;-00005; 00000; 00000; 00000;-00054
;
01366600;JNS MHC CINTURA;Ventas;; 00041; 00061; 00069; 00067; 00047; 00031; 00000; 00000; 00000; 000316
01366600;JNS MHC CINTURA;Despacho;; 00027; 00051; 00058; 00048; 00040; 00024; 00000; 00000; 00000; 00248
01366600;JNS MHC CINTURA;saldo;; 00014; 00010; 00011; 00019; 00007; 00007; 00000; 00000; 00000; 00068
01366600;JNS MHC CINTURA;stock;; 00005; 00002; 00001; 00000; 00000; 00002; 00000; 00000; 00000; 00010
01366600;JNS MHC CINTURA;corte;; 00018; 00055; 00058; 00043; 00013; 00009; 00000; 00000; 00000; 00196
01366600;JNS MHC CINTURA;sugerido;;-00009;-00047;-00048;-00024;-00006;-00004; 00000; 00000; 00000;-00138
;
01366601;JNS MHC CR T/36;Ventas;; 00010; 00014; 00004; 00015; 00007; 00005; 00000; 00000; 00000; 000055
01366601;JNS MHC CR T/36;Despacho;; 00008; 00012; 00013; 00013; 00006; 00005; 00000; 00000; 00000; 00057
01366601;JNS MHC CR T/36;saldo;; 00002; 00002;-00009; 00002; 00001; 00000; 00000; 00000; 00000;-00002
01366601;JNS MHC CR T/36;stock;; 00000; 00002; 00001; 00000; 00000; 00000; 00000; 00000; 00000; 00003
01366601;JNS MHC CR T/36;corte;; 00000; 00000; 00000; 00000; 00000; 00000; 00000; 00000; 00000; 00000
01366601;JNS MHC CR T/36;sugerido;; 00002; 00000;-00010; 00002; 00001; 00000; 00000; 00000; 00000;-00005
;
01367000;JEAN MHC T/36 C;Ventas;; 00036; 00060; 00062; 00053; 00022; 00018; 00000; 00000; 00000; 000251
01367000;JEAN MHC T/36 C;Despacho;; 00019; 00032; 00020; 00018; 00011; 00008; 00000; 00000; 00000; 00108
01367000;JEAN MHC T/36 C;saldo;; 00017; 00028; 00042; 00035; 00011; 00010; 00000; 00000; 00000; 00143
01367000;JEAN MHC T/36 C;stock;; 00014; 00003; 00004; 00002; 00007; 00001; 00000; 00000; 00000; 00031
01367000;JEAN MHC T/36 C;corte;; 00032; 00020; 00047; 00018; 00015; 00007; 00000; 00000; 00000; 00139
01367000;JEAN MHC T/36 C;sugerido;;-00029; 00005;-00009; 00015;-00011; 00002; 00000; 00000; 00000;-00027
;
01368002;JNS MHC T/36 M ;Ventas;; 00009; 00012; 00012; 00014; 00007; 00002; 00000; 00000; 00000; 000056
01368002;JNS MHC T/36 M ;Despacho;; 00000; 00000; 00000; 00000; 00000; 00000; 00000; 00000; 00000; 00000
01368002;JNS MHC T/36 M ;saldo;; 00009; 00012; 00012; 00014; 00007; 00002; 00000; 00000; 00000; 00056
01368002;JNS MHC T/36 M ;stock;; 00000; 00000; 00000; 00000; 00000; 00000; 00000; 00000; 00000; 00000
01368002;JNS MHC T/36 M ;corte;; 00000; 00000; 00000; 00000; 00000; 00000; 00000; 00000; 00000; 00000
01368002;JNS MHC T/36 M ;sugerido;; 00009; 00012; 00012; 00014; 00007; 00002; 00000; 00000; 00000; 00056
;
01368200;JNS MHC MFLARE ;Ventas;; 00044; 00063; 00063; 00049; 00031; 00019; 00000; 00000; 00000; 000269
01368200;JNS MHC MFLARE ;Despacho;; 00020; 00029; 00025; 00023; 00012; 00009; 00000; 00000; 00000; 00118
01368200;JNS MHC MFLARE ;saldo;; 00024; 00034; 00038; 00026; 00019; 00010; 00000; 00000; 00000; 00151
01368200;JNS MHC MFLARE ;stock;; 00001; 00002; 00000; 00000; 00000; 00000; 00000; 00000; 00000; 00003
01368200;JNS MHC MFLARE ;corte;; 00000; 00000; 00000; 00000; 00000; 00000; 00000; 00000; 00000; 00000
01368200;JNS MHC MFLARE ;sugerido;; 00023; 00032; 00038; 00026; 00019; 00010; 00000; 00000; 00000; 00148
;
01368201;JNS MHC MFLARE ;Ventas;; 00035; 00040; 00048; 00044; 00026; 00014; 00000; 00000; 00000; 000207
01368201;JNS MHC MFLARE ;Despacho;; 00013; 00017; 00021; 00017; 00014; 00008; 00000; 00000; 00000; 00090
01368201;JNS MHC MFLARE ;saldo;; 00022; 00023; 00027; 00027; 00012; 00006; 00000; 00000; 00000; 00117
01368201;JNS MHC MFLARE ;stock;; 00000; 00000; 00000; 00000; 00000; 00000; 00000; 00000; 00000; 00000
01368201;JNS MHC MFLARE ;corte;; 00000; 00000; 00000; 00000; 00000; 00000; 00000; 00000; 00000; 00000
01368201;JNS MHC MFLARE ;sugerido;; 00022; 00023; 00027; 00027; 00012; 00006; 00000; 00000; 00000; 00117
;
01368202;JNS MHC MFLARE ;Ventas;; 00022; 00022; 00030; 00026; 00011; 00007; 00000; 00000; 00000; 000118
01368202;JNS MHC MFLARE ;Despacho;; 00017; 00015; 00018; 00018; 00009; 00004; 00000; 00000; 00000; 00081
01368202;JNS MHC MFLARE ;saldo;; 00005; 00007; 00012; 00008; 00002; 00003; 00000; 00000; 00000; 00037
01368202;JNS MHC MFLARE ;stock;; 00000; 00000; 00000; 00000; 00000; 00000; 00000; 00000; 00000; 00000
01368202;JNS MHC MFLARE ;corte;; 00000; 00000; 00000; 00000; 00000; 00000; 00000; 00000; 00000; 00000
01368202;JNS MHC MFLARE ;sugerido;; 00005; 00007; 00012; 00008; 00002; 00003; 00000; 00000; 00000; 00037
;
01368280;JNS MHC MFLARE ;Ventas;; 00010; 00010; 00010; 00010; 00008; 00008; 00000; 00000; 00000; 000056
01368280;JNS MHC MFLARE ;Despacho;; 00000; 00000; 00000; 00001; 00000; 00000; 00000; 00000; 00000; 00001
01368280;JNS MHC MFLARE ;saldo;; 00010; 00010; 00010; 00009; 00008; 00008; 00000; 00000; 00000; 00055
01368280;JNS MHC MFLARE ;stock;; 00000; 00000; 00000; 00000; 00000; 00000; 00000; 00000; 00000; 00000
01368280;JNS MHC MFLARE ;corte;; 00000; 00000; 00000; 00000; 00000; 00000; 00000; 00000; 00000; 00000
01368280;JNS MHC MFLARE ;sugerido;; 00010; 00010; 00010; 00009; 00008; 00008; 00000; 00000; 00000; 00055
;
01368700;JEAN MHC T/36 C;Ventas;; 00095; 00155; 00158; 00143; 00082; 00068; 00000; 00000; 00000; 000701
01368700;JEAN MHC T/36 C;Despacho;; 00088; 00142; 00153; 00138; 00083; 00072; 00000; 00000; 00000; 00676
01368700;JEAN MHC T/36 C;saldo;; 00007; 00013; 00005; 00005;-00001;-00004; 00000; 00000; 00000; 00025
01368700;JEAN MHC T/36 C;stock;; 00000; 00001; 00000; 00000; 00000; 00000; 00000; 00000; 00000; 00001
01368700;JEAN MHC T/36 C;corte;; 00000; 00000; 00000; 00000; 00000; 00000; 00000; 00000; 00000; 00000
01368700;JEAN MHC T/36 C;sugerido;; 00007; 00012; 00005; 00005;-00001;-00004; 00000; 00000; 00000; 00024
;
01368780;JEAN MHC T/36 C;Ventas;; 00010; 00012; 00012; 00012; 00008; 00008; 00000; 00000; 00000; 000062
01368780;JEAN MHC T/36 C;Despacho;; 00000; 00000; 00000; 00000; 00000; 00000; 00000; 00000; 00000; 00000
01368780;JEAN MHC T/36 C;saldo;; 00010; 00012; 00012; 00012; 00008; 00008; 00000; 00000; 00000; 00062
01368780;JEAN MHC T/36 C;stock;; 00000; 00000; 00000; 00000; 00000; 00000; 00000; 00000; 00000; 00000
01368780;JEAN MHC T/36 C;corte;; 00000; 00000; 00000; 00000; 00000; 00000; 00000; 00000; 00000; 00000
01368780;JEAN MHC T/36 C;sugerido;; 00010; 00012; 00012; 00012; 00008; 00008; 00000; 00000; 00000; 00062
;
01369000;J MHC T/36 CINT;Ventas;; 00046; 00076; 00086; 00078; 00047; 00033; 00000; 00000; 00000; 000366
01369000;J MHC T/36 CINT;Despacho;; 00051; 00064; 00060; 00064; 00044; 00027; 00000; 00000; 00000; 00310
01369000;J MHC T/36 CINT;saldo;;-00005; 00012; 00026; 00014; 00003; 00006; 00000; 00000; 00000; 00056
01369000;J MHC T/36 CINT;stock;; 00016; 00000; 00000; 00000; 00000; 00000; 00000; 00000; 00000; 00016
01369000;J MHC T/36 CINT;corte;; 00000; 00000; 00000; 00000; 00000; 00000; 00000; 00000; 00000; 00000
01369000;J MHC T/36 CINT;sugerido;;-00021; 00012; 00026; 00014; 00003; 00006; 00000; 00000; 00000; 00040
;
01369100;JEAN MHC CINTUR;Ventas;; 00115; 00201; 00227; 00206; 00139; 00104; 00000; 00000; 00000; 000992
01369100;JEAN MHC CINTUR;Despacho;; 00142; 00152; 00165; 00131; 00094; 00065; 00000; 00000; 00000; 00749
01369100;JEAN MHC CINTUR;saldo;;-00027; 00049; 00062; 00075; 00045; 00039; 00000; 00000; 00000; 00243
01369100;JEAN MHC CINTUR;stock;; 00001; 00005; 00006; 00003; 00000; 00001; 00000; 00000; 00000; 00016
01369100;JEAN MHC CINTUR;corte;; 00035; 00045; 00057; 00046; 00042; 00015; 00000; 00000; 00000; 00240
01369100;JEAN MHC CINTUR;sugerido;;-00063;-00001;-00001; 00026; 00003; 00023; 00000; 00000; 00000;-00013
;
01369101;JEAN MHC T/36 C;Ventas;; 00064; 00097; 00109; 00099; 00066; 00042; 00000; 00000; 00000; 000477
01369101;JEAN MHC T/36 C;Despacho;; 00038; 00057; 00070; 00064; 00045; 00023; 00000; 00000; 00000; 00297
01369101;JEAN MHC T/36 C;saldo;; 00026; 00040; 00039; 00035; 00021; 00019; 00000; 00000; 00000; 00180
01369101;JEAN MHC T/36 C;stock;; 00042;-00002; 00000; 00013; 00000; 00003; 00000; 00000; 00000; 00056
01369101;JEAN MHC T/36 C;corte;; 00000; 00000; 00000; 00000; 00000; 00000; 00000; 00000; 00000; 00000
01369101;JEAN MHC T/36 C;sugerido;;-00016; 00042; 00039; 00022; 00021; 00016; 00000; 00000; 00000; 00124
;
01369200;JEAN MHC T/36 C;Ventas;; 00033; 00054; 00057; 00050; 00031; 00019; 00000; 00000; 00000; 000244
01369200;JEAN MHC T/36 C;Despacho;; 00007; 00010; 00012; 00012; 00008; 00005; 00000; 00000; 00000; 00054
01369200;JEAN MHC T/36 C;saldo;; 00026; 00044; 00045; 00038; 00023; 00014; 00000; 00000; 00000; 00190
01369200;JEAN MHC T/36 C;stock;; 00006; 00000; 00000; 00000; 00000; 00000; 00000; 00000; 00000; 00006
01369200;JEAN MHC T/36 C;corte;; 00000; 00000; 00000; 00000; 00000; 00000; 00000; 00000; 00000; 00000
01369200;JEAN MHC T/36 C;sugerido;; 00020; 00044; 00045; 00038; 00023; 00014; 00000; 00000; 00000; 00184
;
01369201;JEAN MHC T/36 C;Ventas;; 00075; 00117; 00122; 00107; 00060; 00042; 00000; 00000; 00000; 000523
01369201;JEAN MHC T/36 C;Despacho;; 00058; 00113; 00099; 00079; 00037; 00026; 00000; 00000; 00000; 00412
01369201;JEAN MHC T/36 C;saldo;; 00017; 00004; 00023; 00028; 00023; 00016; 00000; 00000; 00000; 00111
01369201;JEAN MHC T/36 C;stock;; 00021; 00008; 00021; 00000; 00000; 00000; 00000; 00000; 00000; 00050
01369201;JEAN MHC T/36 C;corte;; 00006;-00001; 00000; 00000; 00000; 00000; 00000; 00000; 00000; 00005
01369201;JEAN MHC T/36 C;sugerido;;-00010;-00003; 00002; 00028; 00023; 00016; 00000; 00000; 00000; 00056
;
01369202;JEAN MHC T/36 C;Ventas;; 00055; 00099; 00100; 00091; 00046; 00038; 00000; 00000; 00000; 000429
01369202;JEAN MHC T/36 C;Despacho;; 00053; 00092; 00094; 00087; 00043; 00037; 00000; 00000; 00000; 00406
01369202;JEAN MHC T/36 C;saldo;; 00002; 00007; 00006; 00004; 00003; 00001; 00000; 00000; 00000; 00023
01369202;JEAN MHC T/36 C;stock;; 00002; 00000; 00000; 00000; 00000; 00000; 00000; 00000; 00000; 00002
01369202;JEAN MHC T/36 C;corte;; 00000; 00000; 00000; 00000; 00000; 00000; 00000; 00000; 00000; 00000
01369202;JEAN MHC T/36 C;sugerido;; 00000; 00007; 00006; 00004; 00003; 00001; 00000; 00000; 00000; 00021
;
01369203;JEAN MHC T/36 C;Ventas;; 00056; 00089; 00084; 00067; 00039; 00026; 00000; 00000; 00000; 000361
01369203;JEAN MHC T/36 C;Despacho;; 00019; 00035; 00031; 00026; 00014; 00008; 00000; 00000; 00000; 00133
01369203;JEAN MHC T/36 C;saldo;; 00037; 00054; 00053; 00041; 00025; 00018; 00000; 00000; 00000; 00228
01369203;JEAN MHC T/36 C;stock;; 00011; 00004; 00002; 00000; 00000; 00000; 00000; 00000; 00000; 00017
01369203;JEAN MHC T/36 C;corte;; 00000; 00000; 00000; 00000; 00000; 00000; 00000; 00000; 00000; 00000
01369203;JEAN MHC T/36 C;sugerido;; 00026; 00050; 00051; 00041; 00025; 00018; 00000; 00000; 00000; 00211
;
01369800;JEAN MHC T/36 C;Ventas;; 00085; 00137; 00158; 00121; 00069; 00052; 00000; 00000; 00000; 000622
01369800;JEAN MHC T/36 C;Despacho;; 00045; 00086; 00128; 00097; 00071; 00039; 00000; 00000; 00000; 00466
01369800;JEAN MHC T/36 C;saldo;; 00040; 00051; 00030; 00024;-00002; 00013; 00000; 00000; 00000; 00156
01369800;JEAN MHC T/36 C;stock;; 00000; 00000; 00000; 00000; 00000; 00003; 00000; 00000; 00000; 00003
01369800;JEAN MHC T/36 C;corte;; 00037; 00059; 00060; 00060; 00039; 00024; 00000; 00000; 00000; 00279
01369800;JEAN MHC T/36 C;sugerido;; 00003;-00008;-00030;-00036;-00041;-00014; 00000; 00000; 00000;-00126
;
01370200;JEAN MHC T/36 C;Ventas;; 00005; 00010; 00011; 00011; 00008; 00006; 00000; 00000; 00000; 000051
01370200;JEAN MHC T/36 C;Despacho;; 00000; 00000; 00000; 00000; 00000; 00000; 00000; 00000; 00000; 00000
01370200;JEAN MHC T/36 C;saldo;; 00005; 00010; 00011; 00011; 00008; 00006; 00000; 00000; 00000; 00051
01370200;JEAN MHC T/36 C;stock;; 00002; 00003; 00000; 00000; 00000; 00000; 00000; 00000; 00000; 00005
01370200;JEAN MHC T/36 C;corte;; 00000; 00000; 00000; 00000; 00000; 00000; 00000; 00000; 00000; 00000
01370200;JEAN MHC T/36 C;sugerido;; 00003; 00007; 00011; 00011; 00008; 00006; 00000; 00000; 00000; 00046
;
01370400;J MEDIO PITILLO;Ventas;; 00091; 00138; 00132; 00113; 00045; 00032; 00000; 00000; 00000; 000551
01370400;J MEDIO PITILLO;Despacho;; 00070; 00096; 00116; 00104; 00044; 00032; 00000; 00000; 00000; 00462
01370400;J MEDIO PITILLO;saldo;; 00021; 00042; 00016; 00009; 00001; 00000; 00000; 00000; 00000; 00089
01370400;J MEDIO PITILLO;stock;; 00002; 00004; 00000; 00002; 00000; 00000; 00000; 00000; 00000; 00008
01370400;J MEDIO PITILLO;corte;; 00000; 00000; 00000; 00000; 00000; 00000; 00000; 00000; 00000; 00000
01370400;J MEDIO PITILLO;sugerido;; 00019; 00038; 00016; 00007; 00001; 00000; 00000; 00000; 00000; 00081
;
01370700;J MHC T/36 CINT;Ventas;; 00025; 00037; 00039; 00035; 00022; 00013; 00000; 00000; 00000; 000171
01370700;J MHC T/36 CINT;Despacho;; 00019; 00025; 00030; 00027; 00018; 00009; 00000; 00000; 00000; 00128
01370700;J MHC T/36 CINT;saldo;; 00006; 00012; 00009; 00008; 00004; 00004; 00000; 00000; 00000; 00043
01370700;J MHC T/36 CINT;stock;; 00005; 00000; 00000; 00001; 00000; 00000; 00000; 00000; 00000; 00006
01370700;J MHC T/36 CINT;corte;; 00000; 00000; 00000; 00000; 00000; 00000; 00000; 00000; 00000; 00000
01370700;J MHC T/36 CINT;sugerido;; 00001; 00012; 00009; 00007; 00004; 00004; 00000; 00000; 00000; 00037
;
01371000;JEAN MHC T/36 M;Ventas;; 00062; 00099; 00097; 00080; 00027; 00021; 00000; 00000; 00000; 000386
01371000;JEAN MHC T/36 M;Despacho;; 00033; 00057; 00057; 00050; 00031; 00019; 00000; 00000; 00000; 00247
01371000;JEAN MHC T/36 M;saldo;; 00029; 00042; 00040; 00030;-00004; 00002; 00000; 00000; 00000; 00139
01371000;JEAN MHC T/36 M;stock;; 00001; 00000; 00000; 00000; 00000; 00000; 00000; 00000; 00000; 00001
01371000;JEAN MHC T/36 M;corte;; 00000; 00007;-00001; 00001; 00000; 00000; 00000; 00000; 00000; 00007
01371000;JEAN MHC T/36 M;sugerido;; 00028; 00035; 00041; 00029;-00004; 00002; 00000; 00000; 00000; 00131
;
01371080;JEAN MHC T/36 M;Ventas;; 00012; 00012; 00012; 00012; 00008; 00008; 00000; 00000; 00000; 000064
01371080;JEAN MHC T/36 M;Despacho;; 00000; 00002; 00000; 00002; 00001; 00001; 00000; 00000; 00000; 00006
01371080;JEAN MHC T/36 M;saldo;; 00012; 00010; 00012; 00010; 00007; 00007; 00000; 00000; 00000; 00058
01371080;JEAN MHC T/36 M;stock;; 00000; 00000; 00000; 00000; 00000; 00000; 00000; 00000; 00000; 00000
01371080;JEAN MHC T/36 M;corte;; 00000; 00000; 00000; 00000; 00000; 00000; 00000; 00000; 00000; 00000
01371080;JEAN MHC T/36 M;sugerido;; 00012; 00010; 00012; 00010; 00007; 00007; 00000; 00000; 00000; 00058
;
01371100;J MHC T/36 CINT;Ventas;; 00084; 00125; 00124; 00108; 00064; 00038; 00000; 00000; 00000; 000543
01371100;J MHC T/36 CINT;Despacho;; 00055; 00103; 00104; 00085; 00053; 00030; 00000; 00000; 00000; 00430
01371100;J MHC T/36 CINT;saldo;; 00029; 00022; 00020; 00023; 00011; 00008; 00000; 00000; 00000; 00113
01371100;J MHC T/36 CINT;stock;; 00002; 00001; 00000; 00000; 00000; 00000; 00000; 00000; 00000; 00003
01371100;J MHC T/36 CINT;corte;; 00030; 00042; 00055; 00056; 00020; 00011; 00000; 00000; 00000; 00214
01371100;J MHC T/36 CINT;sugerido;;-00003;-00021;-00035;-00033;-00009;-00003; 00000; 00000; 00000;-00104
;
01371180;J MHC T/36 CINT;Ventas;; 00010; 00010; 00010; 00010; 00008; 00008; 00000; 00000; 00000; 000056
01371180;J MHC T/36 CINT;Despacho;; 00001; 00000; 00001; 00000; 00000; 00000; 00000; 00000; 00000; 00002
01371180;J MHC T/36 CINT;saldo;; 00009; 00010; 00009; 00010; 00008; 00008; 00000; 00000; 00000; 00054
01371180;J MHC T/36 CINT;stock;; 00000; 00000; 00000; 00000; 00000; 00000; 00000; 00000; 00000; 00000
01371180;J MHC T/36 CINT;corte;; 00000; 00000; 00000; 00000; 00000; 00000; 00000; 00000; 00000; 00000
01371180;J MHC T/36 CINT;sugerido;; 00009; 00010; 00009; 00010; 00008; 00008; 00000; 00000; 00000; 00054
;
01371199;J MHC T/40     ;Ventas;; 00000; 00000; 00001; 00000; 00000; 00000; 00000; 00000; 00000; 000001
01371199;J MHC T/40     ;Despacho;; 00000; 00000; 00001; 00000; 00000; 00000; 00000; 00000; 00000; 00001
01371199;J MHC T/40     ;saldo;; 00000; 00000; 00000; 00000; 00000; 00000; 00000; 00000; 00000; 00000
01371199;J MHC T/40     ;stock;; 00000; 00000; 00000; 00000; 00000; 00000; 00000; 00000; 00000; 00000
01371199;J MHC T/40     ;corte;; 00000; 00000; 00000; 00000; 00000; 00000; 00000; 00000; 00000; 00000
01371199;J MHC T/40     ;sugerido;; 00000; 00000; 00000; 00000; 00000; 00000; 00000; 00000; 00000; 00000
;
01371200;J MHC T/36 CINT;Ventas;; 00052; 00071; 00074; 00064; 00035; 00023; 00000; 00000; 00000; 000319
01371200;J MHC T/36 CINT;Despacho;; 00042; 00063; 00066; 00057; 00031; 00017; 00000; 00000; 00000; 00276
01371200;J MHC T/36 CINT;saldo;; 00010; 00008; 00008; 00007; 00004; 00006; 00000; 00000; 00000; 00043
01371200;J MHC T/36 CINT;stock;; 00004; 00002; 00000; 00001; 00000; 00000; 00000; 00000; 00000; 00007
01371200;J MHC T/36 CINT;corte;; 00000; 00000; 00000; 00000; 00000; 00000; 00000; 00000; 00000; 00000
01371200;J MHC T/36 CINT;sugerido;; 00006; 00006; 00008; 00006; 00004; 00006; 00000; 00000; 00000; 00036
;
01371280;J MHC T/36 CINT;Ventas;; 00010; 00010; 00010; 00010; 00008; 00008; 00000; 00000; 00000; 000056
01371280;J MHC T/36 CINT;Despacho;; 00001; 00000; 00000; 00000; 00000; 00000; 00000; 00000; 00000; 00001
01371280;J MHC T/36 CINT;saldo;; 00009; 00010; 00010; 00010; 00008; 00008; 00000; 00000; 00000; 00055
01371280;J MHC T/36 CINT;stock;; 00000; 00000; 00000; 00000; 00000; 00000; 00000; 00000; 00000; 00000
01371280;J MHC T/36 CINT;corte;; 00000; 00000; 00000; 00000; 00000; 00000; 00000; 00000; 00000; 00000
01371280;J MHC T/36 CINT;sugerido;; 00009; 00010; 00010; 00010; 00008; 00008; 00000; 00000; 00000; 00055
;
01371300;JEAN MHC T/36 C;Ventas;; 00074; 00123; 00129; 00109; 00043; 00029; 00000; 00000; 00000; 000507
01371300;JEAN MHC T/36 C;Despacho;; 00046; 00077; 00078; 00079; 00032; 00027; 00000; 00000; 00000; 00339
01371300;JEAN MHC T/36 C;saldo;; 00028; 00046; 00051; 00030; 00011; 00002; 00000; 00000; 00000; 00168
01371300;JEAN MHC T/36 C;stock;; 00000; 00000; 00000; 00000; 00000; 00001; 00000; 00000; 00000; 00001
01371300;JEAN MHC T/36 C;corte;; 00011; 00031; 00039; 00031; 00022; 00012; 00000; 00000; 00000; 00146
01371300;JEAN MHC T/36 C;sugerido;; 00017; 00015; 00012;-00001;-00011;-00011; 00000; 00000; 00000; 00021
;
01371380;JEAN MHC T/36 C;Ventas;; 00012; 00012; 00012; 00012; 00008; 00008; 00000; 00000; 00000; 000064
01371380;JEAN MHC T/36 C;Despacho;; 00000; 00000; 00000; 00001; 00000; 00000; 00000; 00000; 00000; 00001
01371380;JEAN MHC T/36 C;saldo;; 00012; 00012; 00012; 00011; 00008; 00008; 00000; 00000; 00000; 00063
01371380;JEAN MHC T/36 C;stock;; 00000; 00000; 00000; 00000; 00000; 00000; 00000; 00000; 00000; 00000
01371380;JEAN MHC T/36 C;corte;; 00000; 00000; 00000; 00000; 00000; 00000; 00000; 00000; 00000; 00000
01371380;JEAN MHC T/36 C;sugerido;; 00012; 00012; 00012; 00011; 00008; 00008; 00000; 00000; 00000; 00063
;
01371400;J CINTURA RECTO;Ventas;; 00020; 00027; 00028; 00023; 00016; 00012; 00000; 00000; 00000; 000126
01371400;J CINTURA RECTO;Despacho;; 00000; 00000; 00000; 00000; 00000; 00000; 00000; 00000; 00000; 00000
01371400;J CINTURA RECTO;saldo;; 00020; 00027; 00028; 00023; 00016; 00012; 00000; 00000; 00000; 00126
01371400;J CINTURA RECTO;stock;; 00001; 00001; 00000; 00000; 00000; 00000; 00000; 00000; 00000; 00002
01371400;J CINTURA RECTO;corte;; 00000; 00000; 00000; 00000; 00000; 00000; 00000; 00000; 00000; 00000
01371400;J CINTURA RECTO;sugerido;; 00019; 00026; 00028; 00023; 00016; 00012; 00000; 00000; 00000; 00124
;
01371800;JEAN MHC T/36 C;Ventas;; 00002; 00004; 00004; 00003; 00002; 00002; 00000; 00000; 00000; 000017
01371800;JEAN MHC T/36 C;Despacho;; 00000; 00000; 00000; 00000; 00000; 00000; 00000; 00000; 00000; 00000
01371800;JEAN MHC T/36 C;saldo;; 00002; 00004; 00004; 00003; 00002; 00002; 00000; 00000; 00000; 00017
01371800;JEAN MHC T/36 C;stock;; 00000; 00000; 00000; 00000; 00000; 00000; 00000; 00000; 00000; 00000
01371800;JEAN MHC T/36 C;corte;; 00000; 00000; 00000; 00000; 00000; 00000; 00000; 00000; 00000; 00000
01371800;JEAN MHC T/36 C;sugerido;; 00002; 00004; 00004; 00003; 00002; 00002; 00000; 00000; 00000; 00017
;
01371900;J MHC   CINTURA;Ventas;; 00110; 00212; 00237; 00210; 00131; 00078; 00000; 00000; 00000; 000978
01371900;J MHC   CINTURA;Despacho;; 00089; 00178; 00206; 00177; 00107; 00054; 00000; 00000; 00000; 00811
01371900;J MHC   CINTURA;saldo;; 00021; 00034; 00031; 00033; 00024; 00024; 00000; 00000; 00000; 00167
01371900;J MHC   CINTURA;stock;; 00040; 00014; 00000; 00000; 00000; 00001; 00000; 00000; 00000; 00055
01371900;J MHC   CINTURA;corte;; 00002; 00003; 00000; 00000; 00000; 00000; 00000; 00000; 00000; 00005
01371900;J MHC   CINTURA;sugerido;;-00021; 00017; 00031; 00033; 00024; 00023; 00000; 00000; 00000; 00107
;
01372100;J CINTURA PITIL;Ventas;; 00020; 00050; 00065; 00059; 00043; 00028; 00000; 00000; 00000; 000265
01372100;J CINTURA PITIL;Despacho;; 00014; 00044; 00049; 00045; 00033; 00015; 00000; 00000; 00000; 00200
01372100;J CINTURA PITIL;saldo;; 00006; 00006; 00016; 00014; 00010; 00013; 00000; 00000; 00000; 00065
01372100;J CINTURA PITIL;stock;; 00013; 00004; 00000; 00000; 00004; 00000; 00000; 00000; 00000; 00021
01372100;J CINTURA PITIL;corte;; 00000; 00003; 00000; 00000; 00000; 00000; 00000; 00000; 00000; 00003
01372100;J CINTURA PITIL;sugerido;;-00007;-00001; 00016; 00014; 00006; 00013; 00000; 00000; 00000; 00041
;
01372200;J MHC T/36 MEDI;Ventas;; 00066; 00109; 00112; 00094; 00051; 00035; 00000; 00000; 00000; 000467
01372200;J MHC T/36 MEDI;Despacho;; 00044; 00065; 00067; 00056; 00022; 00011; 00000; 00000; 00000; 00265
01372200;J MHC T/36 MEDI;saldo;; 00022; 00044; 00045; 00038; 00029; 00024; 00000; 00000; 00000; 00202
01372200;J MHC T/36 MEDI;stock;; 00002; 00006; 00000; 00000; 00000; 00000; 00000; 00000; 00000; 00008
01372200;J MHC T/36 MEDI;corte;; 00000; 00000; 00000; 00000; 00000; 00000; 00000; 00000; 00000; 00000
01372200;J MHC T/36 MEDI;sugerido;; 00020; 00038; 00045; 00038; 00029; 00024; 00000; 00000; 00000; 00194
;
01372300;J MHC CINTURA F;Ventas;; 00101; 00166; 00177; 00151; 00071; 00050; 00000; 00000; 00000; 000716
01372300;J MHC CINTURA F;Despacho;; 00082; 00127; 00140; 00109; 00052; 00048; 00000; 00000; 00000; 00558
01372300;J MHC CINTURA F;saldo;; 00019; 00039; 00037; 00042; 00019; 00002; 00000; 00000; 00000; 00158
01372300;J MHC CINTURA F;stock;; 00005; 00003; 00001; 00000; 00000; 00002; 00000; 00000; 00000; 00011
01372300;J MHC CINTURA F;corte;; 00000; 00000; 00000; 00000; 00000; 00000; 00000; 00000; 00000; 00000
01372300;J MHC CINTURA F;sugerido;; 00014; 00036; 00036; 00042; 00019; 00000; 00000; 00000; 00000; 00147
;
01372380;J MHC CINTURA F;Ventas;; 00012; 00012; 00012; 00012; 00008; 00008; 00000; 00000; 00000; 000064
01372380;J MHC CINTURA F;Despacho;; 00000; 00000; 00002; 00000; 00000; 00000; 00000; 00000; 00000; 00002
01372380;J MHC CINTURA F;saldo;; 00012; 00012; 00010; 00012; 00008; 00008; 00000; 00000; 00000; 00062
01372380;J MHC CINTURA F;stock;; 00000; 00000;-00002; 00000; 00000; 00000; 00000; 00000; 00000;-00002
01372380;J MHC CINTURA F;corte;; 00000; 00000; 00000; 00000; 00000; 00000; 00000; 00000; 00000; 00000
01372380;J MHC CINTURA F;sugerido;; 00012; 00012; 00012; 00012; 00008; 00008; 00000; 00000; 00000; 00064
;
01372500;J MHC MEDIO REC;Ventas;; 00003; 00004; 00004; 00004; 00003; 00002; 00000; 00000; 00000; 000020
01372500;J MHC MEDIO REC;Despacho;; 00000; 00000; 00000; 00000; 00000; 00000; 00000; 00000; 00000; 00000
01372500;J MHC MEDIO REC;saldo;; 00003; 00004; 00004; 00004; 00003; 00002; 00000; 00000; 00000; 00020
01372500;J MHC MEDIO REC;stock;; 00000; 00001; 00000; 00000; 00000; 00000; 00000; 00000; 00000; 00001
01372500;J MHC MEDIO REC;corte;; 00000; 00000; 00000; 00000; 00000; 00000; 00000; 00000; 00000; 00000
01372500;J MHC MEDIO REC;sugerido;; 00003; 00003; 00004; 00004; 00003; 00002; 00000; 00000; 00000; 00019
;
01372600;J MHC T/36 CINT;Ventas;; 00043; 00066; 00063; 00061; 00034; 00023; 00000; 00000; 00000; 000290
01372600;J MHC T/36 CINT;Despacho;; 00033; 00048; 00047; 00047; 00027; 00017; 00000; 00000; 00000; 00219
01372600;J MHC T/36 CINT;saldo;; 00010; 00018; 00016; 00014; 00007; 00006; 00000; 00000; 00000; 00071
01372600;J MHC T/36 CINT;stock;; 00003; 00012; 00007; 00004; 00006; 00002; 00000; 00000; 00000; 00034
01372600;J MHC T/36 CINT;corte;; 00020; 00040; 00030; 00028; 00021; 00010; 00000; 00000; 00000; 00149
01372600;J MHC T/36 CINT;sugerido;;-00013;-00034;-00021;-00018;-00020;-00006; 00000; 00000; 00000;-00112
;
01372606;J MHC T/36 CINT;Ventas;; 00004; 00006; 00007; 00007; 00002; 00001; 00000; 00000; 00000; 000027
01372606;J MHC T/36 CINT;Despacho;; 00004; 00005; 00005; 00004; 00002; 00001; 00000; 00000; 00000; 00021
01372606;J MHC T/36 CINT;saldo;; 00000; 00001; 00002; 00003; 00000; 00000; 00000; 00000; 00000; 00006
01372606;J MHC T/36 CINT;stock;; 00000; 00000; 00000; 00000; 00000; 00000; 00000; 00000; 00000; 00000
01372606;J MHC T/36 CINT;corte;; 00000; 00000; 00000; 00000; 00000; 00000; 00000; 00000; 00000; 00000
01372606;J MHC T/36 CINT;sugerido;; 00000; 00001; 00002; 00003; 00000; 00000; 00000; 00000; 00000; 00006
;
01372638;J MHC T/36 CINT;Ventas;; 00002; 00004; 00004; 00003; 00002; 00002; 00000; 00000; 00000; 000017
01372638;J MHC T/36 CINT;Despacho;; 00000; 00000; 00000; 00000; 00000; 00000; 00000; 00000; 00000; 00000
01372638;J MHC T/36 CINT;saldo;; 00002; 00004; 00004; 00003; 00002; 00002; 00000; 00000; 00000; 00017
01372638;J MHC T/36 CINT;stock;; 00000; 00000; 00000; 00000; 00000; 00000; 00000; 00000; 00000; 00000
01372638;J MHC T/36 CINT;corte;; 00000; 00000; 00000; 00000; 00000; 00000; 00000; 00000; 00000; 00000
01372638;J MHC T/36 CINT;sugerido;; 00002; 00004; 00004; 00003; 00002; 00002; 00000; 00000; 00000; 00017
;
01372800;J MHC CINTURA P;Ventas;; 00090; 00138; 00141; 00119; 00056; 00039; 00000; 00000; 00000; 000583
01372800;J MHC CINTURA P;Despacho;; 00053; 00063; 00082; 00051; 00020; 00010; 00000; 00000; 00000; 00279
01372800;J MHC CINTURA P;saldo;; 00037; 00075; 00059; 00068; 00036; 00029; 00000; 00000; 00000; 00304
01372800;J MHC CINTURA P;stock;; 00000; 00002; 00000; 00000; 00000; 00000; 00000; 00000; 00000; 00002
01372800;J MHC CINTURA P;corte;; 00011; 00011; 00012; 00017; 00003; 00002; 00000; 00000; 00000; 00056
01372800;J MHC CINTURA P;sugerido;; 00026; 00062; 00047; 00051; 00033; 00027; 00000; 00000; 00000; 00246
;
01372801;J MHC CINTURA P;Ventas;; 00083; 00133; 00133; 00110; 00046; 00033; 00000; 00000; 00000; 000538
01372801;J MHC CINTURA P;Despacho;; 00028; 00050; 00050; 00044; 00028; 00013; 00000; 00000; 00000; 00213
01372801;J MHC CINTURA P;saldo;; 00055; 00083; 00083; 00066; 00018; 00020; 00000; 00000; 00000; 00325
01372801;J MHC CINTURA P;stock;; 00021; 00026; 00012; 00005; 00000; 00000; 00000; 00000; 00000; 00064
01372801;J MHC CINTURA P;corte;; 00000; 00000; 00000; 00000; 00000; 00000; 00000; 00000; 00000; 00000
01372801;J MHC CINTURA P;sugerido;; 00034; 00057; 00071; 00061; 00018; 00020; 00000; 00000; 00000; 00261
;
01372880;J MHC CINTURA P;Ventas;; 00012; 00012; 00012; 00012; 00012; 00012; 00000; 00000; 00000; 000072
01372880;J MHC CINTURA P;Despacho;; 00000; 00000; 00002; 00000; 00000; 00001; 00000; 00000; 00000; 00003
01372880;J MHC CINTURA P;saldo;; 00012; 00012; 00010; 00012; 00012; 00011; 00000; 00000; 00000; 00069
01372880;J MHC CINTURA P;stock;; 00001; 00000; 00000; 00002; 00000; 00001; 00000; 00000; 00000; 00004
01372880;J MHC CINTURA P;corte;; 00000; 00000; 00000; 00000; 00000; 00000; 00000; 00000; 00000; 00000
01372880;J MHC CINTURA P;sugerido;; 00011; 00012; 00010; 00010; 00012; 00010; 00000; 00000; 00000; 00065
;
01372900;J MHC CINTURA P;Ventas;; 00090; 00140; 00143; 00130; 00075; 00047; 00000; 00000; 00000; 000625
01372900;J MHC CINTURA P;Despacho;; 00068; 00105; 00109; 00099; 00060; 00036; 00000; 00000; 00000; 00477
01372900;J MHC CINTURA P;saldo;; 00022; 00035; 00034; 00031; 00015; 00011; 00000; 00000; 00000; 00148
01372900;J MHC CINTURA P;stock;; 00000; 00004; 00000; 00000; 00000; 00000; 00000; 00000; 00000; 00004
01372900;J MHC CINTURA P;corte;; 00002; 00004; 00000; 00002;-00002; 00000; 00000; 00000; 00000; 00006
01372900;J MHC CINTURA P;sugerido;; 00020; 00027; 00034; 00029; 00017; 00011; 00000; 00000; 00000; 00138
;
01372901;J MHC CINTURA P;Ventas;; 00007; 00009; 00009; 00007; 00005; 00001; 00000; 00000; 00000; 000038
01372901;J MHC CINTURA P;Despacho;; 00000; 00000; 00000; 00000; 00000; 00000; 00000; 00000; 00000; 00000
01372901;J MHC CINTURA P;saldo;; 00007; 00009; 00009; 00007; 00005; 00001; 00000; 00000; 00000; 00038
01372901;J MHC CINTURA P;stock;; 00000; 00000; 00000; 00000; 00000; 00000; 00000; 00000; 00000; 00000
01372901;J MHC CINTURA P;corte;; 00000; 00000; 00000; 00000; 00000; 00000; 00000; 00000; 00000; 00000
01372901;J MHC CINTURA P;sugerido;; 00007; 00009; 00009; 00007; 00005; 00001; 00000; 00000; 00000; 00038
;
01372980;J MHC CINTURA P;Ventas;; 00012; 00012; 00012; 00012; 00008; 00008; 00000; 00000; 00000; 000064
01372980;J MHC CINTURA P;Despacho;; 00001; 00003; 00002; 00001; 00000; 00000; 00000; 00000; 00000; 00007
01372980;J MHC CINTURA P;saldo;; 00011; 00009; 00010; 00011; 00008; 00008; 00000; 00000; 00000; 00057
01372980;J MHC CINTURA P;stock;; 00000; 00000; 00000; 00000; 00000; 00000; 00000; 00000; 00000; 00000
01372980;J MHC CINTURA P;corte;; 00000; 00000; 00000; 00000; 00000; 00000; 00000; 00000; 00000; 00000
01372980;J MHC CINTURA P;sugerido;; 00011; 00009; 00010; 00011; 00008; 00008; 00000; 00000; 00000; 00057
;
01372999;J CINTURA RECTO;Ventas;; 00000; 00000; 00001; 00000; 00000; 00000; 00000; 00000; 00000; 000001
01372999;J CINTURA RECTO;Despacho;; 00000; 00000; 00000; 00000; 00000; 00000; 00000; 00000; 00000; 00000
01372999;J CINTURA RECTO;saldo;; 00000; 00000; 00001; 00000; 00000; 00000; 00000; 00000; 00000; 00001
01372999;J CINTURA RECTO;stock;; 00000; 00000; 00000; 00000; 00000; 00000; 00000; 00000; 00000; 00000
01372999;J CINTURA RECTO;corte;; 00000; 00000; 00000; 00000; 00000; 00000; 00000; 00000; 00000; 00000
01372999;J CINTURA RECTO;sugerido;; 00000; 00000; 00001; 00000; 00000; 00000; 00000; 00000; 00000; 00001
;
01373000;J MHC CINTURA F;Ventas;; 00044; 00066; 00066; 00050; 00020; 00015; 00000; 00000; 00000; 000261
01373000;J MHC CINTURA F;Despacho;; 00040; 00059; 00058; 00042; 00021; 00015; 00000; 00000; 00000; 00235
01373000;J MHC CINTURA F;saldo;; 00004; 00007; 00008; 00008;-00001; 00000; 00000; 00000; 00000; 00026
01373000;J MHC CINTURA F;stock;; 00002; 00000; 00000; 00000; 00000; 00000; 00000; 00000; 00000; 00002
01373000;J MHC CINTURA F;corte;; 00032; 00040; 00047; 00040; 00037; 00019; 00000; 00000; 00000; 00215
01373000;J MHC CINTURA F;sugerido;;-00030;-00033;-00039;-00032;-00038;-00019; 00000; 00000; 00000;-00191
;
01373006;J MHC CINTURA F;Ventas;; 00059; 00096; 00100; 00077; 00037; 00024; 00000; 00000; 00000; 000393
01373006;J MHC CINTURA F;Despacho;; 00026; 00069; 00072; 00061; 00028; 00024; 00000; 00000; 00000; 00280
01373006;J MHC CINTURA F;saldo;; 00033; 00027; 00028; 00016; 00009; 00000; 00000; 00000; 00000; 00113
01373006;J MHC CINTURA F;stock;; 00000; 00000; 00000; 00000; 00000; 00000; 00000; 00000; 00000; 00000
01373006;J MHC CINTURA F;corte;; 00000; 00000; 00000; 00000; 00000; 00000; 00000; 00000; 00000; 00000
01373006;J MHC CINTURA F;sugerido;; 00033; 00027; 00028; 00016; 00009; 00000; 00000; 00000; 00000; 00113
;
01373100;J MHC CINTURA P;Ventas;; 00090; 00154; 00169; 00146; 00073; 00052; 00000; 00000; 00000; 000684
01373100;J MHC CINTURA P;Despacho;; 00038; 00081; 00097; 00083; 00053; 00030; 00000; 00000; 00000; 00382
01373100;J MHC CINTURA P;saldo;; 00052; 00073; 00072; 00063; 00020; 00022; 00000; 00000; 00000; 00302
01373100;J MHC CINTURA P;stock;; 00023; 00006; 00000; 00000; 00000; 00004; 00000; 00000; 00000; 00033
01373100;J MHC CINTURA P;corte;; 00000; 00000; 00000; 00000; 00000; 00000; 00000; 00000; 00000; 00000
01373100;J MHC CINTURA P;sugerido;; 00029; 00067; 00072; 00063; 00020; 00018; 00000; 00000; 00000; 00269
;
01373180;J MHC CINTURA P;Ventas;; 00010; 00010; 00010; 00010; 00008; 00008; 00000; 00000; 00000; 000056
01373180;J MHC CINTURA P;Despacho;; 00000; 00000; 00000; 00000; 00000; 00001; 00000; 00000; 00000; 00001
01373180;J MHC CINTURA P;saldo;; 00010; 00010; 00010; 00010; 00008; 00007; 00000; 00000; 00000; 00055
01373180;J MHC CINTURA P;stock;; 00000; 00000; 00000; 00000; 00000; 00000; 00000; 00000; 00000; 00000
01373180;J MHC CINTURA P;corte;; 00000; 00000; 00000; 00000; 00000; 00000; 00000; 00000; 00000; 00000
01373180;J MHC CINTURA P;sugerido;; 00010; 00010; 00010; 00010; 00008; 00007; 00000; 00000; 00000; 00055
;
01373200;J CINTURA FLARE;Ventas;; 00083; 00127; 00135; 00106; 00044; 00036; 00000; 00000; 00000; 000531
01373200;J CINTURA FLARE;Despacho;; 00062; 00105; 00088; 00073; 00044; 00032; 00000; 00000; 00000; 00404
01373200;J CINTURA FLARE;saldo;; 00021; 00022; 00047; 00033; 00000; 00004; 00000; 00000; 00000; 00127
01373200;J CINTURA FLARE;stock;; 00010; 00000;-00002; 00000; 00000; 00003; 00000; 00000; 00000; 00011
01373200;J CINTURA FLARE;corte;; 00037; 00059; 00045; 00064; 00033; 00014; 00000; 00000; 00000; 00252
01373200;J CINTURA FLARE;sugerido;;-00026;-00037; 00004;-00031;-00033;-00013; 00000; 00000; 00000;-00136
;
01373280;J CINTURA FLARE;Ventas;; 00010; 00010; 00010; 00010; 00008; 00008; 00000; 00000; 00000; 000056
01373280;J CINTURA FLARE;Despacho;; 00001; 00000; 00000; 00000; 00000; 00000; 00000; 00000; 00000; 00001
01373280;J CINTURA FLARE;saldo;; 00009; 00010; 00010; 00010; 00008; 00008; 00000; 00000; 00000; 00055
01373280;J CINTURA FLARE;stock;; 00000; 00000; 00000; 00000; 00000; 00000; 00000; 00000; 00000; 00000
01373280;J CINTURA FLARE;corte;; 00000; 00000; 00000; 00000; 00000; 00000; 00000; 00000; 00000; 00000
01373280;J CINTURA FLARE;sugerido;; 00009; 00010; 00010; 00010; 00008; 00008; 00000; 00000; 00000; 00055
;
01373300;J CINTURA TOBIL;Ventas;; 00043; 00068; 00077; 00066; 00029; 00022; 00000; 00000; 00000; 000305
01373300;J CINTURA TOBIL;Despacho;; 00032; 00054; 00058; 00053; 00017; 00014; 00000; 00000; 00000; 00228
01373300;J CINTURA TOBIL;saldo;; 00011; 00014; 00019; 00013; 00012; 00008; 00000; 00000; 00000; 00077
01373300;J CINTURA TOBIL;stock;; 00001; 00004; 00001; 00000; 00019; 00008; 00000; 00000; 00000; 00033
01373300;J CINTURA TOBIL;corte;; 00000; 00000; 00000; 00000; 00000; 00000; 00000; 00000; 00000; 00000
01373300;J CINTURA TOBIL;sugerido;; 00010; 00010; 00018; 00013;-00007; 00000; 00000; 00000; 00000; 00044
;
01373380;J CINTURA TOBIL;Ventas;; 00010; 00010; 00010; 00010; 00008; 00008; 00000; 00000; 00000; 000056
01373380;J CINTURA TOBIL;Despacho;; 00001; 00001; 00000; 00000; 00000; 00000; 00000; 00000; 00000; 00002
01373380;J CINTURA TOBIL;saldo;; 00009; 00009; 00010; 00010; 00008; 00008; 00000; 00000; 00000; 00054
01373380;J CINTURA TOBIL;stock;;-00001;-00001; 00000; 00000; 00000; 00000; 00000; 00000; 00000;-00002
01373380;J CINTURA TOBIL;corte;; 00000; 00000; 00000; 00000; 00000; 00000; 00000; 00000; 00000; 00000
01373380;J CINTURA TOBIL;sugerido;; 00010; 00010; 00010; 00010; 00008; 00008; 00000; 00000; 00000; 00056
;
01373400;J MEDIO OXFORD ;Ventas;; 00060; 00100; 00097; 00080; 00037; 00023; 00000; 00000; 00000; 000397
01373400;J MEDIO OXFORD ;Despacho;; 00035; 00064; 00061; 00048; 00015; 00006; 00000; 00000; 00000; 00229
01373400;J MEDIO OXFORD ;saldo;; 00025; 00036; 00036; 00032; 00022; 00017; 00000; 00000; 00000; 00168
01373400;J MEDIO OXFORD ;stock;; 00017; 00007; 00000; 00000; 00000; 00000; 00000; 00000; 00000; 00024
01373400;J MEDIO OXFORD ;corte;; 00000; 00000; 00000; 00000; 00000; 00000; 00000; 00000; 00000; 00000
01373400;J MEDIO OXFORD ;sugerido;; 00008; 00029; 00036; 00032; 00022; 00017; 00000; 00000; 00000; 00144
;
01373480;J MEDIO OXFORD ;Ventas;; 00012; 00012; 00012; 00012; 00008; 00008; 00000; 00000; 00000; 000064
01373480;J MEDIO OXFORD ;Despacho;; 00003; 00001; 00000; 00001; 00000; 00000; 00000; 00000; 00000; 00005
01373480;J MEDIO OXFORD ;saldo;; 00009; 00011; 00012; 00011; 00008; 00008; 00000; 00000; 00000; 00059
01373480;J MEDIO OXFORD ;stock;; 00000; 00000; 00000; 00000; 00000; 00000; 00000; 00000; 00000; 00000
01373480;J MEDIO OXFORD ;corte;; 00000; 00000; 00000; 00000; 00000; 00000; 00000; 00000; 00000; 00000
01373480;J MEDIO OXFORD ;sugerido;; 00009; 00011; 00012; 00011; 00008; 00008; 00000; 00000; 00000; 00059
;
01373500;J CINTURA TOBIL;Ventas;; 00068; 00111; 00125; 00108; 00068; 00038; 00000; 00000; 00000; 000518
01373500;J CINTURA TOBIL;Despacho;; 00032; 00053; 00064; 00055; 00030; 00015; 00000; 00000; 00000; 00249
01373500;J CINTURA TOBIL;saldo;; 00036; 00058; 00061; 00053; 00038; 00023; 00000; 00000; 00000; 00269
01373500;J CINTURA TOBIL;stock;; 00000; 00002; 00000; 00000; 00000; 00000; 00000; 00000; 00000; 00002
01373500;J CINTURA TOBIL;corte;; 00000; 00000; 00000; 00000; 00000; 00000; 00000; 00000; 00000; 00000
01373500;J CINTURA TOBIL;sugerido;; 00036; 00056; 00061; 00053; 00038; 00023; 00000; 00000; 00000; 00267
;
01373580;J CINTURA TOBIL;Ventas;; 00012; 00012; 00012; 00012; 00008; 00008; 00000; 00000; 00000; 000064
01373580;J CINTURA TOBIL;Despacho;; 00000; 00000; 00003; 00000; 00000; 00000; 00000; 00000; 00000; 00003
01373580;J CINTURA TOBIL;saldo;; 00012; 00012; 00009; 00012; 00008; 00008; 00000; 00000; 00000; 00061
01373580;J CINTURA TOBIL;stock;; 00000; 00000; 00000; 00000; 00000; 00000; 00000; 00000; 00000; 00000
01373580;J CINTURA TOBIL;corte;; 00000; 00000; 00000; 00000; 00000; 00000; 00000; 00000; 00000; 00000
01373580;J CINTURA TOBIL;sugerido;; 00012; 00012; 00009; 00012; 00008; 00008; 00000; 00000; 00000; 00061
;
01373600;J MHC  MEDIO PI;Ventas;; 00063; 00105; 00129; 00098; 00058; 00033; 00002; 00000; 00000; 000488
01373600;J MHC  MEDIO PI;Despacho;; 00053; 00087; 00106; 00074; 00043; 00023; 00000; 00000; 00000; 00386
01373600;J MHC  MEDIO PI;saldo;; 00010; 00018; 00023; 00024; 00015; 00010; 00002; 00000; 00000; 00102
01373600;J MHC  MEDIO PI;stock;; 00018; 00014; 00000; 00000; 00000; 00001; 00000; 00000; 00000; 00033
01373600;J MHC  MEDIO PI;corte;; 00002; 00003; 00000; 00000; 00000; 00000; 00000; 00000; 00000; 00005
01373600;J MHC  MEDIO PI;sugerido;;-00010; 00001; 00023; 00024; 00015; 00009; 00002; 00000; 00000; 00064
;
01373680;J MHC  MEDIO PI;Ventas;; 00010; 00010; 00010; 00010; 00008; 00008; 00000; 00000; 00000; 000056
01373680;J MHC  MEDIO PI;Despacho;; 00000; 00000; 00000; 00000; 00000; 00001; 00000; 00000; 00000; 00001
01373680;J MHC  MEDIO PI;saldo;; 00010; 00010; 00010; 00010; 00008; 00007; 00000; 00000; 00000; 00055
01373680;J MHC  MEDIO PI;stock;; 00000; 00000; 00000; 00000; 00000; 00000; 00000; 00000; 00000; 00000
01373680;J MHC  MEDIO PI;corte;; 00000; 00000; 00000; 00000; 00000; 00000; 00000; 00000; 00000; 00000
01373680;J MHC  MEDIO PI;sugerido;; 00010; 00010; 00010; 00010; 00008; 00007; 00000; 00000; 00000; 00055
;
01373700;J CINTURA PALAS;Ventas;; 00128; 00186; 00189; 00164; 00093; 00056; 00000; 00000; 00000; 000816
01373700;J CINTURA PALAS;Despacho;; 00089; 00097; 00130; 00125; 00072; 00033; 00000; 00000; 00000; 00546
01373700;J CINTURA PALAS;saldo;; 00039; 00089; 00059; 00039; 00021; 00023; 00000; 00000; 00000; 00270
01373700;J CINTURA PALAS;stock;; 00005; 00002; 00000; 00000; 00000; 00000; 00000; 00000; 00000; 00007
01373700;J CINTURA PALAS;corte;; 00052; 00116; 00128; 00114; 00050; 00028; 00000; 00000; 00000; 00488
01373700;J CINTURA PALAS;sugerido;;-00018;-00029;-00069;-00075;-00029;-00005; 00000; 00000; 00000;-00225
;
01373701;J CINTURA PALAS;Ventas;; 00043; 00066; 00056; 00053; 00028; 00021; 00000; 00000; 00000; 000267
01373701;J CINTURA PALAS;Despacho;; 00010; 00016; 00011; 00010; 00004; 00003; 00000; 00000; 00000; 00054
01373701;J CINTURA PALAS;saldo;; 00033; 00050; 00045; 00043; 00024; 00018; 00000; 00000; 00000; 00213
01373701;J CINTURA PALAS;stock;; 00002; 00005; 00000; 00000; 00000; 00000; 00000; 00000; 00000; 00007
01373701;J CINTURA PALAS;corte;; 00000; 00000; 00000; 00000; 00000; 00000; 00000; 00000; 00000; 00000
01373701;J CINTURA PALAS;sugerido;; 00031; 00045; 00045; 00043; 00024; 00018; 00000; 00000; 00000; 00206
;
01373702;J CINTURA PALAS;Ventas;; 00016; 00028; 00029; 00026; 00017; 00012; 00000; 00000; 00000; 000128
01373702;J CINTURA PALAS;Despacho;; 00009; 00014; 00015; 00011; 00006; 00000; 00000; 00000; 00000; 00055
01373702;J CINTURA PALAS;saldo;; 00007; 00014; 00014; 00015; 00011; 00012; 00000; 00000; 00000; 00073
01373702;J CINTURA PALAS;stock;; 00000; 00000; 00000; 00001; 00000; 00000; 00000; 00000; 00000; 00001
01373702;J CINTURA PALAS;corte;; 00020; 00024; 00024; 00030; 00000; 00000; 00000; 00000; 00000; 00098
01373702;J CINTURA PALAS;sugerido;;-00013;-00010;-00010;-00016; 00011; 00012; 00000; 00000; 00000;-00026
;
01373780;J CINTURA PALAS;Ventas;; 00010; 00010; 00010; 00010; 00008; 00008; 00000; 00000; 00000; 000056
01373780;J CINTURA PALAS;Despacho;; 00001; 00000; 00000; 00000; 00000; 00000; 00000; 00000; 00000; 00001
01373780;J CINTURA PALAS;saldo;; 00009; 00010; 00010; 00010; 00008; 00008; 00000; 00000; 00000; 00055
01373780;J CINTURA PALAS;stock;; 00000; 00000; 00000; 00000; 00000; 00000; 00000; 00000; 00000; 00000
01373780;J CINTURA PALAS;corte;; 00000; 00000; 00000; 00000; 00000; 00000; 00000; 00000; 00000; 00000
01373780;J CINTURA PALAS;sugerido;; 00009; 00010; 00010; 00010; 00008; 00008; 00000; 00000; 00000; 00055
;
01373800;J CINTURA FLARE;Ventas;; 00066; 00098; 00101; 00083; 00043; 00028; 00000; 00000; 00000; 000419
01373800;J CINTURA FLARE;Despacho;; 00018; 00037; 00038; 00024; 00016; 00010; 00000; 00000; 00000; 00143
01373800;J CINTURA FLARE;saldo;; 00048; 00061; 00063; 00059; 00027; 00018; 00000; 00000; 00000; 00276
01373800;J CINTURA FLARE;stock;; 00003; 00002; 00000; 00000; 00000; 00000; 00000; 00000; 00000; 00005
01373800;J CINTURA FLARE;corte;; 00000; 00000; 00000; 00000; 00000; 00000; 00000; 00000; 00000; 00000
01373800;J CINTURA FLARE;sugerido;; 00045; 00059; 00063; 00059; 00027; 00018; 00000; 00000; 00000; 00271
;
01373880;J CINTURA FLARE;Ventas;; 00010; 00010; 00010; 00010; 00008; 00008; 00000; 00000; 00000; 000056
01373880;J CINTURA FLARE;Despacho;; 00001; 00000; 00000; 00000; 00000; 00000; 00000; 00000; 00000; 00001
01373880;J CINTURA FLARE;saldo;; 00009; 00010; 00010; 00010; 00008; 00008; 00000; 00000; 00000; 00055
01373880;J CINTURA FLARE;stock;; 00000; 00000; 00000; 00000; 00000; 00000; 00000; 00000; 00000; 00000
01373880;J CINTURA FLARE;corte;; 00000; 00000; 00000; 00000; 00000; 00000; 00000; 00000; 00000; 00000
01373880;J CINTURA FLARE;sugerido;; 00009; 00010; 00010; 00010; 00008; 00008; 00000; 00000; 00000; 00055
;
01373900;J CINTURA PITIL;Ventas;; 00044; 00069; 00068; 00057; 00022; 00016; 00000; 00000; 00000; 000276
01373900;J CINTURA PITIL;Despacho;; 00053; 00080; 00079; 00065; 00033; 00030; 00000; 00000; 00000; 00340
01373900;J CINTURA PITIL;saldo;;-00009;-00011;-00011;-00008;-00011;-00014; 00000; 00000; 00000;-00064
01373900;J CINTURA PITIL;stock;; 00007; 00000; 00000; 00000; 00000; 00001; 00000; 00000; 00000; 00008
01373900;J CINTURA PITIL;corte;; 00062; 00110; 00133; 00072; 00059; 00030; 00000; 00000; 00000; 00466
01373900;J CINTURA PITIL;sugerido;;-00078;-00121;-00144;-00080;-00070;-00045; 00000; 00000; 00000;-00538
;
01373906;J CINTURA PITIL;Ventas;; 00016; 00022; 00021; 00016; 00012; 00008; 00000; 00000; 00000; 000095
01373906;J CINTURA PITIL;Despacho;; 00005; 00009; 00010; 00007; 00003; 00001; 00000; 00000; 00000; 00035
01373906;J CINTURA PITIL;saldo;; 00011; 00013; 00011; 00009; 00009; 00007; 00000; 00000; 00000; 00060
01373906;J CINTURA PITIL;stock;; 00000; 00000; 00000; 00000; 00000; 00000; 00000; 00000; 00000; 00000
01373906;J CINTURA PITIL;corte;; 00000; 00000; 00000; 00000; 00000; 00000; 00000; 00000; 00000; 00000
01373906;J CINTURA PITIL;sugerido;; 00011; 00013; 00011; 00009; 00009; 00007; 00000; 00000; 00000; 00060
;
01374000;J CINTURA FLARE;Ventas;; 00023; 00036; 00035; 00029; 00019; 00011; 00000; 00000; 00000; 000153
01374000;J CINTURA FLARE;Despacho;; 00011; 00017; 00016; 00011; 00005; 00004; 00000; 00000; 00000; 00064
01374000;J CINTURA FLARE;saldo;; 00012; 00019; 00019; 00018; 00014; 00007; 00000; 00000; 00000; 00089
01374000;J CINTURA FLARE;stock;; 00003; 00002; 00004; 00000; 00000; 00000; 00000; 00000; 00000; 00009
01374000;J CINTURA FLARE;corte;; 00000; 00000; 00000; 00000; 00000; 00000; 00000; 00000; 00000; 00000
01374000;J CINTURA FLARE;sugerido;; 00009; 00017; 00015; 00018; 00014; 00007; 00000; 00000; 00000; 00080
;
01374200;J MHC CINTURA R;Ventas;; 00037; 00052; 00055; 00045; 00019; 00013; 00000; 00000; 00000; 000221
01374200;J MHC CINTURA R;Despacho;; 00024; 00042; 00041; 00032; 00010; 00008; 00000; 00000; 00000; 00157
01374200;J MHC CINTURA R;saldo;; 00013; 00010; 00014; 00013; 00009; 00005; 00000; 00000; 00000; 00064
01374200;J MHC CINTURA R;stock;; 00008; 00006; 00005; 00002; 00002; 00000; 00000; 00000; 00000; 00023
01374200;J MHC CINTURA R;corte;; 00010; 00010;-00001; 00000; 00000; 00000; 00000; 00000; 00000; 00019
01374200;J MHC CINTURA R;sugerido;;-00005;-00006; 00010; 00011; 00007; 00005; 00000; 00000; 00000; 00022
;
01374206;J MHC CINTURA R;Ventas;; 00043; 00069; 00064; 00054; 00025; 00016; 00000; 00000; 00000; 000271
01374206;J MHC CINTURA R;Despacho;; 00013; 00022; 00019; 00017; 00011; 00005; 00000; 00000; 00000; 00087
01374206;J MHC CINTURA R;saldo;; 00030; 00047; 00045; 00037; 00014; 00011; 00000; 00000; 00000; 00184
01374206;J MHC CINTURA R;stock;; 00000; 00002; 00000; 00000; 00000; 00000; 00000; 00000; 00000; 00002
01374206;J MHC CINTURA R;corte;; 00038; 00062; 00072; 00068; 00050; 00037; 00000; 00000; 00000; 00327
01374206;J MHC CINTURA R;sugerido;;-00008;-00017;-00027;-00031;-00036;-00026; 00000; 00000; 00000;-00145
;
01374400;J MHC CINTURA P;Ventas;; 00096; 00150; 00157; 00138; 00079; 00046; 00000; 00000; 00000; 000666
01374400;J MHC CINTURA P;Despacho;; 00067; 00143; 00144; 00123; 00068; 00035; 00000; 00000; 00000; 00580
01374400;J MHC CINTURA P;saldo;; 00029; 00007; 00013; 00015; 00011; 00011; 00000; 00000; 00000; 00086
01374400;J MHC CINTURA P;stock;; 00012; 00006; 00000; 00000; 00000; 00000; 00000; 00000; 00000; 00018
01374400;J MHC CINTURA P;corte;; 00005; 00013; 00009; 00007; 00006; 00003; 00000; 00000; 00000; 00043
01374400;J MHC CINTURA P;sugerido;; 00012;-00012; 00004; 00008; 00005; 00008; 00000; 00000; 00000; 00025
;
01374401;J MHC CINTURA P;Ventas;; 00006; 00008; 00007; 00006; 00006; 00004; 00000; 00000; 00000; 000037
01374401;J MHC CINTURA P;Despacho;; 00004; 00005; 00005; 00005; 00004; 00003; 00000; 00000; 00000; 00026
01374401;J MHC CINTURA P;saldo;; 00002; 00003; 00002; 00001; 00002; 00001; 00000; 00000; 00000; 00011
01374401;J MHC CINTURA P;stock;; 00000; 00000; 00000; 00000; 00000; 00000; 00000; 00000; 00000; 00000
01374401;J MHC CINTURA P;corte;; 00000; 00000; 00000; 00000; 00000; 00000; 00000; 00000; 00000; 00000
01374401;J MHC CINTURA P;sugerido;; 00002; 00003; 00002; 00001; 00002; 00001; 00000; 00000; 00000; 00011
;
01374499;J MHC CINTURA P;Ventas;; 00000; 00001; 00000; 00000; 00000; 00000; 00000; 00000; 00000; 000001
01374499;J MHC CINTURA P;Despacho;; 00000; 00000; 00000; 00000; 00000; 00000; 00000; 00000; 00000; 00000
01374499;J MHC CINTURA P;saldo;; 00000; 00001; 00000; 00000; 00000; 00000; 00000; 00000; 00000; 00001
01374499;J MHC CINTURA P;stock;; 00000; 00000; 00000; 00000; 00000; 00000; 00000; 00000; 00000; 00000
01374499;J MHC CINTURA P;corte;; 00000; 00000; 00000; 00000; 00000; 00000; 00000; 00000; 00000; 00000
01374499;J MHC CINTURA P;sugerido;; 00000; 00001; 00000; 00000; 00000; 00000; 00000; 00000; 00000; 00001
;
01374500;J MHC MEDIO TOB;Ventas;; 00054; 00090; 00094; 00089; 00055; 00033; 00000; 00000; 00000; 000415
01374500;J MHC MEDIO TOB;Despacho;; 00045; 00080; 00080; 00076; 00044; 00022; 00000; 00000; 00000; 00347
01374500;J MHC MEDIO TOB;saldo;; 00009; 00010; 00014; 00013; 00011; 00011; 00000; 00000; 00000; 00068
01374500;J MHC MEDIO TOB;stock;; 00000; 00000; 00000; 00000; 00000; 00000; 00000; 00000; 00000; 00000
01374500;J MHC MEDIO TOB;corte;; 00000; 00008; 00000; 00000; 00000; 00000; 00000; 00000; 00000; 00008
01374500;J MHC MEDIO TOB;sugerido;; 00009; 00002; 00014; 00013; 00011; 00011; 00000; 00000; 00000; 00060
;
01374506;J MHC MEDIO TOB;Ventas;; 00020; 00029; 00033; 00027; 00019; 00009; 00000; 00000; 00000; 000137
01374506;J MHC MEDIO TOB;Despacho;; 00014; 00020; 00021; 00018; 00011; 00002; 00000; 00000; 00000; 00086
01374506;J MHC MEDIO TOB;saldo;; 00006; 00009; 00012; 00009; 00008; 00007; 00000; 00000; 00000; 00051
01374506;J MHC MEDIO TOB;stock;; 00000; 00000; 00000; 00000; 00000; 00000; 00000; 00000; 00000; 00000
01374506;J MHC MEDIO TOB;corte;; 00000; 00000; 00000; 00000; 00000; 00000; 00000; 00000; 00000; 00000
01374506;J MHC MEDIO TOB;sugerido;; 00006; 00009; 00012; 00009; 00008; 00007; 00000; 00000; 00000; 00051
;
01374538;J MHC MEDIO TOB;Ventas;; 00031; 00051; 00047; 00039; 00025; 00016; 00000; 00000; 00000; 000209
01374538;J MHC MEDIO TOB;Despacho;; 00024; 00042; 00038; 00030; 00019; 00008; 00000; 00000; 00000; 00161
01374538;J MHC MEDIO TOB;saldo;; 00007; 00009; 00009; 00009; 00006; 00008; 00000; 00000; 00000; 00048
01374538;J MHC MEDIO TOB;stock;; 00000; 00000; 00000; 00000; 00000; 00000; 00000; 00000; 00000; 00000
01374538;J MHC MEDIO TOB;corte;; 00000; 00000; 00000; 00000; 00000; 00000; 00000; 00000; 00000; 00000
01374538;J MHC MEDIO TOB;sugerido;; 00007; 00009; 00009; 00009; 00006; 00008; 00000; 00000; 00000; 00048
;
01374600;J   MHC  MEDIO ;Ventas;; 00103; 00157; 00161; 00150; 00091; 00061; 00000; 00000; 00000; 000723
01374600;J   MHC  MEDIO ;Despacho;; 00092; 00141; 00150; 00137; 00080; 00045; 00000; 00000; 00000; 00645
01374600;J   MHC  MEDIO ;saldo;; 00011; 00016; 00011; 00013; 00011; 00016; 00000; 00000; 00000; 00078
01374600;J   MHC  MEDIO ;stock;; 00000; 00000; 00000; 00000; 00000; 00000; 00000; 00000; 00000; 00000
01374600;J   MHC  MEDIO ;corte;; 00000; 00000; 00000; 00000; 00000; 00000; 00000; 00000; 00000; 00000
01374600;J   MHC  MEDIO ;sugerido;; 00011; 00016; 00011; 00013; 00011; 00016; 00000; 00000; 00000; 00078
;
01374680;J   MHC  MEDIO ;Ventas;; 00010; 00010; 00010; 00010; 00008; 00008; 00000; 00000; 00000; 000056
01374680;J   MHC  MEDIO ;Despacho;; 00001; 00000; 00000; 00000; 00000; 00000; 00000; 00000; 00000; 00001
01374680;J   MHC  MEDIO ;saldo;; 00009; 00010; 00010; 00010; 00008; 00008; 00000; 00000; 00000; 00055
01374680;J   MHC  MEDIO ;stock;; 00000; 00000; 00000; 00000; 00000; 00000; 00000; 00000; 00000; 00000
01374680;J   MHC  MEDIO ;corte;; 00000; 00000; 00000; 00000; 00000; 00000; 00000; 00000; 00000; 00000
01374680;J   MHC  MEDIO ;sugerido;; 00009; 00010; 00010; 00010; 00008; 00008; 00000; 00000; 00000; 00055
;
01374700;J MHC T/36 CINT;Ventas;; 00020; 00035; 00035; 00028; 00017; 00009; 00000; 00000; 00000; 000144
01374700;J MHC T/36 CINT;Despacho;; 00009; 00018; 00017; 00016; 00010; 00000; 00000; 00000; 00000; 00070
01374700;J MHC T/36 CINT;saldo;; 00011; 00017; 00018; 00012; 00007; 00009; 00000; 00000; 00000; 00074
01374700;J MHC T/36 CINT;stock;; 00002; 00004; 00004; 00007; 00001; 00000; 00000; 00000; 00000; 00018
01374700;J MHC T/36 CINT;corte;; 00019; 00038; 00045; 00036; 00026; 00012; 00000; 00000; 00000; 00176
01374700;J MHC T/36 CINT;sugerido;;-00010;-00025;-00031;-00031;-00020;-00003; 00000; 00000; 00000;-00120
;
01374800;J MHC T/36 CINT;Ventas;; 00008; 00008; 00008; 00006; 00005; 00004; 00000; 00000; 00000; 000039
01374800;J MHC T/36 CINT;Despacho;; 00000; 00000; 00000; 00000; 00000; 00000; 00000; 00000; 00000; 00000
01374800;J MHC T/36 CINT;saldo;; 00008; 00008; 00008; 00006; 00005; 00004; 00000; 00000; 00000; 00039
01374800;J MHC T/36 CINT;stock;; 00002; 00000; 00000; 00000; 00000; 00000; 00000; 00000; 00000; 00002
01374800;J MHC T/36 CINT;corte;; 00000; 00000; 00000; 00000; 00000; 00000; 00000; 00000; 00000; 00000
01374800;J MHC T/36 CINT;sugerido;; 00006; 00008; 00008; 00006; 00005; 00004; 00000; 00000; 00000; 00037
;
01375200;J MHC CINTURA P;Ventas;; 00108; 00189; 00174; 00166; 00104; 00070; 00000; 00000; 00000; 000811
01375200;J MHC CINTURA P;Despacho;; 00097; 00171; 00154; 00147; 00081; 00050; 00000; 00000; 00000; 00700
01375200;J MHC CINTURA P;saldo;; 00011; 00018; 00020; 00019; 00023; 00020; 00000; 00000; 00000; 00111
01375200;J MHC CINTURA P;stock;; 00005; 00001; 00002; 00000; 00000; 00000; 00000; 00000; 00000; 00008
01375200;J MHC CINTURA P;corte;; 00000; 00000; 00000; 00000; 00000; 00000; 00000; 00000; 00000; 00000
01375200;J MHC CINTURA P;sugerido;; 00006; 00017; 00018; 00019; 00023; 00020; 00000; 00000; 00000; 00103
;
01375201;JEAN MHC T/36 C;Ventas;; 00077; 00135; 00146; 00132; 00090; 00060; 00000; 00000; 00000; 000640
01375201;JEAN MHC T/36 C;Despacho;; 00054; 00103; 00125; 00112; 00074; 00049; 00000; 00000; 00000; 00517
01375201;JEAN MHC T/36 C;saldo;; 00023; 00032; 00021; 00020; 00016; 00011; 00000; 00000; 00000; 00123
01375201;JEAN MHC T/36 C;stock;; 00000; 00001; 00005; 00000; 00004; 00000; 00000; 00000; 00000; 00010
01375201;JEAN MHC T/36 C;corte;; 00020; 00040; 00040; 00050; 00030; 00020; 00000; 00000; 00000; 00200
01375201;JEAN MHC T/36 C;sugerido;; 00003;-00009;-00024;-00030;-00018;-00009; 00000; 00000; 00000;-00087
;
01375280;J MHC CINTURA P;Ventas;; 00012; 00012; 00012; 00012; 00008; 00008; 00000; 00000; 00000; 000064
01375280;J MHC CINTURA P;Despacho;; 00000; 00000; 00000; 00000; 00000; 00000; 00000; 00000; 00000; 00000
01375280;J MHC CINTURA P;saldo;; 00012; 00012; 00012; 00012; 00008; 00008; 00000; 00000; 00000; 00064
01375280;J MHC CINTURA P;stock;; 00000; 00000; 00000; 00000; 00000; 00000; 00000; 00000; 00000; 00000
01375280;J MHC CINTURA P;corte;; 00000; 00000; 00000; 00000; 00000; 00000; 00000; 00000; 00000; 00000
01375280;J MHC CINTURA P;sugerido;; 00012; 00012; 00012; 00012; 00008; 00008; 00000; 00000; 00000; 00064
;
01375300;J MHC CINTURA P;Ventas;; 00056; 00086; 00087; 00080; 00045; 00027; 00000; 00000; 00000; 000381
01375300;J MHC CINTURA P;Despacho;; 00029; 00061; 00054; 00052; 00032; 00016; 00000; 00000; 00000; 00244
01375300;J MHC CINTURA P;saldo;; 00027; 00025; 00033; 00028; 00013; 00011; 00000; 00000; 00000; 00137
01375300;J MHC CINTURA P;stock;; 00001; 00005; 00000; 00000; 00000; 00001; 00000; 00000; 00000; 00007
01375300;J MHC CINTURA P;corte;; 00002; 00005; 00000; 00000; 00000; 00000; 00000; 00000; 00000; 00007
01375300;J MHC CINTURA P;sugerido;; 00024; 00015; 00033; 00028; 00013; 00010; 00000; 00000; 00000; 00123
;
01375301;J MHC CINTURA P;Ventas;; 00034; 00057; 00067; 00058; 00043; 00029; 00000; 00000; 00000; 000288
01375301;J MHC CINTURA P;Despacho;; 00023; 00039; 00056; 00046; 00030; 00023; 00000; 00000; 00000; 00217
01375301;J MHC CINTURA P;saldo;; 00011; 00018; 00011; 00012; 00013; 00006; 00000; 00000; 00000; 00071
01375301;J MHC CINTURA P;stock;; 00004; 00004; 00003; 00006; 00000; 00000; 00000; 00000; 00000; 00017
01375301;J MHC CINTURA P;corte;; 00000; 00000; 00000; 00000; 00000; 00000; 00000; 00000; 00000; 00000
01375301;J MHC CINTURA P;sugerido;; 00007; 00014; 00008; 00006; 00013; 00006; 00000; 00000; 00000; 00054
;
01375380;J MHC CINTURA P;Ventas;; 00010; 00010; 00010; 00010; 00008; 00008; 00000; 00000; 00000; 000056
01375380;J MHC CINTURA P;Despacho;; 00002; 00000; 00001; 00000; 00003; 00000; 00000; 00000; 00000; 00006
01375380;J MHC CINTURA P;saldo;; 00008; 00010; 00009; 00010; 00005; 00008; 00000; 00000; 00000; 00050
01375380;J MHC CINTURA P;stock;; 00000; 00000; 00000; 00000; 00000; 00000; 00000; 00000; 00000; 00000
01375380;J MHC CINTURA P;corte;; 00000; 00000; 00000; 00000; 00000; 00000; 00000; 00000; 00000; 00000
01375380;J MHC CINTURA P;sugerido;; 00008; 00010; 00009; 00010; 00005; 00008; 00000; 00000; 00000; 00050
;
01375700;J MHC T/36 MEDI;Ventas;; 00029; 00036; 00036; 00037; 00024; 00010; 00000; 00000; 00000; 000172
01375700;J MHC T/36 MEDI;Despacho;; 00022; 00027; 00027; 00030; 00015; 00010; 00000; 00000; 00000; 00131
01375700;J MHC T/36 MEDI;saldo;; 00007; 00009; 00009; 00007; 00009; 00000; 00000; 00000; 00000; 00041
01375700;J MHC T/36 MEDI;stock;; 00000; 00000; 00000; 00000; 00000; 00000; 00000; 00000; 00000; 00000
01375700;J MHC T/36 MEDI;corte;; 00052; 00098; 00124; 00105;-00009; 00076; 00062; 00000; 00000; 00508
01375700;J MHC T/36 MEDI;sugerido;;-00045;-00089;-00115;-00098; 00018;-00076;-00062; 00000; 00000;-00467
;
01375800;J MHC CINTURA O;Ventas;; 00094; 00145; 00148; 00133; 00090; 00056; 00000; 00000; 00000; 000666
01375800;J MHC CINTURA O;Despacho;; 00083; 00131; 00134; 00121; 00088; 00050; 00000; 00000; 00000; 00607
01375800;J MHC CINTURA O;saldo;; 00011; 00014; 00014; 00012; 00002; 00006; 00000; 00000; 00000; 00059
01375800;J MHC CINTURA O;stock;; 00000; 00002; 00001; 00000; 00000; 00000; 00000; 00000; 00000; 00003
01375800;J MHC CINTURA O;corte;; 00002; 00003; 00000; 00000; 00000; 00000; 00000; 00000; 00000; 00005
01375800;J MHC CINTURA O;sugerido;; 00009; 00009; 00013; 00012; 00002; 00006; 00000; 00000; 00000; 00051
;
01375880;J MHC CINTURA O;Ventas;; 00012; 00012; 00012; 00012; 00008; 00008; 00000; 00000; 00000; 000064
01375880;J MHC CINTURA O;Despacho;; 00000; 00001; 00002; 00005; 00000; 00000; 00000; 00000; 00000; 00008
01375880;J MHC CINTURA O;saldo;; 00012; 00011; 00010; 00007; 00008; 00008; 00000; 00000; 00000; 00056
01375880;J MHC CINTURA O;stock;; 00000; 00000; 00000; 00000; 00000; 00000; 00000; 00000; 00000; 00000
01375880;J MHC CINTURA O;corte;; 00000; 00000; 00000; 00000; 00000; 00000; 00000; 00000; 00000; 00000
01375880;J MHC CINTURA O;sugerido;; 00012; 00011; 00010; 00007; 00008; 00008; 00000; 00000; 00000; 00056
;
01375900;J MHC T/36 CINT;Ventas;; 00158; 00247; 00252; 00227; 00135; 00092; 00000; 00000; 00000; 001111
01375900;J MHC T/36 CINT;Despacho;; 00109; 00175; 00152; 00153; 00097; 00052; 00000; 00000; 00000; 00738
01375900;J MHC T/36 CINT;saldo;; 00049; 00072; 00100; 00074; 00038; 00040; 00000; 00000; 00000; 00373
01375900;J MHC T/36 CINT;stock;; 00022; 00001; 00000; 00000; 00000; 00000; 00000; 00000; 00000; 00023
01375900;J MHC T/36 CINT;corte;; 00002; 00003; 00000; 00000; 00000; 00000; 00000; 00000; 00000; 00005
01375900;J MHC T/36 CINT;sugerido;; 00025; 00068; 00100; 00074; 00038; 00040; 00000; 00000; 00000; 00345
;
01376000;J MHC  CINTURA ;Ventas;; 00154; 00207; 00239; 00211; 00119; 00071; 00000; 00000; 00000; 001001
01376000;J MHC  CINTURA ;Despacho;; 00150; 00197; 00234; 00198; 00109; 00066; 00000; 00000; 00000; 00954
01376000;J MHC  CINTURA ;saldo;; 00004; 00010; 00005; 00013; 00010; 00005; 00000; 00000; 00000; 00047
01376000;J MHC  CINTURA ;stock;; 00000; 00000; 00000; 00000; 00000; 00000; 00000; 00000; 00000; 00000
01376000;J MHC  CINTURA ;corte;; 00000; 00000; 00000; 00000; 00000; 00000; 00000; 00000; 00000; 00000
01376000;J MHC  CINTURA ;sugerido;; 00004; 00010; 00005; 00013; 00010; 00005; 00000; 00000; 00000; 00047
;
01376080;J MHC  CINTURA ;Ventas;; 00010; 00010; 00010; 00010; 00008; 00008; 00000; 00000; 00000; 000056
01376080;J MHC  CINTURA ;Despacho;; 00000; 00000; 00000; 00001; 00000; 00000; 00000; 00000; 00000; 00001
01376080;J MHC  CINTURA ;saldo;; 00010; 00010; 00010; 00009; 00008; 00008; 00000; 00000; 00000; 00055
01376080;J MHC  CINTURA ;stock;; 00000; 00000; 00000; 00000; 00000; 00000; 00000; 00000; 00000; 00000
01376080;J MHC  CINTURA ;corte;; 00000; 00000; 00000; 00000; 00000; 00000; 00000; 00000; 00000; 00000
01376080;J MHC  CINTURA ;sugerido;; 00010; 00010; 00010; 00009; 00008; 00008; 00000; 00000; 00000; 00055
;
01376100;J MHC CINT TOBI;Ventas;; 00081; 00123; 00122; 00106; 00059; 00037; 00000; 00000; 00000; 000528
01376100;J MHC CINT TOBI;Despacho;; 00057; 00089; 00095; 00080; 00047; 00026; 00000; 00000; 00000; 00394
01376100;J MHC CINT TOBI;saldo;; 00024; 00034; 00027; 00026; 00012; 00011; 00000; 00000; 00000; 00134
01376100;J MHC CINT TOBI;stock;; 00000; 00000; 00000; 00000; 00000; 00000; 00000; 00000; 00000; 00000
01376100;J MHC CINT TOBI;corte;; 00000; 00000; 00000; 00000; 00000; 00000; 00000; 00000; 00000; 00000
01376100;J MHC CINT TOBI;sugerido;; 00024; 00034; 00027; 00026; 00012; 00011; 00000; 00000; 00000; 00134
;
01376199;J MHC CINT TOBI;Ventas;; 00000; 00000; 00001; 00000; 00000; 00000; 00000; 00000; 00000; 000001
01376199;J MHC CINT TOBI;Despacho;; 00000; 00000; 00000; 00000; 00000; 00000; 00000; 00000; 00000; 00000
01376199;J MHC CINT TOBI;saldo;; 00000; 00000; 00001; 00000; 00000; 00000; 00000; 00000; 00000; 00001
01376199;J MHC CINT TOBI;stock;; 00000; 00000; 00000; 00000; 00000; 00000; 00000; 00000; 00000; 00000
01376199;J MHC CINT TOBI;corte;; 00000; 00000; 00000; 00000; 00000; 00000; 00000; 00000; 00000; 00000
01376199;J MHC CINT TOBI;sugerido;; 00000; 00000; 00001; 00000; 00000; 00000; 00000; 00000; 00000; 00001
;
01376300;J MHC MEDIO TOB;Ventas;; 00032; 00041; 00064; 00057; 00037; 00023; 00000; 00000; 00000; 000254
01376300;J MHC MEDIO TOB;Despacho;; 00023; 00029; 00050; 00040; 00029; 00017; 00000; 00000; 00000; 00188
01376300;J MHC MEDIO TOB;saldo;; 00009; 00012; 00014; 00017; 00008; 00006; 00000; 00000; 00000; 00066
01376300;J MHC MEDIO TOB;stock;; 00018; 00012; 00013; 00010; 00007; 00004; 00000; 00000; 00000; 00064
01376300;J MHC MEDIO TOB;corte;; 00002; 00003; 00000; 00000; 00000; 00000; 00000; 00000; 00000; 00005
01376300;J MHC MEDIO TOB;sugerido;;-00011;-00003; 00001; 00007; 00001; 00002; 00000; 00000; 00000;-00003
;
01376380;J MHC MEDIO TOB;Ventas;; 00010; 00010; 00010; 00010; 00008; 00008; 00000; 00000; 00000; 000056
01376380;J MHC MEDIO TOB;Despacho;; 00000; 00000; 00000; 00000; 00000; 00001; 00000; 00000; 00000; 00001
01376380;J MHC MEDIO TOB;saldo;; 00010; 00010; 00010; 00010; 00008; 00007; 00000; 00000; 00000; 00055
01376380;J MHC MEDIO TOB;stock;; 00000; 00000; 00000; 00000; 00000;-00001; 00000; 00000; 00000;-00001
01376380;J MHC MEDIO TOB;corte;; 00000; 00000; 00000; 00000; 00000; 00000; 00000; 00000; 00000; 00000
01376380;J MHC MEDIO TOB;sugerido;; 00010; 00010; 00010; 00010; 00008; 00008; 00000; 00000; 00000; 00056
;
01376399;J MHC MEDIO TOB;Ventas;; 00000; 00000; 00000; 00000; 00001; 00000; 00000; 00000; 00000; 000001
01376399;J MHC MEDIO TOB;Despacho;; 00000; 00000; 00000; 00000; 00001; 00000; 00000; 00000; 00000; 00001
01376399;J MHC MEDIO TOB;saldo;; 00000; 00000; 00000; 00000; 00000; 00000; 00000; 00000; 00000; 00000
01376399;J MHC MEDIO TOB;stock;; 00000; 00000; 00000; 00000; 00000; 00000; 00000; 00000; 00000; 00000
01376399;J MHC MEDIO TOB;corte;; 00000; 00000; 00000; 00000; 00000; 00000; 00000; 00000; 00000; 00000
01376399;J MHC MEDIO TOB;sugerido;; 00000; 00000; 00000; 00000; 00000; 00000; 00000; 00000; 00000; 00000
;
01376400;J MHC T/36 CINT;Ventas;; 00075; 00109; 00106; 00104; 00060; 00036; 00000; 00000; 00000; 000490
01376400;J MHC T/36 CINT;Despacho;; 00059; 00081; 00083; 00082; 00045; 00018; 00000; 00000; 00000; 00368
01376400;J MHC T/36 CINT;saldo;; 00016; 00028; 00023; 00022; 00015; 00018; 00000; 00000; 00000; 00122
01376400;J MHC T/36 CINT;stock;; 00000; 00000; 00000; 00000; 00000; 00000; 00000; 00000; 00000; 00000
01376400;J MHC T/36 CINT;corte;; 00036; 00077; 00070; 00089; 00051; 00039; 00000; 00000; 00000; 00362
01376400;J MHC T/36 CINT;sugerido;;-00020;-00049;-00047;-00067;-00036;-00021; 00000; 00000; 00000;-00240
;
01376406;J MHC T/36 CINT;Ventas;; 00024; 00038; 00038; 00033; 00019; 00015; 00000; 00000; 00000; 000167
01376406;J MHC T/36 CINT;Despacho;; 00015; 00018; 00016; 00015; 00007; 00006; 00000; 00000; 00000; 00077
01376406;J MHC T/36 CINT;saldo;; 00009; 00020; 00022; 00018; 00012; 00009; 00000; 00000; 00000; 00090
01376406;J MHC T/36 CINT;stock;; 00000; 00000; 00000; 00000; 00000; 00000; 00000; 00000; 00000; 00000
01376406;J MHC T/36 CINT;corte;; 00000; 00000; 00000; 00000; 00000; 00000; 00000; 00000; 00000; 00000
01376406;J MHC T/36 CINT;sugerido;; 00009; 00020; 00022; 00018; 00012; 00009; 00000; 00000; 00000; 00090
;
01376500;J MHC CINTURA T;Ventas;; 00070; 00104; 00114; 00098; 00068; 00041; 00000; 00000; 00000; 000495
01376500;J MHC CINTURA T;Despacho;; 00054; 00081; 00085; 00073; 00057; 00023; 00000; 00000; 00000; 00373
01376500;J MHC CINTURA T;saldo;; 00016; 00023; 00029; 00025; 00011; 00018; 00000; 00000; 00000; 00122
01376500;J MHC CINTURA T;stock;; 00002; 00005; 00000; 00000; 00000; 00000; 00000; 00000; 00000; 00007
01376500;J MHC CINTURA T;corte;; 00000; 00000; 00000; 00000; 00000; 00000; 00000; 00000; 00000; 00000
01376500;J MHC CINTURA T;sugerido;; 00014; 00018; 00029; 00025; 00011; 00018; 00000; 00000; 00000; 00115
;
01376501;J MHC CINTURA T;Ventas;; 00016; 00028; 00028; 00020; 00012; 00008; 00000; 00000; 00000; 000112
01376501;J MHC CINTURA T;Despacho;; 00007; 00016; 00018; 00013; 00007; 00005; 00000; 00000; 00000; 00066
01376501;J MHC CINTURA T;saldo;; 00009; 00012; 00010; 00007; 00005; 00003; 00000; 00000; 00000; 00046
01376501;J MHC CINTURA T;stock;; 00025; 00012; 00002; 00000; 00000; 00000; 00000; 00000; 00000; 00039
01376501;J MHC CINTURA T;corte;; 00000; 00000; 00000; 00000; 00000; 00000; 00000; 00000; 00000; 00000
01376501;J MHC CINTURA T;sugerido;;-00016; 00000; 00008; 00007; 00005; 00003; 00000; 00000; 00000; 00007
;
01376600;J MHC MEDIO PIT;Ventas;; 00043; 00073; 00077; 00072; 00041; 00029; 00000; 00000; 00000; 000335
01376600;J MHC MEDIO PIT;Despacho;; 00015; 00028; 00030; 00030; 00009; 00009; 00000; 00000; 00000; 00121
01376600;J MHC MEDIO PIT;saldo;; 00028; 00045; 00047; 00042; 00032; 00020; 00000; 00000; 00000; 00214
01376600;J MHC MEDIO PIT;stock;; 00008; 00003; 00000; 00000; 00001; 00001; 00000; 00000; 00000; 00013
01376600;J MHC MEDIO PIT;corte;; 00000; 00000; 00000; 00000; 00000; 00000; 00000; 00000; 00000; 00000
01376600;J MHC MEDIO PIT;sugerido;; 00020; 00042; 00047; 00042; 00031; 00019; 00000; 00000; 00000; 00201
;
01376800;J MHC T/36 CINT;Ventas;; 00106; 00174; 00178; 00158; 00097; 00068; 00000; 00000; 00000; 000781
01376800;J MHC T/36 CINT;Despacho;; 00082; 00129; 00137; 00106; 00054; 00035; 00000; 00000; 00000; 00543
01376800;J MHC T/36 CINT;saldo;; 00024; 00045; 00041; 00052; 00043; 00033; 00000; 00000; 00000; 00238
01376800;J MHC T/36 CINT;stock;; 00009; 00014; 00001; 00000; 00000; 00001; 00000; 00000; 00000; 00025
01376800;J MHC T/36 CINT;corte;; 00002; 00003; 00000; 00000; 00000; 00000; 00000; 00000; 00000; 00005
01376800;J MHC T/36 CINT;sugerido;; 00013; 00028; 00040; 00052; 00043; 00032; 00000; 00000; 00000; 00208
;
01376801;J MHC T/36 CINT;Ventas;; 00063; 00106; 00115; 00112; 00077; 00051; 00000; 00000; 00000; 000524
01376801;J MHC T/36 CINT;Despacho;; 00055; 00091; 00094; 00097; 00068; 00037; 00000; 00000; 00000; 00442
01376801;J MHC T/36 CINT;saldo;; 00008; 00015; 00021; 00015; 00009; 00014; 00000; 00000; 00000; 00082
01376801;J MHC T/36 CINT;stock;; 00001; 00001; 00003; 00000; 00000; 00000; 00000; 00000; 00000; 00005
01376801;J MHC T/36 CINT;corte;; 00000; 00000; 00000; 00000; 00000; 00000; 00000; 00000; 00000; 00000
01376801;J MHC T/36 CINT;sugerido;; 00007; 00014; 00018; 00015; 00009; 00014; 00000; 00000; 00000; 00077
;
01376802;JEAN MHC T/36 C;Ventas;; 00033; 00056; 00063; 00066; 00040; 00029; 00000; 00000; 00000; 000287
01376802;JEAN MHC T/36 C;Despacho;; 00021; 00036; 00050; 00051; 00031; 00025; 00000; 00000; 00000; 00214
01376802;JEAN MHC T/36 C;saldo;; 00012; 00020; 00013; 00015; 00009; 00004; 00000; 00000; 00000; 00073
01376802;JEAN MHC T/36 C;stock;; 00001; 00000; 00000; 00006; 00012; 00024; 00000; 00000; 00000; 00043
01376802;JEAN MHC T/36 C;corte;; 00000; 00000; 00000; 00000; 00000; 00000; 00000; 00000; 00000; 00000
01376802;JEAN MHC T/36 C;sugerido;; 00011; 00020; 00013; 00009;-00003;-00020; 00000; 00000; 00000; 00030
;
01376880;J MHC T/36 CINT;Ventas;; 00010; 00010; 00010; 00010; 00008; 00008; 00000; 00000; 00000; 000056
01376880;J MHC T/36 CINT;Despacho;; 00000; 00001; 00000; 00000; 00000; 00000; 00000; 00000; 00000; 00001
01376880;J MHC T/36 CINT;saldo;; 00010; 00009; 00010; 00010; 00008; 00008; 00000; 00000; 00000; 00055
01376880;J MHC T/36 CINT;stock;; 00000; 00000; 00000; 00000; 00000; 00000; 00000; 00000; 00000; 00000
01376880;J MHC T/36 CINT;corte;; 00000; 00000; 00000; 00000; 00000; 00000; 00000; 00000; 00000; 00000
01376880;J MHC T/36 CINT;sugerido;; 00010; 00009; 00010; 00010; 00008; 00008; 00000; 00000; 00000; 00055
;
01376900;JEMHC T/36 CINT;Ventas;; 00002; 00002; 00002; 00002; 00001; 00000; 00000; 00000; 00000; 000009
01376900;JEMHC T/36 CINT;Despacho;; 00000; 00000; 00000; 00000; 00000; 00000; 00000; 00000; 00000; 00000
01376900;JEMHC T/36 CINT;saldo;; 00002; 00002; 00002; 00002; 00001; 00000; 00000; 00000; 00000; 00009
01376900;JEMHC T/36 CINT;stock;; 00000; 00001; 00000; 00007; 00000; 00000; 00000; 00000; 00000; 00008
01376900;JEMHC T/36 CINT;corte;; 00000; 00000; 00000; 00000; 00000; 00000; 00000; 00000; 00000; 00000
01376900;JEMHC T/36 CINT;sugerido;; 00002; 00001; 00002;-00005; 00001; 00000; 00000; 00000; 00000; 00001
;
01376980;JEMHC T/36 CINT;Ventas;; 00010; 00010; 00010; 00010; 00008; 00008; 00000; 00000; 00000; 000056
01376980;JEMHC T/36 CINT;Despacho;; 00000; 00000; 00000; 00000; 00001; 00000; 00000; 00000; 00000; 00001
01376980;JEMHC T/36 CINT;saldo;; 00010; 00010; 00010; 00010; 00007; 00008; 00000; 00000; 00000; 00055
01376980;JEMHC T/36 CINT;stock;; 00000; 00000; 00000; 00000; 00000; 00000; 00000; 00000; 00000; 00000
01376980;JEMHC T/36 CINT;corte;; 00000; 00000; 00000; 00000; 00000; 00000; 00000; 00000; 00000; 00000
01376980;JEMHC T/36 CINT;sugerido;; 00010; 00010; 00010; 00010; 00007; 00008; 00000; 00000; 00000; 00055
;
01377700;J MHC T/36 CINT;Ventas;; 00024; 00038; 00037; 00032; 00026; 00017; 00000; 00000; 00000; 000174
01377700;J MHC T/36 CINT;Despacho;; 00017; 00028; 00027; 00022; 00020; 00010; 00000; 00000; 00000; 00124
01377700;J MHC T/36 CINT;saldo;; 00007; 00010; 00010; 00010; 00006; 00007; 00000; 00000; 00000; 00050
01377700;J MHC T/36 CINT;stock;; 00001; 00000; 00001; 00002; 00003; 00002; 00000; 00000; 00000; 00009
01377700;J MHC T/36 CINT;corte;; 00000; 00000; 00000; 00000; 00000; 00000; 00000; 00000; 00000; 00000
01377700;J MHC T/36 CINT;sugerido;; 00006; 00010; 00009; 00008; 00003; 00005; 00000; 00000; 00000; 00041
;
01377780;J MHC T/36 CINT;Ventas;; 00010; 00010; 00010; 00010; 00008; 00008; 00000; 00000; 00000; 000056
01377780;J MHC T/36 CINT;Despacho;; 00000; 00000; 00000; 00000; 00000; 00001; 00000; 00000; 00000; 00001
01377780;J MHC T/36 CINT;saldo;; 00010; 00010; 00010; 00010; 00008; 00007; 00000; 00000; 00000; 00055
01377780;J MHC T/36 CINT;stock;; 00000; 00000; 00000; 00000; 00000;-00001; 00000; 00000; 00000;-00001
01377780;J MHC T/36 CINT;corte;; 00000; 00000; 00000; 00000; 00000; 00000; 00000; 00000; 00000; 00000
01377780;J MHC T/36 CINT;sugerido;; 00010; 00010; 00010; 00010; 00008; 00008; 00000; 00000; 00000; 00056
;
01377799;J MHC T/42     ;Ventas;; 00000; 00000; 00000; 00002; 00000; 00000; 00000; 00000; 00000; 000002
01377799;J MHC T/42     ;Despacho;; 00000; 00000; 00000; 00002; 00000; 00000; 00000; 00000; 00000; 00002
01377799;J MHC T/42     ;saldo;; 00000; 00000; 00000; 00000; 00000; 00000; 00000; 00000; 00000; 00000
01377799;J MHC T/42     ;stock;; 00000; 00000; 00000; 00000; 00000; 00000; 00000; 00000; 00000; 00000
01377799;J MHC T/42     ;corte;; 00000; 00000; 00000; 00000; 00000; 00000; 00000; 00000; 00000; 00000
01377799;J MHC T/42     ;sugerido;; 00000; 00000; 00000; 00000; 00000; 00000; 00000; 00000; 00000; 00000
;
01378000;J MHC T/36 MEDI;Ventas;; 00080; 00115; 00109; 00096; 00058; 00032; 00000; 00000; 00000; 000490
01378000;J MHC T/36 MEDI;Despacho;; 00066; 00097; 00096; 00078; 00054; 00023; 00000; 00000; 00000; 00414
01378000;J MHC T/36 MEDI;saldo;; 00014; 00018; 00013; 00018; 00004; 00009; 00000; 00000; 00000; 00076
01378000;J MHC T/36 MEDI;stock;; 00008; 00021; 00005; 00012; 00001; 00011; 00000; 00000; 00000; 00058
01378000;J MHC T/36 MEDI;corte;; 00002; 00006; 00000; 00000; 00000; 00000; 00000; 00000; 00000; 00008
01378000;J MHC T/36 MEDI;sugerido;; 00004;-00009; 00008; 00006; 00003;-00002; 00000; 00000; 00000; 00010
;
01378006;J MHC T/36 MEDI;Ventas;; 00025; 00032; 00033; 00029; 00020; 00006; 00000; 00000; 00000; 000145
01378006;J MHC T/36 MEDI;Despacho;; 00013; 00020; 00021; 00020; 00011; 00001; 00000; 00000; 00000; 00086
01378006;J MHC T/36 MEDI;saldo;; 00012; 00012; 00012; 00009; 00009; 00005; 00000; 00000; 00000; 00059
01378006;J MHC T/36 MEDI;stock;; 00000; 00002; 00000; 00000; 00000; 00000; 00000; 00000; 00000; 00002
01378006;J MHC T/36 MEDI;corte;; 00000; 00000; 00000; 00000; 00000; 00000; 00000; 00000; 00000; 00000
01378006;J MHC T/36 MEDI;sugerido;; 00012; 00010; 00012; 00009; 00009; 00005; 00000; 00000; 00000; 00057
;
01378038;J MHC T/36 MEDI;Ventas;; 00005; 00008; 00008; 00007; 00005; 00002; 00000; 00000; 00000; 000035
01378038;J MHC T/36 MEDI;Despacho;; 00003; 00005; 00005; 00004; 00003; 00001; 00000; 00000; 00000; 00021
01378038;J MHC T/36 MEDI;saldo;; 00002; 00003; 00003; 00003; 00002; 00001; 00000; 00000; 00000; 00014
01378038;J MHC T/36 MEDI;stock;; 00000; 00001; 00001; 00001; 00001; 00000; 00000; 00000; 00000; 00004
01378038;J MHC T/36 MEDI;corte;; 00000; 00000; 00000; 00000; 00000; 00000; 00000; 00000; 00000; 00000
01378038;J MHC T/36 MEDI;sugerido;; 00002; 00002; 00002; 00002; 00001; 00001; 00000; 00000; 00000; 00010
;
01378100;J MHC CINTURA F;Ventas;; 00117; 00176; 00181; 00171; 00104; 00063; 00000; 00000; 00000; 000812
01378100;J MHC CINTURA F;Despacho;; 00099; 00152; 00159; 00152; 00093; 00050; 00000; 00000; 00000; 00705
01378100;J MHC CINTURA F;saldo;; 00018; 00024; 00022; 00019; 00011; 00013; 00000; 00000; 00000; 00107
01378100;J MHC CINTURA F;stock;; 00003; 00007; 00003; 00001; 00003; 00000; 00000; 00000; 00000; 00017
01378100;J MHC CINTURA F;corte;; 00000; 00000; 00000; 00000; 00000; 00000; 00000; 00000; 00000; 00000
01378100;J MHC CINTURA F;sugerido;; 00015; 00017; 00019; 00018; 00008; 00013; 00000; 00000; 00000; 00090
;
01378199;J MHC CINTURA F;Ventas;; 00000; 00001; 00000; 00000; 00000; 00000; 00000; 00000; 00000; 000001
01378199;J MHC CINTURA F;Despacho;; 00000; 00000; 00000; 00000; 00000; 00000; 00000; 00000; 00000; 00000
01378199;J MHC CINTURA F;saldo;; 00000; 00001; 00000; 00000; 00000; 00000; 00000; 00000; 00000; 00001
01378199;J MHC CINTURA F;stock;; 00000; 00000; 00000; 00000; 00000; 00000; 00000; 00000; 00000; 00000
01378199;J MHC CINTURA F;corte;; 00000; 00000; 00000; 00000; 00000; 00000; 00000; 00000; 00000; 00000
01378199;J MHC CINTURA F;sugerido;; 00000; 00001; 00000; 00000; 00000; 00000; 00000; 00000; 00000; 00001
;
01378600;J MHC CINTURA O;Ventas;; 00026; 00050; 00054; 00042; 00027; 00015; 00000; 00000; 00000; 000214
01378600;J MHC CINTURA O;Despacho;; 00020; 00041; 00044; 00033; 00020; 00009; 00000; 00000; 00000; 00167
01378600;J MHC CINTURA O;saldo;; 00006; 00009; 00010; 00009; 00007; 00006; 00000; 00000; 00000; 00047
01378600;J MHC CINTURA O;stock;; 00000; 00000; 00000; 00000; 00000; 00000; 00000; 00000; 00000; 00000
01378600;J MHC CINTURA O;corte;; 00000; 00000; 00000; 00000; 00000; 00000; 00000; 00000; 00000; 00000
01378600;J MHC CINTURA O;sugerido;; 00006; 00009; 00010; 00009; 00007; 00006; 00000; 00000; 00000; 00047
;
01378680;J MHC CINTURA O;Ventas;; 00012; 00012; 00012; 00012; 00008; 00008; 00000; 00000; 00000; 000064
01378680;J MHC CINTURA O;Despacho;; 00000; 00001; 00000; 00000; 00000; 00000; 00000; 00000; 00000; 00001
01378680;J MHC CINTURA O;saldo;; 00012; 00011; 00012; 00012; 00008; 00008; 00000; 00000; 00000; 00063
01378680;J MHC CINTURA O;stock;; 00000; 00000; 00000; 00000; 00000; 00000; 00000; 00000; 00000; 00000
01378680;J MHC CINTURA O;corte;; 00000; 00000; 00000; 00000; 00000; 00000; 00000; 00000; 00000; 00000
01378680;J MHC CINTURA O;sugerido;; 00012; 00011; 00012; 00012; 00008; 00008; 00000; 00000; 00000; 00063
;
01378700;J MHC T/36 CINT;Ventas;; 00044; 00089; 00085; 00071; 00042; 00022; 00000; 00000; 00000; 000353
01378700;J MHC T/36 CINT;Despacho;; 00028; 00062; 00062; 00049; 00032; 00015; 00000; 00000; 00000; 00248
01378700;J MHC T/36 CINT;saldo;; 00016; 00027; 00023; 00022; 00010; 00007; 00000; 00000; 00000; 00105
01378700;J MHC T/36 CINT;stock;; 00011; 00001; 00001; 00003; 00002; 00000; 00000; 00000; 00000; 00018
01378700;J MHC T/36 CINT;corte;; 00009; 00023; 00026;-00001; 00000; 00000; 00000; 00000; 00000; 00057
01378700;J MHC T/36 CINT;sugerido;;-00004; 00003;-00004; 00020; 00008; 00007; 00000; 00000; 00000; 00030
;
01379100;J MHC LINO CINT;Ventas;; 00071; 00108; 00103; 00098; 00058; 00035; 00000; 00000; 00000; 000473
01379100;J MHC LINO CINT;Despacho;; 00042; 00072; 00072; 00065; 00042; 00017; 00000; 00000; 00000; 00310
01379100;J MHC LINO CINT;saldo;; 00029; 00036; 00031; 00033; 00016; 00018; 00000; 00000; 00000; 00163
01379100;J MHC LINO CINT;stock;; 00001; 00002; 00000; 00001; 00001; 00003; 00000; 00000; 00000; 00008
01379100;J MHC LINO CINT;corte;; 00002; 00002; 00004; 00001; 00003;-00001; 00000; 00000; 00000; 00011
01379100;J MHC LINO CINT;sugerido;; 00026; 00032; 00027; 00031; 00012; 00016; 00000; 00000; 00000; 00144
;
01379180;J MHC LINO CINT;Ventas;; 00010; 00010; 00010; 00010; 00008; 00008; 00000; 00000; 00000; 000056
01379180;J MHC LINO CINT;Despacho;; 00000; 00000; 00000; 00003; 00000; 00002; 00000; 00000; 00000; 00005
01379180;J MHC LINO CINT;saldo;; 00010; 00010; 00010; 00007; 00008; 00006; 00000; 00000; 00000; 00051
01379180;J MHC LINO CINT;stock;; 00000; 00000; 00000; 00000; 00000; 00000; 00000; 00000; 00000; 00000
01379180;J MHC LINO CINT;corte;; 00000; 00000; 00000; 00000; 00000; 00000; 00000; 00000; 00000; 00000
01379180;J MHC LINO CINT;sugerido;; 00010; 00010; 00010; 00007; 00008; 00006; 00000; 00000; 00000; 00051
;
01380100;J MHC T/36 MEDI;Ventas;; 00165; 00326; 00365; 00348; 00230; 00165; 00000; 00000; 00000; 001599
01380100;J MHC T/36 MEDI;Despacho;; 00129; 00243; 00268; 00253; 00161; 00113; 00000; 00000; 00000; 01167
01380100;J MHC T/36 MEDI;saldo;; 00036; 00083; 00097; 00095; 00069; 00052; 00000; 00000; 00000; 00432
01380100;J MHC T/36 MEDI;stock;; 00007; 00009; 00000; 00000; 00000; 00000; 00000; 00000; 00000; 00016
01380100;J MHC T/36 MEDI;corte;; 00000; 00000; 00000; 00000; 00000; 00000; 00000; 00000; 00000; 00000
01380100;J MHC T/36 MEDI;sugerido;; 00029; 00074; 00097; 00095; 00069; 00052; 00000; 00000; 00000; 00416
;
01380180;J MHC T/36 MEDI;Ventas;; 00012; 00012; 00012; 00012; 00008; 00008; 00000; 00000; 00000; 000064
01380180;J MHC T/36 MEDI;Despacho;; 00000; 00000; 00001; 00000; 00000; 00000; 00000; 00000; 00000; 00001
01380180;J MHC T/36 MEDI;saldo;; 00012; 00012; 00011; 00012; 00008; 00008; 00000; 00000; 00000; 00063
01380180;J MHC T/36 MEDI;stock;; 00000; 00000; 00000; 00000; 00000; 00000; 00000; 00000; 00000; 00000
01380180;J MHC T/36 MEDI;corte;; 00000; 00000; 00000; 00000; 00000; 00000; 00000; 00000; 00000; 00000
01380180;J MHC T/36 MEDI;sugerido;; 00012; 00012; 00011; 00012; 00008; 00008; 00000; 00000; 00000; 00063
;
01380200;J MHC  CINTURA ;Ventas;; 00211; 00400; 00461; 00420; 00268; 00185; 00000; 00000; 00000; 001945
01380200;J MHC  CINTURA ;Despacho;; 00170; 00338; 00405; 00366; 00246; 00167; 00000; 00000; 00000; 01692
01380200;J MHC  CINTURA ;saldo;; 00041; 00062; 00056; 00054; 00022; 00018; 00000; 00000; 00000; 00253
01380200;J MHC  CINTURA ;stock;; 00013; 00043; 00029; 00033; 00015; 00005; 00000; 00000; 00000; 00138
01380200;J MHC  CINTURA ;corte;; 00000; 00000; 00000; 00000; 00000; 00000; 00000; 00000; 00000; 00000
01380200;J MHC  CINTURA ;sugerido;; 00028; 00019; 00027; 00021; 00007; 00013; 00000; 00000; 00000; 00115
;
01380280;J MHC  CINTURA ;Ventas;; 00010; 00010; 00010; 00008; 00008; 00008; 00000; 00000; 00000; 000054
01380280;J MHC  CINTURA ;Despacho;; 00002; 00000; 00000; 00000; 00000; 00000; 00000; 00000; 00000; 00002
01380280;J MHC  CINTURA ;saldo;; 00008; 00010; 00010; 00008; 00008; 00008; 00000; 00000; 00000; 00052
01380280;J MHC  CINTURA ;stock;; 00000; 00000; 00000; 00000; 00000; 00000; 00000; 00000; 00000; 00000
01380280;J MHC  CINTURA ;corte;; 00000; 00000; 00000; 00000; 00000; 00000; 00000; 00000; 00000; 00000
01380280;J MHC  CINTURA ;sugerido;; 00008; 00010; 00010; 00008; 00008; 00008; 00000; 00000; 00000; 00052
;
01380299;J MHC T/38     ;Ventas;; 00000; 00001; 00000; 00000; 00000; 00000; 00000; 00000; 00000; 000001
01380299;J MHC T/38     ;Despacho;; 00000; 00000; 00000; 00000; 00000; 00000; 00000; 00000; 00000; 00000
01380299;J MHC T/38     ;saldo;; 00000; 00001; 00000; 00000; 00000; 00000; 00000; 00000; 00000; 00001
01380299;J MHC T/38     ;stock;; 00000; 00000; 00000; 00000; 00000; 00000; 00000; 00000; 00000; 00000
01380299;J MHC T/38     ;corte;; 00000; 00000; 00000; 00000; 00000; 00000; 00000; 00000; 00000; 00000
01380299;J MHC T/38     ;sugerido;; 00000; 00001; 00000; 00000; 00000; 00000; 00000; 00000; 00000; 00001
;
01381000;J MHC T/36 CINT;Ventas;; 00019; 00033; 00034; 00037; 00024; 00017; 00000; 00000; 00000; 000164
01381000;J MHC T/36 CINT;Despacho;; 00000; 00000; 00000; 00000; 00000; 00000; 00000; 00000; 00000; 00000
01381000;J MHC T/36 CINT;saldo;; 00019; 00033; 00034; 00037; 00024; 00017; 00000; 00000; 00000; 00164
01381000;J MHC T/36 CINT;stock;; 00000; 00000; 00000; 00000; 00000; 00000; 00000; 00000; 00000; 00000
01381000;J MHC T/36 CINT;corte;; 00000; 00000; 00000; 00000; 00000; 00000; 00000; 00000; 00000; 00000
01381000;J MHC T/36 CINT;sugerido;; 00019; 00033; 00034; 00037; 00024; 00017; 00000; 00000; 00000; 00164
;
01381100;J MHC T/36 CINT;Ventas;; 00003; 00015; 00024; 00023; 00015; 00008; 00000; 00000; 00000; 000088
01381100;J MHC T/36 CINT;Despacho;; 00001; 00008; 00013; 00012; 00009; 00006; 00000; 00000; 00000; 00049
01381100;J MHC T/36 CINT;saldo;; 00002; 00007; 00011; 00011; 00006; 00002; 00000; 00000; 00000; 00039
01381100;J MHC T/36 CINT;stock;; 00000; 00000; 00000; 00000; 00000; 00000; 00000; 00000; 00000; 00000
01381100;J MHC T/36 CINT;corte;; 00000; 00000; 00000; 00000; 00000; 00000; 00000; 00000; 00000; 00000
01381100;J MHC T/36 CINT;sugerido;; 00002; 00007; 00011; 00011; 00006; 00002; 00000; 00000; 00000; 00039
;
01381101;J MHC T/36 CINT;Ventas;; 00007; 00012; 00012; 00014; 00009; 00008; 00000; 00000; 00000; 000062
01381101;J MHC T/36 CINT;Despacho;; 00007; 00012; 00012; 00014; 00009; 00007; 00000; 00000; 00000; 00061
01381101;J MHC T/36 CINT;saldo;; 00000; 00000; 00000; 00000; 00000; 00001; 00000; 00000; 00000; 00001
01381101;J MHC T/36 CINT;stock;; 00000; 00000; 00000; 00000; 00000; 00000; 00000; 00000; 00000; 00000
01381101;J MHC T/36 CINT;corte;; 00000; 00000; 00000; 00000; 00000; 00000; 00000; 00000; 00000; 00000
01381101;J MHC T/36 CINT;sugerido;; 00000; 00000; 00000; 00000; 00000; 00001; 00000; 00000; 00000; 00001
;
01381800;J MHC T/36 CINT;Ventas;; 00033; 00053; 00051; 00044; 00021; 00015; 00000; 00000; 00000; 000217
01381800;J MHC T/36 CINT;Despacho;; 00018; 00031; 00033; 00030; 00015; 00010; 00000; 00000; 00000; 00137
01381800;J MHC T/36 CINT;saldo;; 00015; 00022; 00018; 00014; 00006; 00005; 00000; 00000; 00000; 00080
01381800;J MHC T/36 CINT;stock;; 00004; 00006; 00000; 00000; 00000; 00000; 00000; 00000; 00000; 00010
01381800;J MHC T/36 CINT;corte;; 00000; 00000; 00000; 00000; 00000; 00000; 00000; 00000; 00000; 00000
01381800;J MHC T/36 CINT;sugerido;; 00011; 00016; 00018; 00014; 00006; 00005; 00000; 00000; 00000; 00070
;
01381801;J MHC T/36 CINT;Ventas;; 00016; 00037; 00041; 00037; 00032; 00021; 00000; 00000; 00000; 000184
01381801;J MHC T/36 CINT;Despacho;; 00015; 00035; 00036; 00032; 00020; 00008; 00000; 00000; 00000; 00146
01381801;J MHC T/36 CINT;saldo;; 00001; 00002; 00005; 00005; 00012; 00013; 00000; 00000; 00000; 00038
01381801;J MHC T/36 CINT;stock;; 00005; 00000; 00000; 00000; 00000; 00000; 00000; 00000; 00000; 00005
01381801;J MHC T/36 CINT;corte;; 00000; 00000; 00000; 00000; 00000; 00000; 00000; 00000; 00000; 00000
01381801;J MHC T/36 CINT;sugerido;;-00004; 00002; 00005; 00005; 00012; 00013; 00000; 00000; 00000; 00033
;
01382100;J MHC T/36 MEDI;Ventas;; 00037; 00059; 00061; 00051; 00028; 00020; 00000; 00000; 00000; 000256
01382100;J MHC T/36 MEDI;Despacho;; 00028; 00043; 00050; 00046; 00023; 00013; 00000; 00000; 00000; 00203
01382100;J MHC T/36 MEDI;saldo;; 00009; 00016; 00011; 00005; 00005; 00007; 00000; 00000; 00000; 00053
01382100;J MHC T/36 MEDI;stock;; 00000; 00011; 00000; 00000; 00002; 00000; 00000; 00000; 00000; 00013
01382100;J MHC T/36 MEDI;corte;; 00000; 00000; 00000; 00000; 00000; 00000; 00000; 00000; 00000; 00000
01382100;J MHC T/36 MEDI;sugerido;; 00009; 00005; 00011; 00005; 00003; 00007; 00000; 00000; 00000; 00040
;
01382101;J MHC T/36 MEDI;Ventas;; 00039; 00061; 00058; 00048; 00028; 00015; 00000; 00000; 00000; 000249
01382101;J MHC T/36 MEDI;Despacho;; 00033; 00035; 00034; 00031; 00022; 00009; 00000; 00000; 00000; 00164
01382101;J MHC T/36 MEDI;saldo;; 00006; 00026; 00024; 00017; 00006; 00006; 00000; 00000; 00000; 00085
01382101;J MHC T/36 MEDI;stock;; 00000; 00001; 00001; 00000; 00000; 00000; 00000; 00000; 00000; 00002
01382101;J MHC T/36 MEDI;corte;; 00000; 00000; 00000; 00000; 00000; 00000; 00000; 00000; 00000; 00000
01382101;J MHC T/36 MEDI;sugerido;; 00006; 00025; 00023; 00017; 00006; 00006; 00000; 00000; 00000; 00083
;
01383204;J MHC T/36 CINT;Ventas;; 00036; 00062; 00078; 00075; 00039; 00026; 00000; 00000; 00000; 000316
01383204;J MHC T/36 CINT;Despacho;; 00040; 00066; 00075; 00077; 00040; 00027; 00000; 00000; 00000; 00325
01383204;J MHC T/36 CINT;saldo;;-00004;-00004; 00003;-00002;-00001;-00001; 00000; 00000; 00000;-00009
01383204;J MHC T/36 CINT;stock;; 00000; 00000; 00000; 00000; 00000; 00000; 00000; 00000; 00000; 00000
01383204;J MHC T/36 CINT;corte;; 00000; 00000; 00000; 00000; 00000; 00000; 00000; 00000; 00000; 00000
01383204;J MHC T/36 CINT;sugerido;;-00004;-00004; 00003;-00002;-00001;-00001; 00000; 00000; 00000;-00009
;
01383206;J MHC T/36 CINT;Ventas;; 00015; 00027; 00026; 00022; 00013; 00005; 00000; 00000; 00000; 000108
01383206;J MHC T/36 CINT;Despacho;; 00012; 00019; 00023; 00018; 00012; 00005; 00000; 00000; 00000; 00089
01383206;J MHC T/36 CINT;saldo;; 00003; 00008; 00003; 00004; 00001; 00000; 00000; 00000; 00000; 00019
01383206;J MHC T/36 CINT;stock;; 00000; 00000; 00000; 00000; 00000; 00000; 00000; 00000; 00000; 00000
01383206;J MHC T/36 CINT;corte;; 00000; 00000; 00000; 00000; 00000; 00000; 00000; 00000; 00000; 00000
01383206;J MHC T/36 CINT;sugerido;; 00003; 00008; 00003; 00004; 00001; 00000; 00000; 00000; 00000; 00019
;
01383209;J MHC T/36 CINT;Ventas;; 00072; 00122; 00133; 00121; 00081; 00047; 00000; 00000; 00000; 000576
01383209;J MHC T/36 CINT;Despacho;; 00065; 00107; 00120; 00102; 00064; 00038; 00000; 00000; 00000; 00496
01383209;J MHC T/36 CINT;saldo;; 00007; 00015; 00013; 00019; 00017; 00009; 00000; 00000; 00000; 00080
01383209;J MHC T/36 CINT;stock;; 00000; 00000; 00000; 00000; 00000; 00000; 00000; 00000; 00000; 00000
01383209;J MHC T/36 CINT;corte;; 00000; 00000; 00000; 00000; 00000; 00000; 00000; 00000; 00000; 00000
01383209;J MHC T/36 CINT;sugerido;; 00007; 00015; 00013; 00019; 00017; 00009; 00000; 00000; 00000; 00080
;
01383238;J MHC T/36 CINT;Ventas;; 00005; 00010; 00007; 00006; 00002; 00000; 00000; 00000; 00000; 000030
01383238;J MHC T/36 CINT;Despacho;; 00004; 00010; 00007; 00006; 00002; 00000; 00000; 00000; 00000; 00029
01383238;J MHC T/36 CINT;saldo;; 00001; 00000; 00000; 00000; 00000; 00000; 00000; 00000; 00000; 00001
01383238;J MHC T/36 CINT;stock;; 00000; 00000; 00000; 00000; 00000; 00000; 00000; 00000; 00000; 00000
01383238;J MHC T/36 CINT;corte;; 00000; 00000; 00000; 00000; 00000; 00000; 00000; 00000; 00000; 00000
01383238;J MHC T/36 CINT;sugerido;; 00001; 00000; 00000; 00000; 00000; 00000; 00000; 00000; 00000; 00001
;
01383271;J MHC T/36 CINT;Ventas;; 00017; 00029; 00028; 00021; 00010; 00004; 00000; 00000; 00000; 000109
01383271;J MHC T/36 CINT;Despacho;; 00015; 00024; 00022; 00019; 00008; 00004; 00000; 00000; 00000; 00092
01383271;J MHC T/36 CINT;saldo;; 00002; 00005; 00006; 00002; 00002; 00000; 00000; 00000; 00000; 00017
01383271;J MHC T/36 CINT;stock;; 00000; 00000; 00000; 00000; 00000; 00000; 00000; 00000; 00000; 00000
01383271;J MHC T/36 CINT;corte;; 00000; 00000; 00000; 00000; 00000; 00000; 00000; 00000; 00000; 00000
01383271;J MHC T/36 CINT;sugerido;; 00002; 00005; 00006; 00002; 00002; 00000; 00000; 00000; 00000; 00017
;
01383400;J MHC T/36 CINT;Ventas;; 00073; 00115; 00110; 00097; 00059; 00040; 00000; 00000; 00000; 000494
01383400;J MHC T/36 CINT;Despacho;; 00044; 00072; 00074; 00060; 00040; 00030; 00000; 00000; 00000; 00320
01383400;J MHC T/36 CINT;saldo;; 00029; 00043; 00036; 00037; 00019; 00010; 00000; 00000; 00000; 00174
01383400;J MHC T/36 CINT;stock;; 00000; 00008; 00002; 00000; 00000; 00000; 00000; 00000; 00000; 00010
01383400;J MHC T/36 CINT;corte;; 00000; 00000; 00000; 00000; 00000; 00000; 00000; 00000; 00000; 00000
01383400;J MHC T/36 CINT;sugerido;; 00029; 00035; 00034; 00037; 00019; 00010; 00000; 00000; 00000; 00164
;
01383700;J MHC T/36 CINT;Ventas;; 00071; 00114; 00112; 00101; 00057; 00034; 00000; 00000; 00000; 000489
01383700;J MHC T/36 CINT;Despacho;; 00041; 00069; 00076; 00063; 00037; 00025; 00000; 00000; 00000; 00311
01383700;J MHC T/36 CINT;saldo;; 00030; 00045; 00036; 00038; 00020; 00009; 00000; 00000; 00000; 00178
01383700;J MHC T/36 CINT;stock;; 00000; 00001; 00000; 00000; 00000; 00000; 00000; 00000; 00000; 00001
01383700;J MHC T/36 CINT;corte;; 00000; 00000; 00000; 00000; 00000; 00000; 00000; 00000; 00000; 00000
01383700;J MHC T/36 CINT;sugerido;; 00030; 00044; 00036; 00038; 00020; 00009; 00000; 00000; 00000; 00177
;
01384000;J MHC T/36 CINT;Ventas;; 00176; 00311; 00346; 00300; 00191; 00110; 00000; 00000; 00000; 001434
01384000;J MHC T/36 CINT;Despacho;; 00144; 00262; 00271; 00251; 00145; 00095; 00000; 00000; 00000; 01168
01384000;J MHC T/36 CINT;saldo;; 00032; 00049; 00075; 00049; 00046; 00015; 00000; 00000; 00000; 00266
01384000;J MHC T/36 CINT;stock;; 00000; 00000; 00000; 00000; 00000; 00000; 00000; 00000; 00000; 00000
01384000;J MHC T/36 CINT;corte;; 00000; 00000; 00000; 00000; 00000; 00000; 00000; 00000; 00000; 00000
01384000;J MHC T/36 CINT;sugerido;; 00032; 00049; 00075; 00049; 00046; 00015; 00000; 00000; 00000; 00266
;
01384080;J MHC T/36 CINT;Ventas;; 00010; 00012; 00012; 00012; 00008; 00008; 00000; 00000; 00000; 000062
01384080;J MHC T/36 CINT;Despacho;; 00000; 00000; 00000; 00000; 00001; 00000; 00000; 00000; 00000; 00001
01384080;J MHC T/36 CINT;saldo;; 00010; 00012; 00012; 00012; 00007; 00008; 00000; 00000; 00000; 00061
01384080;J MHC T/36 CINT;stock;; 00000; 00000; 00000; 00000; 00000; 00000; 00000; 00000; 00000; 00000
01384080;J MHC T/36 CINT;corte;; 00000; 00000; 00000; 00000; 00000; 00000; 00000; 00000; 00000; 00000
01384080;J MHC T/36 CINT;sugerido;; 00010; 00012; 00012; 00012; 00007; 00008; 00000; 00000; 00000; 00061
;
01384099;J MHC T/36 CINT;Ventas;; 00001; 00000; 00000; 00001; 00000; 00000; 00000; 00000; 00000; 000002
01384099;J MHC T/36 CINT;Despacho;; 00000; 00000; 00000; 00000; 00000; 00000; 00000; 00000; 00000; 00000
01384099;J MHC T/36 CINT;saldo;; 00001; 00000; 00000; 00001; 00000; 00000; 00000; 00000; 00000; 00002
01384099;J MHC T/36 CINT;stock;; 00000; 00000; 00000; 00000; 00000; 00000; 00000; 00000; 00000; 00000
01384099;J MHC T/36 CINT;corte;; 00000; 00000; 00000; 00000; 00000; 00000; 00000; 00000; 00000; 00000
01384099;J MHC T/36 CINT;sugerido;; 00001; 00000; 00000; 00001; 00000; 00000; 00000; 00000; 00000; 00002
;
01384100;J MHC T/36 CINT;Ventas;; 00002; 00005; 00004; 00003; 00002; 00000; 00000; 00000; 00000; 000016
01384100;J MHC T/36 CINT;Despacho;; 00000; 00000; 00000; 00000; 00000; 00000; 00000; 00000; 00000; 00000
01384100;J MHC T/36 CINT;saldo;; 00002; 00005; 00004; 00003; 00002; 00000; 00000; 00000; 00000; 00016
01384100;J MHC T/36 CINT;stock;; 00001; 00002; 00000; 00000; 00000; 00000; 00000; 00000; 00000; 00003
01384100;J MHC T/36 CINT;corte;; 00000; 00000; 00000; 00000; 00000; 00000; 00000; 00000; 00000; 00000
01384100;J MHC T/36 CINT;sugerido;; 00001; 00003; 00004; 00003; 00002; 00000; 00000; 00000; 00000; 00013
;
01384604;J MHC T/36 MEDI;Ventas;; 00068; 00126; 00135; 00125; 00084; 00057; 00000; 00000; 00000; 000595
01384604;J MHC T/36 MEDI;Despacho;; 00061; 00107; 00114; 00112; 00076; 00043; 00000; 00000; 00000; 00513
01384604;J MHC T/36 MEDI;saldo;; 00007; 00019; 00021; 00013; 00008; 00014; 00000; 00000; 00000; 00082
01384604;J MHC T/36 MEDI;stock;; 00000; 00000; 00000; 00000; 00000; 00000; 00000; 00000; 00000; 00000
01384604;J MHC T/36 MEDI;corte;; 00000; 00000; 00000; 00000; 00000; 00000; 00000; 00000; 00000; 00000
01384604;J MHC T/36 MEDI;sugerido;; 00007; 00019; 00021; 00013; 00008; 00014; 00000; 00000; 00000; 00082
;
01384606;J MHC T/36 MEDI;Ventas;; 00046; 00077; 00087; 00081; 00055; 00040; 00000; 00000; 00000; 000386
01384606;J MHC T/36 MEDI;Despacho;; 00039; 00063; 00071; 00069; 00043; 00034; 00000; 00000; 00000; 00319
01384606;J MHC T/36 MEDI;saldo;; 00007; 00014; 00016; 00012; 00012; 00006; 00000; 00000; 00000; 00067
01384606;J MHC T/36 MEDI;stock;; 00000; 00000; 00000; 00000; 00000; 00000; 00000; 00000; 00000; 00000
01384606;J MHC T/36 MEDI;corte;; 00000; 00000; 00000; 00000; 00000; 00000; 00000; 00000; 00000; 00000
01384606;J MHC T/36 MEDI;sugerido;; 00007; 00014; 00016; 00012; 00012; 00006; 00000; 00000; 00000; 00067
;
01384609;J MHC T/36 MEDI;Ventas;; 00050; 00071; 00081; 00071; 00043; 00022; 00000; 00000; 00000; 000338
01384609;J MHC T/36 MEDI;Despacho;; 00038; 00057; 00058; 00057; 00031; 00018; 00000; 00000; 00000; 00259
01384609;J MHC T/36 MEDI;saldo;; 00012; 00014; 00023; 00014; 00012; 00004; 00000; 00000; 00000; 00079
01384609;J MHC T/36 MEDI;stock;; 00000; 00000; 00000; 00000; 00000; 00000; 00000; 00000; 00000; 00000
01384609;J MHC T/36 MEDI;corte;; 00000; 00000; 00000; 00000; 00000; 00000; 00000; 00000; 00000; 00000
01384609;J MHC T/36 MEDI;sugerido;; 00012; 00014; 00023; 00014; 00012; 00004; 00000; 00000; 00000; 00079
;
01384638;J MHC T/36 MEDI;Ventas;; 00006; 00006; 00006; 00005; 00003; 00003; 00000; 00000; 00000; 000029
01384638;J MHC T/36 MEDI;Despacho;; 00000; 00000; 00000; 00000; 00000; 00000; 00000; 00000; 00000; 00000
01384638;J MHC T/36 MEDI;saldo;; 00006; 00006; 00006; 00005; 00003; 00003; 00000; 00000; 00000; 00029
01384638;J MHC T/36 MEDI;stock;; 00000; 00000; 00000; 00000; 00000; 00000; 00000; 00000; 00000; 00000
01384638;J MHC T/36 MEDI;corte;; 00000; 00000; 00000; 00000; 00000; 00000; 00000; 00000; 00000; 00000
01384638;J MHC T/36 MEDI;sugerido;; 00006; 00006; 00006; 00005; 00003; 00003; 00000; 00000; 00000; 00029
;
01384671;J MHC T/36 MEDI;Ventas;; 00038; 00053; 00060; 00052; 00032; 00021; 00000; 00000; 00000; 000256
01384671;J MHC T/36 MEDI;Despacho;; 00026; 00040; 00043; 00041; 00020; 00020; 00000; 00000; 00000; 00190
01384671;J MHC T/36 MEDI;saldo;; 00012; 00013; 00017; 00011; 00012; 00001; 00000; 00000; 00000; 00066
01384671;J MHC T/36 MEDI;stock;; 00000; 00000; 00000; 00000; 00000; 00000; 00000; 00000; 00000; 00000
01384671;J MHC T/36 MEDI;corte;; 00000; 00000; 00000; 00000; 00000; 00000; 00000; 00000; 00000; 00000
01384671;J MHC T/36 MEDI;sugerido;; 00012; 00013; 00017; 00011; 00012; 00001; 00000; 00000; 00000; 00066
;
01384699;J MHC T/36 MEDI;Ventas;; 00001; 00001; 00000; 00000; 00000; 00000; 00000; 00000; 00000; 000002
01384699;J MHC T/36 MEDI;Despacho;; 00001; 00000; 00000; 00000; 00000; 00000; 00000; 00000; 00000; 00001
01384699;J MHC T/36 MEDI;saldo;; 00000; 00001; 00000; 00000; 00000; 00000; 00000; 00000; 00000; 00001
01384699;J MHC T/36 MEDI;stock;; 00000; 00000; 00000; 00000; 00000; 00000; 00000; 00000; 00000; 00000
01384699;J MHC T/36 MEDI;corte;; 00000; 00000; 00000; 00000; 00000; 00000; 00000; 00000; 00000; 00000
01384699;J MHC T/36 MEDI;sugerido;; 00000; 00001; 00000; 00000; 00000; 00000; 00000; 00000; 00000; 00001
;
01384900;J MHC  CINTURA ;Ventas;; 00083; 00138; 00148; 00136; 00083; 00056; 00000; 00000; 00000; 000644
01384900;J MHC  CINTURA ;Despacho;; 00054; 00092; 00107; 00096; 00066; 00034; 00000; 00000; 00000; 00449
01384900;J MHC  CINTURA ;saldo;; 00029; 00046; 00041; 00040; 00017; 00022; 00000; 00000; 00000; 00195
01384900;J MHC  CINTURA ;stock;; 00000; 00001; 00000; 00000; 00000; 00000; 00000; 00000; 00000; 00001
01384900;J MHC  CINTURA ;corte;; 00000; 00000; 00000; 00000; 00000; 00000; 00000; 00000; 00000; 00000
01384900;J MHC  CINTURA ;sugerido;; 00029; 00045; 00041; 00040; 00017; 00022; 00000; 00000; 00000; 00194
;
01384901;J MHC  CINTURA ;Ventas;; 00015; 00026; 00029; 00024; 00018; 00010; 00000; 00000; 00000; 000122
01384901;J MHC  CINTURA ;Despacho;; 00000; 00000; 00000; 00000; 00000; 00000; 00000; 00000; 00000; 00000
01384901;J MHC  CINTURA ;saldo;; 00015; 00026; 00029; 00024; 00018; 00010; 00000; 00000; 00000; 00122
01384901;J MHC  CINTURA ;stock;; 00013; 00000;-00016;-00015;-00019;-00011; 00000; 00000; 00000;-00048
01384901;J MHC  CINTURA ;corte;; 00000; 00000; 00000; 00000; 00000; 00000; 00000; 00000; 00000; 00000
01384901;J MHC  CINTURA ;sugerido;; 00002; 00026; 00045; 00039; 00037; 00021; 00000; 00000; 00000; 00170
;
01385100;J MHC CINTURA P;Ventas;; 00041; 00069; 00066; 00054; 00028; 00015; 00000; 00000; 00000; 000273
01385100;J MHC CINTURA P;Despacho;; 00037; 00063; 00060; 00051; 00023; 00014; 00000; 00000; 00000; 00248
01385100;J MHC CINTURA P;saldo;; 00004; 00006; 00006; 00003; 00005; 00001; 00000; 00000; 00000; 00025
01385100;J MHC CINTURA P;stock;; 00000; 00007; 00000; 00000; 00001; 00000; 00000; 00000; 00000; 00008
01385100;J MHC CINTURA P;corte;; 00000; 00000; 00000; 00000; 00000; 00000; 00000; 00000; 00000; 00000
01385100;J MHC CINTURA P;sugerido;; 00004;-00001; 00006; 00003; 00004; 00001; 00000; 00000; 00000; 00017
;
01385300;J MHC  CINTURA ;Ventas;; 00006; 00008; 00008; 00008; 00007; 00004; 00000; 00000; 00000; 000041
01385300;J MHC  CINTURA ;Despacho;; 00004; 00005; 00006; 00006; 00005; 00002; 00000; 00000; 00000; 00028
01385300;J MHC  CINTURA ;saldo;; 00002; 00003; 00002; 00002; 00002; 00002; 00000; 00000; 00000; 00013
01385300;J MHC  CINTURA ;stock;; 00000; 00003; 00001; 00000; 00000; 00000; 00000; 00000; 00000; 00004
01385300;J MHC  CINTURA ;corte;; 00015; 00015; 00000; 00000; 00000; 00000; 00000; 00000; 00000; 00030
01385300;J MHC  CINTURA ;sugerido;;-00013;-00015; 00001; 00002; 00002; 00002; 00000; 00000; 00000;-00021
;
01385304;J MHC T/36 CINT;Ventas;; 00054; 00077; 00075; 00065; 00034; 00027; 00000; 00000; 00000; 000332
01385304;J MHC T/36 CINT;Despacho;; 00040; 00056; 00054; 00048; 00026; 00023; 00000; 00000; 00000; 00247
01385304;J MHC T/36 CINT;saldo;; 00014; 00021; 00021; 00017; 00008; 00004; 00000; 00000; 00000; 00085
01385304;J MHC T/36 CINT;stock;; 00000; 00005; 00007; 00006; 00005; 00000; 00000; 00000; 00000; 00023
01385304;J MHC T/36 CINT;corte;; 00000; 00000; 00000; 00000; 00000; 00000; 00000; 00000; 00000; 00000
01385304;J MHC T/36 CINT;sugerido;; 00014; 00016; 00014; 00011; 00003; 00004; 00000; 00000; 00000; 00062
;
01385306;J MHC T/36 CINT;Ventas;; 00019; 00028; 00027; 00027; 00016; 00013; 00000; 00000; 00000; 000130
01385306;J MHC T/36 CINT;Despacho;; 00013; 00019; 00019; 00018; 00009; 00008; 00000; 00000; 00000; 00086
01385306;J MHC T/36 CINT;saldo;; 00006; 00009; 00008; 00009; 00007; 00005; 00000; 00000; 00000; 00044
01385306;J MHC T/36 CINT;stock;; 00000; 00000; 00003; 00000; 00000; 00000; 00000; 00000; 00000; 00003
01385306;J MHC T/36 CINT;corte;; 00000; 00000; 00000; 00000; 00000; 00000; 00000; 00000; 00000; 00000
01385306;J MHC T/36 CINT;sugerido;; 00006; 00009; 00005; 00009; 00007; 00005; 00000; 00000; 00000; 00041
;
01385309;J MHC T/36 CINT;Ventas;; 00017; 00023; 00023; 00020; 00011; 00007; 00000; 00000; 00000; 000101
01385309;J MHC T/36 CINT;Despacho;; 00014; 00019; 00020; 00015; 00009; 00006; 00000; 00000; 00000; 00083
01385309;J MHC T/36 CINT;saldo;; 00003; 00004; 00003; 00005; 00002; 00001; 00000; 00000; 00000; 00018
01385309;J MHC T/36 CINT;stock;; 00000; 00000; 00000; 00000; 00000; 00000; 00000; 00000; 00000; 00000
01385309;J MHC T/36 CINT;corte;; 00000; 00000; 00000; 00000; 00000; 00000; 00000; 00000; 00000; 00000
01385309;J MHC T/36 CINT;sugerido;; 00003; 00004; 00003; 00005; 00002; 00001; 00000; 00000; 00000; 00018
;
01385338;J MHC T/36 CINT;Ventas;; 00002; 00003; 00005; 00002; 00000; 00000; 00000; 00000; 00000; 000012
01385338;J MHC T/36 CINT;Despacho;; 00000; 00000; 00000; 00000; 00000; 00000; 00000; 00000; 00000; 00000
01385338;J MHC T/36 CINT;saldo;; 00002; 00003; 00005; 00002; 00000; 00000; 00000; 00000; 00000; 00012
01385338;J MHC T/36 CINT;stock;; 00000; 00000; 00002; 00000; 00000; 00000; 00000; 00000; 00000; 00002
01385338;J MHC T/36 CINT;corte;; 00000; 00000; 00000; 00000; 00000; 00000; 00000; 00000; 00000; 00000
01385338;J MHC T/36 CINT;sugerido;; 00002; 00003; 00003; 00002; 00000; 00000; 00000; 00000; 00000; 00010
;
01385371;J MHC T/36 CINT;Ventas;; 00007; 00013; 00012; 00009; 00003; 00002; 00000; 00000; 00000; 000046
01385371;J MHC T/36 CINT;Despacho;; 00000; 00000; 00000; 00000; 00000; 00000; 00000; 00000; 00000; 00000
01385371;J MHC T/36 CINT;saldo;; 00007; 00013; 00012; 00009; 00003; 00002; 00000; 00000; 00000; 00046
01385371;J MHC T/36 CINT;stock;; 00007; 00011; 00011; 00009; 00003; 00000; 00000; 00000; 00000; 00041
01385371;J MHC T/36 CINT;corte;; 00000; 00000; 00000; 00000; 00000; 00000; 00000; 00000; 00000; 00000
01385371;J MHC T/36 CINT;sugerido;; 00000; 00002; 00001; 00000; 00000; 00002; 00000; 00000; 00000; 00005
;
01385700;J MHC T/36 CINT;Ventas;; 00103; 00166; 00180; 00168; 00108; 00070; 00000; 00000; 00000; 000795
01385700;J MHC T/36 CINT;Despacho;; 00066; 00101; 00112; 00102; 00066; 00033; 00000; 00000; 00000; 00480
01385700;J MHC T/36 CINT;saldo;; 00037; 00065; 00068; 00066; 00042; 00037; 00000; 00000; 00000; 00315
01385700;J MHC T/36 CINT;stock;; 00001; 00006; 00001; 00001; 00001; 00000; 00000; 00000; 00000; 00010
01385700;J MHC T/36 CINT;corte;; 00000; 00000; 00000; 00000; 00000; 00000; 00000; 00000; 00000; 00000
01385700;J MHC T/36 CINT;sugerido;; 00036; 00059; 00067; 00065; 00041; 00037; 00000; 00000; 00000; 00305
;
01385800;J MHC T/36 CINT;Ventas;; 00033; 00067; 00068; 00056; 00022; 00014; 00000; 00000; 00000; 000260
01385800;J MHC T/36 CINT;Despacho;; 00022; 00053; 00054; 00046; 00014; 00012; 00000; 00000; 00000; 00201
01385800;J MHC T/36 CINT;saldo;; 00011; 00014; 00014; 00010; 00008; 00002; 00000; 00000; 00000; 00059
01385800;J MHC T/36 CINT;stock;; 00009; 00007; 00000; 00000; 00003; 00001; 00000; 00000; 00000; 00020
01385800;J MHC T/36 CINT;corte;; 00000; 00000; 00000; 00000; 00000; 00000; 00000; 00000; 00000; 00000
01385800;J MHC T/36 CINT;sugerido;; 00002; 00007; 00014; 00010; 00005; 00001; 00000; 00000; 00000; 00039
;
01385801;J MHC T/36 CINT;Ventas;; 00003; 00006; 00006; 00004; 00002; 00001; 00000; 00000; 00000; 000022
01385801;J MHC T/36 CINT;Despacho;; 00000; 00000; 00000; 00000; 00000; 00000; 00000; 00000; 00000; 00000
01385801;J MHC T/36 CINT;saldo;; 00003; 00006; 00006; 00004; 00002; 00001; 00000; 00000; 00000; 00022
01385801;J MHC T/36 CINT;stock;; 00000; 00000; 00000; 00000; 00000; 00000; 00000; 00000; 00000; 00000
01385801;J MHC T/36 CINT;corte;; 00000; 00000; 00000; 00000; 00000; 00000; 00000; 00000; 00000; 00000
01385801;J MHC T/36 CINT;sugerido;; 00003; 00006; 00006; 00004; 00002; 00001; 00000; 00000; 00000; 00022
;
01386000;J MHC T/36 CINT;Ventas;; 00173; 00311; 00343; 00315; 00196; 00135; 00000; 00000; 00000; 001473
01386000;J MHC T/36 CINT;Despacho;; 00132; 00235; 00272; 00247; 00177; 00115; 00000; 00000; 00000; 01178
01386000;J MHC T/36 CINT;saldo;; 00041; 00076; 00071; 00068; 00019; 00020; 00000; 00000; 00000; 00295
01386000;J MHC T/36 CINT;stock;; 00000; 00002; 00000; 00000; 00000; 00000; 00000; 00000; 00000; 00002
01386000;J MHC T/36 CINT;corte;; 00000; 00000; 00000; 00000; 00000; 00000; 00000; 00000; 00000; 00000
01386000;J MHC T/36 CINT;sugerido;; 00041; 00074; 00071; 00068; 00019; 00020; 00000; 00000; 00000; 00293
;
01386099;J MHC T/42     ;Ventas;; 00000; 00000; 00000; 00001; 00000; 00001; 00000; 00000; 00000; 000002
01386099;J MHC T/42     ;Despacho;; 00000; 00000; 00000; 00001; 00000; 00000; 00000; 00000; 00000; 00001
01386099;J MHC T/42     ;saldo;; 00000; 00000; 00000; 00000; 00000; 00001; 00000; 00000; 00000; 00001
01386099;J MHC T/42     ;stock;; 00000; 00000; 00000; 00000; 00000; 00000; 00000; 00000; 00000; 00000
01386099;J MHC T/42     ;corte;; 00000; 00000; 00000; 00000; 00000; 00000; 00000; 00000; 00000; 00000
01386099;J MHC T/42     ;sugerido;; 00000; 00000; 00000; 00000; 00000; 00001; 00000; 00000; 00000; 00001
;
01386100;J MHC CINTURA R;Ventas;; 00096; 00180; 00192; 00183; 00121; 00084; 00000; 00000; 00000; 000856
01386100;J MHC CINTURA R;Despacho;; 00077; 00130; 00130; 00122; 00080; 00041; 00000; 00000; 00000; 00580
01386100;J MHC CINTURA R;saldo;; 00019; 00050; 00062; 00061; 00041; 00043; 00000; 00000; 00000; 00276
01386100;J MHC CINTURA R;stock;; 00000; 00005; 00000; 00000; 00001; 00000; 00000; 00000; 00000; 00006
01386100;J MHC CINTURA R;corte;; 00000; 00000; 00000; 00000; 00000; 00000; 00000; 00000; 00000; 00000
01386100;J MHC CINTURA R;sugerido;; 00019; 00045; 00062; 00061; 00040; 00043; 00000; 00000; 00000; 00270
;
01386200;J MHC  MEDIO RE;Ventas;; 00093; 00202; 00247; 00237; 00161; 00102; 00000; 00000; 00000; 001042
01386200;J MHC  MEDIO RE;Despacho;; 00085; 00190; 00232; 00219; 00144; 00093; 00000; 00000; 00000; 00963
01386200;J MHC  MEDIO RE;saldo;; 00008; 00012; 00015; 00018; 00017; 00009; 00000; 00000; 00000; 00079
01386200;J MHC  MEDIO RE;stock;; 00000; 00000; 00000; 00000; 00000; 00000; 00000; 00000; 00000; 00000
01386200;J MHC  MEDIO RE;corte;; 00000; 00000; 00000; 00000; 00000; 00000; 00000; 00000; 00000; 00000
01386200;J MHC  MEDIO RE;sugerido;; 00008; 00012; 00015; 00018; 00017; 00009; 00000; 00000; 00000; 00079
;
01386201;J MHC T/36 MEDI;Ventas;; 00132; 00257; 00293; 00282; 00188; 00135; 00000; 00000; 00000; 001287
01386201;J MHC T/36 MEDI;Despacho;; 00089; 00176; 00214; 00199; 00139; 00106; 00000; 00000; 00000; 00923
01386201;J MHC T/36 MEDI;saldo;; 00043; 00081; 00079; 00083; 00049; 00029; 00000; 00000; 00000; 00364
01386201;J MHC T/36 MEDI;stock;; 00000; 00000; 00000; 00000; 00001; 00000; 00000; 00000; 00000; 00001
01386201;J MHC T/36 MEDI;corte;; 00000; 00000; 00000; 00000; 00000; 00000; 00000; 00000; 00000; 00000
01386201;J MHC T/36 MEDI;sugerido;; 00043; 00081; 00079; 00083; 00048; 00029; 00000; 00000; 00000; 00363
;
01386299;J MHC  MEDIO RE;Ventas;; 00000; 00001; 00000; 00000; 00001; 00000; 00000; 00000; 00000; 000002
01386299;J MHC  MEDIO RE;Despacho;; 00000; 00000; 00000; 00000; 00000; 00000; 00000; 00000; 00000; 00000
01386299;J MHC  MEDIO RE;saldo;; 00000; 00001; 00000; 00000; 00001; 00000; 00000; 00000; 00000; 00002
01386299;J MHC  MEDIO RE;stock;; 00000; 00000; 00000; 00000; 00000; 00000; 00000; 00000; 00000; 00000
01386299;J MHC  MEDIO RE;corte;; 00000; 00000; 00000; 00000; 00000; 00000; 00000; 00000; 00000; 00000
01386299;J MHC  MEDIO RE;sugerido;; 00000; 00001; 00000; 00000; 00001; 00000; 00000; 00000; 00000; 00002
;
01386500;J MHC T/36 CINT;Ventas;; 00219; 00394; 00432; 00378; 00235; 00140; 00000; 00000; 00000; 001798
01386500;J MHC T/36 CINT;Despacho;; 00173; 00328; 00352; 00321; 00190; 00108; 00000; 00000; 00000; 01472
01386500;J MHC T/36 CINT;saldo;; 00046; 00066; 00080; 00057; 00045; 00032; 00000; 00000; 00000; 00326
01386500;J MHC T/36 CINT;stock;; 00003; 00007; 00003; 00000; 00000; 00000; 00000; 00000; 00000; 00013
01386500;J MHC T/36 CINT;corte;; 00000; 00000; 00000; 00000; 00000; 00000; 00000; 00000; 00000; 00000
01386500;J MHC T/36 CINT;sugerido;; 00043; 00059; 00077; 00057; 00045; 00032; 00000; 00000; 00000; 00313
;
01386501;J MHC T/36 CINT;Ventas;; 00040; 00065; 00070; 00062; 00036; 00023; 00000; 00000; 00000; 000296
01386501;J MHC T/36 CINT;Despacho;; 00024; 00044; 00048; 00045; 00023; 00016; 00000; 00000; 00000; 00200
01386501;J MHC T/36 CINT;saldo;; 00016; 00021; 00022; 00017; 00013; 00007; 00000; 00000; 00000; 00096
01386501;J MHC T/36 CINT;stock;; 00000; 00006; 00009;-00002; 00000; 00000; 00000; 00000; 00000; 00013
01386501;J MHC T/36 CINT;corte;; 00000; 00000; 00000; 00000; 00000; 00000; 00000; 00000; 00000; 00000
01386501;J MHC T/36 CINT;sugerido;; 00016; 00015; 00013; 00019; 00013; 00007; 00000; 00000; 00000; 00083
;
01386580;J MHC T/36 CINT;Ventas;; 00010; 00012; 00012; 00012; 00008; 00008; 00000; 00000; 00000; 000062
01386580;J MHC T/36 CINT;Despacho;; 00001; 00000; 00000; 00000; 00000; 00000; 00000; 00000; 00000; 00001
01386580;J MHC T/36 CINT;saldo;; 00009; 00012; 00012; 00012; 00008; 00008; 00000; 00000; 00000; 00061
01386580;J MHC T/36 CINT;stock;; 00000; 00000; 00000; 00000; 00000; 00000; 00000; 00000; 00000; 00000
01386580;J MHC T/36 CINT;corte;; 00000; 00000; 00000; 00000; 00000; 00000; 00000; 00000; 00000; 00000
01386580;J MHC T/36 CINT;sugerido;; 00009; 00012; 00012; 00012; 00008; 00008; 00000; 00000; 00000; 00061
;
01386599;J MHC T/40     ;Ventas;; 00000; 00000; 00002; 00000; 00000; 00000; 00000; 00000; 00000; 000002
01386599;J MHC T/40     ;Despacho;; 00000; 00000; 00002; 00000; 00000; 00000; 00000; 00000; 00000; 00002
01386599;J MHC T/40     ;saldo;; 00000; 00000; 00000; 00000; 00000; 00000; 00000; 00000; 00000; 00000
01386599;J MHC T/40     ;stock;; 00000; 00000; 00000; 00000; 00000; 00000; 00000; 00000; 00000; 00000
01386599;J MHC T/40     ;corte;; 00000; 00000; 00000; 00000; 00000; 00000; 00000; 00000; 00000; 00000
01386599;J MHC T/40     ;sugerido;; 00000; 00000; 00000; 00000; 00000; 00000; 00000; 00000; 00000; 00000
;
01386900;J MHC T/36 CINT;Ventas;; 00147; 00282; 00292; 00264; 00163; 00112; 00000; 00000; 00000; 001260
01386900;J MHC T/36 CINT;Despacho;; 00110; 00225; 00233; 00219; 00137; 00098; 00000; 00000; 00000; 01022
01386900;J MHC T/36 CINT;saldo;; 00037; 00057; 00059; 00045; 00026; 00014; 00000; 00000; 00000; 00238
01386900;J MHC T/36 CINT;stock;; 00000; 00001; 00000; 00000; 00000; 00000; 00000; 00000; 00000; 00001
01386900;J MHC T/36 CINT;corte;; 00000; 00000; 00000; 00000; 00000; 00000; 00000; 00000; 00000; 00000
01386900;J MHC T/36 CINT;sugerido;; 00037; 00056; 00059; 00045; 00026; 00014; 00000; 00000; 00000; 00237
;
01386999;J MHC T/42     ;Ventas;; 00000; 00000; 00000; 00001; 00000; 00000; 00000; 00000; 00000; 000001
01386999;J MHC T/42     ;Despacho;; 00000; 00000; 00000; 00000; 00000; 00000; 00000; 00000; 00000; 00000
01386999;J MHC T/42     ;saldo;; 00000; 00000; 00000; 00001; 00000; 00000; 00000; 00000; 00000; 00001
01386999;J MHC T/42     ;stock;; 00000; 00000; 00000; 00000; 00000; 00000; 00000; 00000; 00000; 00000
01386999;J MHC T/42     ;corte;; 00000; 00000; 00000; 00000; 00000; 00000; 00000; 00000; 00000; 00000
01386999;J MHC T/42     ;sugerido;; 00000; 00000; 00000; 00001; 00000; 00000; 00000; 00000; 00000; 00001
;
01387100;J MHC T/36 CINT;Ventas;; 00075; 00158; 00183; 00165; 00116; 00087; 00000; 00000; 00000; 000784
01387100;J MHC T/36 CINT;Despacho;; 00064; 00133; 00154; 00148; 00102; 00069; 00000; 00000; 00000; 00670
01387100;J MHC T/36 CINT;saldo;; 00011; 00025; 00029; 00017; 00014; 00018; 00000; 00000; 00000; 00114
01387100;J MHC T/36 CINT;stock;; 00001; 00007; 00001; 00000; 00000; 00000; 00000; 00000; 00000; 00009
01387100;J MHC T/36 CINT;corte;; 00000; 00000; 00000; 00000; 00000; 00000; 00000; 00000; 00000; 00000
01387100;J MHC T/36 CINT;sugerido;; 00010; 00018; 00028; 00017; 00014; 00018; 00000; 00000; 00000; 00105
;
01387101;J MHC T/36 CINT;Ventas;; 00034; 00069; 00082; 00073; 00048; 00027; 00000; 00000; 00000; 000333
01387101;J MHC T/36 CINT;Despacho;; 00029; 00054; 00061; 00056; 00038; 00020; 00000; 00000; 00000; 00258
01387101;J MHC T/36 CINT;saldo;; 00005; 00015; 00021; 00017; 00010; 00007; 00000; 00000; 00000; 00075
01387101;J MHC T/36 CINT;stock;; 00001; 00000; 00001; 00000; 00000; 00000; 00000; 00000; 00000; 00002
01387101;J MHC T/36 CINT;corte;; 00000; 00000; 00000; 00000; 00000; 00000; 00000; 00000; 00000; 00000
01387101;J MHC T/36 CINT;sugerido;; 00004; 00015; 00020; 00017; 00010; 00007; 00000; 00000; 00000; 00073
;
01387700;J MHC  CINTURA ;Ventas;; 00172; 00338; 00374; 00360; 00242; 00157; 00000; 00000; 00000; 001643
01387700;J MHC  CINTURA ;Despacho;; 00135; 00268; 00296; 00277; 00183; 00115; 00000; 00000; 00000; 01274
01387700;J MHC  CINTURA ;saldo;; 00037; 00070; 00078; 00083; 00059; 00042; 00000; 00000; 00000; 00369
01387700;J MHC  CINTURA ;stock;; 00000; 00001; 00000; 00000; 00000; 00000; 00000; 00000; 00000; 00001
01387700;J MHC  CINTURA ;corte;; 00000; 00000; 00000; 00000; 00000; 00000; 00000; 00000; 00000; 00000
01387700;J MHC  CINTURA ;sugerido;; 00037; 00069; 00078; 00083; 00059; 00042; 00000; 00000; 00000; 00368
;
01387780;J MHC  CINTURA ;Ventas;; 00010; 00010; 00010; 00010; 00008; 00008; 00000; 00000; 00000; 000056
01387780;J MHC  CINTURA ;Despacho;; 00003; 00000; 00000; 00000; 00000; 00000; 00000; 00000; 00000; 00003
01387780;J MHC  CINTURA ;saldo;; 00007; 00010; 00010; 00010; 00008; 00008; 00000; 00000; 00000; 00053
01387780;J MHC  CINTURA ;stock;;-00003; 00000; 00000; 00000; 00000; 00000; 00000; 00000; 00000;-00003
01387780;J MHC  CINTURA ;corte;; 00000; 00000; 00000; 00000; 00000; 00000; 00000; 00000; 00000; 00000
01387780;J MHC  CINTURA ;sugerido;; 00010; 00010; 00010; 00010; 00008; 00008; 00000; 00000; 00000; 00056
;
01387799;J MHC T/42     ;Ventas;; 00000; 00000; 00000; 00001; 00000; 00000; 00000; 00000; 00000; 000001
01387799;J MHC T/42     ;Despacho;; 00000; 00000; 00000; 00000; 00000; 00000; 00000; 00000; 00000; 00000
01387799;J MHC T/42     ;saldo;; 00000; 00000; 00000; 00001; 00000; 00000; 00000; 00000; 00000; 00001
01387799;J MHC T/42     ;stock;; 00000; 00000; 00000; 00000; 00000; 00000; 00000; 00000; 00000; 00000
01387799;J MHC T/42     ;corte;; 00000; 00000; 00000; 00000; 00000; 00000; 00000; 00000; 00000; 00000
01387799;J MHC T/42     ;sugerido;; 00000; 00000; 00000; 00001; 00000; 00000; 00000; 00000; 00000; 00001
;
01387800;J MHC  CINTURA ;Ventas;; 00177; 00283; 00288; 00234; 00130; 00080; 00000; 00000; 00000; 001192
01387800;J MHC  CINTURA ;Despacho;; 00130; 00223; 00232; 00178; 00102; 00059; 00000; 00000; 00000; 00924
01387800;J MHC  CINTURA ;saldo;; 00047; 00060; 00056; 00056; 00028; 00021; 00000; 00000; 00000; 00268
01387800;J MHC  CINTURA ;stock;; 00000;-00005;-00010;-00005;-00001;-00001; 00000; 00000; 00000;-00022
01387800;J MHC  CINTURA ;corte;; 00000; 00000; 00000; 00000; 00000; 00000; 00000; 00000; 00000; 00000
01387800;J MHC  CINTURA ;sugerido;; 00047; 00065; 00066; 00061; 00029; 00022; 00000; 00000; 00000; 00290
;
01387899;J MHC T/40     ;Ventas;; 00000; 00000; 00001; 00000; 00000; 00000; 00000; 00000; 00000; 000001
01387899;J MHC T/40     ;Despacho;; 00000; 00000; 00000; 00000; 00000; 00000; 00000; 00000; 00000; 00000
01387899;J MHC T/40     ;saldo;; 00000; 00000; 00001; 00000; 00000; 00000; 00000; 00000; 00000; 00001
01387899;J MHC T/40     ;stock;; 00000; 00000; 00000; 00000; 00000; 00000; 00000; 00000; 00000; 00000
01387899;J MHC T/40     ;corte;; 00000; 00000; 00000; 00000; 00000; 00000; 00000; 00000; 00000; 00000
01387899;J MHC T/40     ;sugerido;; 00000; 00000; 00001; 00000; 00000; 00000; 00000; 00000; 00000; 00001
;
01387900;J MHC T/36 MEDI;Ventas;; 00069; 00129; 00148; 00141; 00094; 00057; 00000; 00000; 00000; 000638
01387900;J MHC T/36 MEDI;Despacho;; 00057; 00109; 00121; 00112; 00074; 00040; 00000; 00000; 00000; 00513
01387900;J MHC T/36 MEDI;saldo;; 00012; 00020; 00027; 00029; 00020; 00017; 00000; 00000; 00000; 00125
01387900;J MHC T/36 MEDI;stock;; 00028; 00012; 00004; 00004; 00000; 00000; 00000; 00000; 00000; 00048
01387900;J MHC T/36 MEDI;corte;; 00000; 00000; 00000; 00000; 00000; 00000; 00000; 00000; 00000; 00000
01387900;J MHC T/36 MEDI;sugerido;;-00016; 00008; 00023; 00025; 00020; 00017; 00000; 00000; 00000; 00077
;
01387980;J MHC T/36 MEDI;Ventas;; 00012; 00012; 00012; 00012; 00008; 00008; 00000; 00000; 00000; 000064
01387980;J MHC T/36 MEDI;Despacho;; 00000; 00000; 00000; 00000; 00002; 00000; 00000; 00000; 00000; 00002
01387980;J MHC T/36 MEDI;saldo;; 00012; 00012; 00012; 00012; 00006; 00008; 00000; 00000; 00000; 00062
01387980;J MHC T/36 MEDI;stock;; 00000; 00000; 00000; 00000; 00000; 00000; 00000; 00000; 00000; 00000
01387980;J MHC T/36 MEDI;corte;; 00000; 00000; 00000; 00000; 00000; 00000; 00000; 00000; 00000; 00000
01387980;J MHC T/36 MEDI;sugerido;; 00012; 00012; 00012; 00012; 00006; 00008; 00000; 00000; 00000; 00062
;
01387999;J MHC T/38     ;Ventas;; 00000; 00001; 00000; 00000; 00000; 00000; 00000; 00000; 00000; 000001
01387999;J MHC T/38     ;Despacho;; 00000; 00001; 00000; 00000; 00000; 00000; 00000; 00000; 00000; 00001
01387999;J MHC T/38     ;saldo;; 00000; 00000; 00000; 00000; 00000; 00000; 00000; 00000; 00000; 00000
01387999;J MHC T/38     ;stock;; 00000; 00000; 00000; 00000; 00000; 00000; 00000; 00000; 00000; 00000
01387999;J MHC T/38     ;corte;; 00000; 00000; 00000; 00000; 00000; 00000; 00000; 00000; 00000; 00000
01387999;J MHC T/38     ;sugerido;; 00000; 00000; 00000; 00000; 00000; 00000; 00000; 00000; 00000; 00000
;
01388000;J MHC  CINTURA ;Ventas;; 00174; 00376; 00457; 00422; 00256; 00185; 00000; 00000; 00000; 001870
01388000;J MHC  CINTURA ;Despacho;; 00114; 00297; 00358; 00327; 00188; 00147; 00000; 00000; 00000; 01431
01388000;J MHC  CINTURA ;saldo;; 00060; 00079; 00099; 00095; 00068; 00038; 00000; 00000; 00000; 00439
01388000;J MHC  CINTURA ;stock;; 00041; 00022; 00000; 00000; 00000; 00000; 00000; 00000; 00000; 00063
01388000;J MHC  CINTURA ;corte;; 00000; 00000; 00000; 00000; 00000; 00000; 00000; 00000; 00000; 00000
01388000;J MHC  CINTURA ;sugerido;; 00019; 00057; 00099; 00095; 00068; 00038; 00000; 00000; 00000; 00376
;
01388001;J MHC T/36 CINT;Ventas;; 00004; 00007; 00008; 00007; 00005; 00002; 00000; 00000; 00000; 000033
01388001;J MHC T/36 CINT;Despacho;; 00000; 00000; 00000; 00000; 00000; 00000; 00000; 00000; 00000; 00000
01388001;J MHC T/36 CINT;saldo;; 00004; 00007; 00008; 00007; 00005; 00002; 00000; 00000; 00000; 00033
01388001;J MHC T/36 CINT;stock;; 00000; 00000; 00000; 00000; 00000; 00000; 00000; 00000; 00000; 00000
01388001;J MHC T/36 CINT;corte;; 00000; 00000; 00000; 00000; 00000; 00000; 00000; 00000; 00000; 00000
01388001;J MHC T/36 CINT;sugerido;; 00004; 00007; 00008; 00007; 00005; 00002; 00000; 00000; 00000; 00033
;
01388099;J MHC T/46     ;Ventas;; 00000; 00000; 00000; 00000; 00000; 00001; 00000; 00000; 00000; 000001
01388099;J MHC T/46     ;Despacho;; 00000; 00000; 00000; 00000; 00000; 00001; 00000; 00000; 00000; 00001
01388099;J MHC T/46     ;saldo;; 00000; 00000; 00000; 00000; 00000; 00000; 00000; 00000; 00000; 00000
01388099;J MHC T/46     ;stock;; 00000; 00000; 00000; 00000; 00000; 00000; 00000; 00000; 00000; 00000
01388099;J MHC T/46     ;corte;; 00000; 00000; 00000; 00000; 00000; 00000; 00000; 00000; 00000; 00000
01388099;J MHC T/46     ;sugerido;; 00000; 00000; 00000; 00000; 00000; 00000; 00000; 00000; 00000; 00000
;
01388200;J MHC T/36 CINT;Ventas;; 00125; 00255; 00293; 00277; 00192; 00134; 00000; 00000; 00000; 001276
01388200;J MHC T/36 CINT;Despacho;; 00093; 00178; 00214; 00190; 00133; 00083; 00000; 00000; 00000; 00891
01388200;J MHC T/36 CINT;saldo;; 00032; 00077; 00079; 00087; 00059; 00051; 00000; 00000; 00000; 00385
01388200;J MHC T/36 CINT;stock;; 00003; 00010; 00010; 00005; 00002; 00003; 00000; 00000; 00000; 00033
01388200;J MHC T/36 CINT;corte;; 00000; 00000; 00000; 00000; 00000; 00000; 00000; 00000; 00000; 00000
01388200;J MHC T/36 CINT;sugerido;; 00029; 00067; 00069; 00082; 00057; 00048; 00000; 00000; 00000; 00352
;
01388201;J MHC T/36 CINT;Ventas;; 00115; 00224; 00255; 00231; 00145; 00090; 00000; 00000; 00000; 001060
01388201;J MHC T/36 CINT;Despacho;; 00075; 00149; 00169; 00153; 00098; 00056; 00000; 00000; 00000; 00700
01388201;J MHC T/36 CINT;saldo;; 00040; 00075; 00086; 00078; 00047; 00034; 00000; 00000; 00000; 00360
01388201;J MHC T/36 CINT;stock;; 00000; 00004; 00000; 00000; 00001; 00000; 00000; 00000; 00000; 00005
01388201;J MHC T/36 CINT;corte;; 00000; 00000; 00000; 00000; 00000; 00000; 00000; 00000; 00000; 00000
01388201;J MHC T/36 CINT;sugerido;; 00040; 00071; 00086; 00078; 00046; 00034; 00000; 00000; 00000; 00355
;
01388280;J MHC T/36 CINT;Ventas;; 00010; 00012; 00012; 00012; 00008; 00008; 00000; 00000; 00000; 000062
01388280;J MHC T/36 CINT;Despacho;; 00001; 00000; 00000; 00003; 00000; 00000; 00000; 00000; 00000; 00004
01388280;J MHC T/36 CINT;saldo;; 00009; 00012; 00012; 00009; 00008; 00008; 00000; 00000; 00000; 00058
01388280;J MHC T/36 CINT;stock;;-00001; 00000; 00000;-00003; 00000; 00000; 00000; 00000; 00000;-00004
01388280;J MHC T/36 CINT;corte;; 00000; 00000; 00000; 00000; 00000; 00000; 00000; 00000; 00000; 00000
01388280;J MHC T/36 CINT;sugerido;; 00010; 00012; 00012; 00012; 00008; 00008; 00000; 00000; 00000; 00062
;
01388300;J MHC T/36 CINT;Ventas;; 00122; 00252; 00285; 00265; 00168; 00118; 00000; 00000; 00000; 001210
01388300;J MHC T/36 CINT;Despacho;; 00081; 00188; 00225; 00211; 00134; 00089; 00000; 00000; 00000; 00928
01388300;J MHC T/36 CINT;saldo;; 00041; 00064; 00060; 00054; 00034; 00029; 00000; 00000; 00000; 00282
01388300;J MHC T/36 CINT;stock;; 00018; 00024; 00005; 00005; 00000; 00001; 00000; 00000; 00000; 00053
01388300;J MHC T/36 CINT;corte;; 00000; 00000; 00000; 00000; 00000; 00000; 00000; 00000; 00000; 00000
01388300;J MHC T/36 CINT;sugerido;; 00023; 00040; 00055; 00049; 00034; 00028; 00000; 00000; 00000; 00229
;
01388399;J MHC T/36 CINT;Ventas;; 00001; 00000; 00000; 00001; 00000; 00000; 00000; 00000; 00000; 000002
01388399;J MHC T/36 CINT;Despacho;; 00000; 00000; 00000; 00000; 00000; 00000; 00000; 00000; 00000; 00000
01388399;J MHC T/36 CINT;saldo;; 00001; 00000; 00000; 00001; 00000; 00000; 00000; 00000; 00000; 00002
01388399;J MHC T/36 CINT;stock;; 00000; 00000; 00000; 00000; 00000; 00000; 00000; 00000; 00000; 00000
01388399;J MHC T/36 CINT;corte;; 00000; 00000; 00000; 00000; 00000; 00000; 00000; 00000; 00000; 00000
01388399;J MHC T/36 CINT;sugerido;; 00001; 00000; 00000; 00001; 00000; 00000; 00000; 00000; 00000; 00002
;
01388600;J MHC CINTURA P;Ventas;; 00138; 00223; 00231; 00210; 00127; 00084; 00000; 00000; 00000; 001013
01388600;J MHC CINTURA P;Despacho;; 00086; 00147; 00156; 00146; 00089; 00052; 00000; 00000; 00000; 00676
01388600;J MHC CINTURA P;saldo;; 00052; 00076; 00075; 00064; 00038; 00032; 00000; 00000; 00000; 00337
01388600;J MHC CINTURA P;stock;; 00003; 00002; 00002; 00010; 00001; 00000; 00000; 00000; 00000; 00018
01388600;J MHC CINTURA P;corte;; 00000; 00000; 00000; 00000; 00000; 00000; 00000; 00000; 00000; 00000
01388600;J MHC CINTURA P;sugerido;; 00049; 00074; 00073; 00054; 00037; 00032; 00000; 00000; 00000; 00319
;
01388699;J MHC T/44     ;Ventas;; 00000; 00000; 00000; 00000; 00001; 00000; 00000; 00000; 00000; 000001
01388699;J MHC T/44     ;Despacho;; 00000; 00000; 00000; 00000; 00001; 00000; 00000; 00000; 00000; 00001
01388699;J MHC T/44     ;saldo;; 00000; 00000; 00000; 00000; 00000; 00000; 00000; 00000; 00000; 00000
01388699;J MHC T/44     ;stock;; 00000; 00000; 00000; 00000; 00000; 00000; 00000; 00000; 00000; 00000
01388699;J MHC T/44     ;corte;; 00000; 00000; 00000; 00000; 00000; 00000; 00000; 00000; 00000; 00000
01388699;J MHC T/44     ;sugerido;; 00000; 00000; 00000; 00000; 00000; 00000; 00000; 00000; 00000; 00000
;
01388700;J MHC T/36 CINT;Ventas;; 00002; 00004; 00004; 00004; 00003; 00002; 00000; 00000; 00000; 000019
01388700;J MHC T/36 CINT;Despacho;; 00000; 00000; 00000; 00000; 00000; 00000; 00000; 00000; 00000; 00000
01388700;J MHC T/36 CINT;saldo;; 00002; 00004; 00004; 00004; 00003; 00002; 00000; 00000; 00000; 00019
01388700;J MHC T/36 CINT;stock;; 00000; 00001; 00000; 00000; 00000; 00000; 00000; 00000; 00000; 00001
01388700;J MHC T/36 CINT;corte;; 00000; 00000; 00000; 00000; 00000; 00000; 00000; 00000; 00000; 00000
01388700;J MHC T/36 CINT;sugerido;; 00002; 00003; 00004; 00004; 00003; 00002; 00000; 00000; 00000; 00018
;
01388800;J MHC T/36 CINT;Ventas;; 00019; 00040; 00046; 00049; 00032; 00022; 00000; 00000; 00000; 000208
01388800;J MHC T/36 CINT;Despacho;; 00000; 00000; 00000; 00000; 00000; 00000; 00000; 00000; 00000; 00000
01388800;J MHC T/36 CINT;saldo;; 00019; 00040; 00046; 00049; 00032; 00022; 00000; 00000; 00000; 00208
01388800;J MHC T/36 CINT;stock;; 00001; 00005; 00000; 00000; 00000; 00000; 00000; 00000; 00000; 00006
01388800;J MHC T/36 CINT;corte;; 00000; 00000; 00000; 00000; 00000; 00000; 00000; 00000; 00000; 00000
01388800;J MHC T/36 CINT;sugerido;; 00018; 00035; 00046; 00049; 00032; 00022; 00000; 00000; 00000; 00202
;
01388900;J MHC T/36 CINT;Ventas;; 00146; 00265; 00308; 00297; 00181; 00120; 00000; 00000; 00000; 001317
01388900;J MHC T/36 CINT;Despacho;; 00110; 00208; 00243; 00235; 00152; 00095; 00000; 00000; 00000; 01043
01388900;J MHC T/36 CINT;saldo;; 00036; 00057; 00065; 00062; 00029; 00025; 00000; 00000; 00000; 00274
01388900;J MHC T/36 CINT;stock;; 00000;-00001; 00000; 00001; 00000; 00000; 00000; 00000; 00000; 00000
01388900;J MHC T/36 CINT;corte;; 00000; 00000; 00000; 00000; 00000; 00000; 00000; 00000; 00000; 00000
01388900;J MHC T/36 CINT;sugerido;; 00036; 00058; 00065; 00061; 00029; 00025; 00000; 00000; 00000; 00274
;
01388980;J MHC T/36 CINT;Ventas;; 00012; 00012; 00012; 00012; 00008; 00008; 00000; 00000; 00000; 000064
01388980;J MHC T/36 CINT;Despacho;; 00001; 00001; 00002; 00000; 00000; 00000; 00000; 00000; 00000; 00004
01388980;J MHC T/36 CINT;saldo;; 00011; 00011; 00010; 00012; 00008; 00008; 00000; 00000; 00000; 00060
01388980;J MHC T/36 CINT;stock;; 00000; 00000; 00000; 00000; 00000; 00000; 00000; 00000; 00000; 00000
01388980;J MHC T/36 CINT;corte;; 00000; 00000; 00000; 00000; 00000; 00000; 00000; 00000; 00000; 00000
01388980;J MHC T/36 CINT;sugerido;; 00011; 00011; 00010; 00012; 00008; 00008; 00000; 00000; 00000; 00060
;
01388999;J MHC T/38     ;Ventas;; 00000; 00001; 00000; 00000; 00000; 00000; 00000; 00000; 00000; 000001
01388999;J MHC T/38     ;Despacho;; 00000; 00001; 00000; 00000; 00000; 00000; 00000; 00000; 00000; 00001
01388999;J MHC T/38     ;saldo;; 00000; 00000; 00000; 00000; 00000; 00000; 00000; 00000; 00000; 00000
01388999;J MHC T/38     ;stock;; 00000; 00000; 00000; 00000; 00000; 00000; 00000; 00000; 00000; 00000
01388999;J MHC T/38     ;corte;; 00000; 00000; 00000; 00000; 00000; 00000; 00000; 00000; 00000; 00000
01388999;J MHC T/38     ;sugerido;; 00000; 00000; 00000; 00000; 00000; 00000; 00000; 00000; 00000; 00000
;
01389100;J MHC CINTURA F;Ventas;; 00097; 00174; 00171; 00166; 00096; 00073; 00000; 00000; 00000; 000777
01389100;J MHC CINTURA F;Despacho;; 00062; 00112; 00107; 00108; 00063; 00046; 00000; 00000; 00000; 00498
01389100;J MHC CINTURA F;saldo;; 00035; 00062; 00064; 00058; 00033; 00027; 00000; 00000; 00000; 00279
01389100;J MHC CINTURA F;stock;; 00000; 00000; 00000; 00000; 00000; 00000; 00000; 00000; 00000; 00000
01389100;J MHC CINTURA F;corte;; 00000; 00000; 00000; 00000; 00000; 00000; 00000; 00000; 00000; 00000
01389100;J MHC CINTURA F;sugerido;; 00035; 00062; 00064; 00058; 00033; 00027; 00000; 00000; 00000; 00279
;
01389180;J MHC CINTURA F;Ventas;; 00012; 00012; 00012; 00012; 00008; 00008; 00000; 00000; 00000; 000064
01389180;J MHC CINTURA F;Despacho;; 00000; 00000; 00003; 00000; 00000; 00000; 00000; 00000; 00000; 00003
01389180;J MHC CINTURA F;saldo;; 00012; 00012; 00009; 00012; 00008; 00008; 00000; 00000; 00000; 00061
01389180;J MHC CINTURA F;stock;; 00000; 00000;-00003; 00000; 00000; 00000; 00000; 00000; 00000;-00003
01389180;J MHC CINTURA F;corte;; 00000; 00000; 00000; 00000; 00000; 00000; 00000; 00000; 00000; 00000
01389180;J MHC CINTURA F;sugerido;; 00012; 00012; 00012; 00012; 00008; 00008; 00000; 00000; 00000; 00064
;
01389199;J MHC T/40     ;Ventas;; 00000; 00000; 00001; 00000; 00000; 00000; 00000; 00000; 00000; 000001
01389199;J MHC T/40     ;Despacho;; 00000; 00000; 00001; 00000; 00000; 00000; 00000; 00000; 00000; 00001
01389199;J MHC T/40     ;saldo;; 00000; 00000; 00000; 00000; 00000; 00000; 00000; 00000; 00000; 00000
01389199;J MHC T/40     ;stock;; 00000; 00000; 00000; 00000; 00000; 00000; 00000; 00000; 00000; 00000
01389199;J MHC T/40     ;corte;; 00000; 00000; 00000; 00000; 00000; 00000; 00000; 00000; 00000; 00000
01389199;J MHC T/40     ;sugerido;; 00000; 00000; 00000; 00000; 00000; 00000; 00000; 00000; 00000; 00000
;
01389200;J MHC CINTURA R;Ventas;; 00058; 00093; 00095; 00083; 00052; 00039; 00000; 00000; 00000; 000420
01389200;J MHC CINTURA R;Despacho;; 00036; 00043; 00045; 00037; 00024; 00014; 00000; 00000; 00000; 00199
01389200;J MHC CINTURA R;saldo;; 00022; 00050; 00050; 00046; 00028; 00025; 00000; 00000; 00000; 00221
01389200;J MHC CINTURA R;stock;; 00005; 00012; 00011; 00005; 00005; 00004; 00000; 00000; 00000; 00042
01389200;J MHC CINTURA R;corte;; 00000; 00000; 00000; 00000; 00000; 00000; 00000; 00000; 00000; 00000
01389200;J MHC CINTURA R;sugerido;; 00017; 00038; 00039; 00041; 00023; 00021; 00000; 00000; 00000; 00179
;
01389201;J MHC CINTURA R;Ventas;; 00029; 00052; 00055; 00046; 00028; 00025; 00000; 00000; 00000; 000235
01389201;J MHC CINTURA R;Despacho;; 00017; 00028; 00033; 00025; 00013; 00016; 00000; 00000; 00000; 00132
01389201;J MHC CINTURA R;saldo;; 00012; 00024; 00022; 00021; 00015; 00009; 00000; 00000; 00000; 00103
01389201;J MHC CINTURA R;stock;; 00002; 00019; 00015; 00024; 00019; 00012; 00000; 00000; 00000; 00091
01389201;J MHC CINTURA R;corte;; 00000; 00000; 00000; 00000; 00000; 00000; 00000; 00000; 00000; 00000
01389201;J MHC CINTURA R;sugerido;; 00010; 00005; 00007;-00003;-00004;-00003; 00000; 00000; 00000; 00012
;
01389300;J MHC CINTURA P;Ventas;; 00075; 00138; 00137; 00130; 00082; 00065; 00000; 00000; 00000; 000627
01389300;J MHC CINTURA P;Despacho;; 00054; 00109; 00104; 00095; 00064; 00035; 00000; 00000; 00000; 00461
01389300;J MHC CINTURA P;saldo;; 00021; 00029; 00033; 00035; 00018; 00030; 00000; 00000; 00000; 00166
01389300;J MHC CINTURA P;stock;; 00005; 00002; 00010; 00015; 00010; 00015; 00000; 00000; 00000; 00057
01389300;J MHC CINTURA P;corte;; 00000; 00000; 00000; 00000; 00000; 00000; 00000; 00000; 00000; 00000
01389300;J MHC CINTURA P;sugerido;; 00016; 00027; 00023; 00020; 00008; 00015; 00000; 00000; 00000; 00109
;
01389400;J MHC T/36 CINT;Ventas;; 00126; 00268; 00315; 00284; 00173; 00134; 00000; 00000; 00000; 001300
01389400;J MHC T/36 CINT;Despacho;; 00095; 00221; 00285; 00254; 00162; 00125; 00000; 00000; 00000; 01142
01389400;J MHC T/36 CINT;saldo;; 00031; 00047; 00030; 00030; 00011; 00009; 00000; 00000; 00000; 00158
01389400;J MHC T/36 CINT;stock;;-00001;-00014;-00031;-00012; 00001;-00020; 00000; 00000; 00000;-00077
01389400;J MHC T/36 CINT;corte;; 00000; 00000; 00000; 00000; 00000; 00000; 00000; 00000; 00000; 00000
01389400;J MHC T/36 CINT;sugerido;; 00032; 00061; 00061; 00042; 00010; 00029; 00000; 00000; 00000; 00235
;
01389401;J MHC T/36 CINT;Ventas;; 00091; 00176; 00213; 00206; 00149; 00106; 00000; 00000; 00000; 000941
01389401;J MHC T/36 CINT;Despacho;; 00062; 00119; 00142; 00132; 00095; 00045; 00000; 00000; 00000; 00595
01389401;J MHC T/36 CINT;saldo;; 00029; 00057; 00071; 00074; 00054; 00061; 00000; 00000; 00000; 00346
01389401;J MHC T/36 CINT;stock;;-00010; 00000; 00002; 00003; 00004;-00003; 00000; 00000; 00000;-00004
01389401;J MHC T/36 CINT;corte;; 00000; 00000; 00000; 00000; 00000; 00000; 00000; 00000; 00000; 00000
01389401;J MHC T/36 CINT;sugerido;; 00039; 00057; 00069; 00071; 00050; 00064; 00000; 00000; 00000; 00350
;
01389480;J MHC T/36 CINT;Ventas;; 00012; 00012; 00012; 00012; 00008; 00008; 00000; 00000; 00000; 000064
01389480;J MHC T/36 CINT;Despacho;; 00000; 00001; 00000; 00000; 00001; 00000; 00000; 00000; 00000; 00002
01389480;J MHC T/36 CINT;saldo;; 00012; 00011; 00012; 00012; 00007; 00008; 00000; 00000; 00000; 00062
01389480;J MHC T/36 CINT;stock;; 00000;-00001; 00000; 00000;-00001; 00000; 00000; 00000; 00000;-00002
01389480;J MHC T/36 CINT;corte;; 00000; 00000; 00000; 00000; 00000; 00000; 00000; 00000; 00000; 00000
01389480;J MHC T/36 CINT;sugerido;; 00012; 00012; 00012; 00012; 00008; 00008; 00000; 00000; 00000; 00064
;
01389499;J MHC T/36 CINT;Ventas;; 00001; 00001; 00002; 00001; 00002; 00001; 00000; 00000; 00000; 000008
01389499;J MHC T/36 CINT;Despacho;; 00001; 00002; 00002; 00000; 00001; 00002; 00000; 00000; 00000; 00008
01389499;J MHC T/36 CINT;saldo;; 00000;-00001; 00000; 00001; 00001;-00001; 00000; 00000; 00000; 00000
01389499;J MHC T/36 CINT;stock;; 00000; 00000; 00000; 00000; 00000; 00000; 00000; 00000; 00000; 00000
01389499;J MHC T/36 CINT;corte;; 00000; 00000; 00000; 00000; 00000; 00000; 00000; 00000; 00000; 00000
01389499;J MHC T/36 CINT;sugerido;; 00000;-00001; 00000; 00001; 00001;-00001; 00000; 00000; 00000; 00000
;
01389500;J MHC CINTURA R;Ventas;; 00020; 00013; 00024; 00022; 00014; 00007; 00000; 00000; 00000; 000100
01389500;J MHC CINTURA R;Despacho;; 00021; 00022; 00029; 00024; 00013; 00007; 00000; 00000; 00000; 00116
01389500;J MHC CINTURA R;saldo;;-00001;-00009;-00005;-00002; 00001; 00000; 00000; 00000; 00000;-00016
01389500;J MHC CINTURA R;stock;; 00000; 00000; 00002; 00002; 00001; 00001; 00000; 00000; 00000; 00006
01389500;J MHC CINTURA R;corte;; 00000; 00000; 00000; 00000; 00000; 00000; 00000; 00000; 00000; 00000
01389500;J MHC CINTURA R;sugerido;;-00001;-00009;-00007;-00004; 00000;-00001; 00000; 00000; 00000;-00022
;
01389700;J MHC CINTURA F;Ventas;; 00075; 00142; 00126; 00124; 00066; 00040; 00000; 00000; 00000; 000573
01389700;J MHC CINTURA F;Despacho;; 00031; 00066; 00060; 00062; 00034; 00019; 00000; 00000; 00000; 00272
01389700;J MHC CINTURA F;saldo;; 00044; 00076; 00066; 00062; 00032; 00021; 00000; 00000; 00000; 00301
01389700;J MHC CINTURA F;stock;; 00005; 00002; 00000; 00001; 00000; 00000; 00000; 00000; 00000; 00008
01389700;J MHC CINTURA F;corte;; 00000; 00000; 00000; 00000; 00000; 00000; 00000; 00000; 00000; 00000
01389700;J MHC CINTURA F;sugerido;; 00039; 00074; 00066; 00061; 00032; 00021; 00000; 00000; 00000; 00293
;
01389799;J MHC T/42     ;Ventas;; 00000; 00000; 00000; 00001; 00003; 00002; 00000; 00000; 00000; 000006
01389799;J MHC T/42     ;Despacho;; 00000; 00000; 00000; 00000; 00000; 00000; 00000; 00000; 00000; 00000
01389799;J MHC T/42     ;saldo;; 00000; 00000; 00000; 00001; 00003; 00002; 00000; 00000; 00000; 00006
01389799;J MHC T/42     ;stock;; 00000; 00000; 00000; 00000; 00000; 00000; 00000; 00000; 00000; 00000
01389799;J MHC T/42     ;corte;; 00000; 00000; 00000; 00000; 00000; 00000; 00000; 00000; 00000; 00000
01389799;J MHC T/42     ;sugerido;; 00000; 00000; 00000; 00001; 00003; 00002; 00000; 00000; 00000; 00006
;
01389800;J MHC CINTURA P;Ventas;; 00081; 00121; 00121; 00111; 00056; 00035; 00000; 00000; 00000; 000525
01389800;J MHC CINTURA P;Despacho;; 00055; 00080; 00088; 00076; 00039; 00020; 00000; 00000; 00000; 00358
01389800;J MHC CINTURA P;saldo;; 00026; 00041; 00033; 00035; 00017; 00015; 00000; 00000; 00000; 00167
01389800;J MHC CINTURA P;stock;; 00000; 00000; 00000; 00000; 00002; 00000; 00000; 00000; 00000; 00002
01389800;J MHC CINTURA P;corte;; 00000; 00000; 00000; 00000; 00000; 00000; 00000; 00000; 00000; 00000
01389800;J MHC CINTURA P;sugerido;; 00026; 00041; 00033; 00035; 00015; 00015; 00000; 00000; 00000; 00165
;
01389899;J MHC CINTURA P;Ventas;; 00001; 00001; 00002; 00000; 00000; 00000; 00000; 00000; 00000; 000004
01389899;J MHC CINTURA P;Despacho;; 00001; 00001; 00002; 00000; 00000; 00000; 00000; 00000; 00000; 00004
01389899;J MHC CINTURA P;saldo;; 00000; 00000; 00000; 00000; 00000; 00000; 00000; 00000; 00000; 00000
01389899;J MHC CINTURA P;stock;; 00000; 00000; 00000; 00000; 00000; 00000; 00000; 00000; 00000; 00000
01389899;J MHC CINTURA P;corte;; 00000; 00000; 00000; 00000; 00000; 00000; 00000; 00000; 00000; 00000
01389899;J MHC CINTURA P;sugerido;; 00000; 00000; 00000; 00000; 00000; 00000; 00000; 00000; 00000; 00000
;
01390000;J MHC T/36  CIN;Ventas;; 00002; 00003; 00003; 00003; 00002; 00000; 00000; 00000; 00000; 000013
01390000;J MHC T/36  CIN;Despacho;; 00000; 00000; 00000; 00000; 00000; 00000; 00000; 00000; 00000; 00000
01390000;J MHC T/36  CIN;saldo;; 00002; 00003; 00003; 00003; 00002; 00000; 00000; 00000; 00000; 00013
01390000;J MHC T/36  CIN;stock;; 00000; 00000; 00000; 00000; 00000; 00000; 00000; 00000; 00000; 00000
01390000;J MHC T/36  CIN;corte;; 00000; 00000; 00000; 00000; 00000; 00000; 00000; 00000; 00000; 00000
01390000;J MHC T/36  CIN;sugerido;; 00002; 00003; 00003; 00003; 00002; 00000; 00000; 00000; 00000; 00013
;
01390200;J MHC T/36 CINT;Ventas;; 00059; 00115; 00126; 00121; 00092; 00067; 00000; 00000; 00000; 000580
01390200;J MHC T/36 CINT;Despacho;; 00051; 00097; 00108; 00104; 00071; 00048; 00000; 00000; 00000; 00479
01390200;J MHC T/36 CINT;saldo;; 00008; 00018; 00018; 00017; 00021; 00019; 00000; 00000; 00000; 00101
01390200;J MHC T/36 CINT;stock;; 00000; 00007; 00000; 00000; 00000; 00000; 00000; 00000; 00000; 00007
01390200;J MHC T/36 CINT;corte;; 00000; 00000; 00000; 00000; 00000; 00000; 00000; 00000; 00000; 00000
01390200;J MHC T/36 CINT;sugerido;; 00008; 00011; 00018; 00017; 00021; 00019; 00000; 00000; 00000; 00094
;
01390280;J MHC T/36 CINT;Ventas;; 00010; 00012; 00012; 00012; 00008; 00008; 00000; 00000; 00000; 000062
01390280;J MHC T/36 CINT;Despacho;; 00000; 00000; 00000; 00000; 00000; 00001; 00000; 00000; 00000; 00001
01390280;J MHC T/36 CINT;saldo;; 00010; 00012; 00012; 00012; 00008; 00007; 00000; 00000; 00000; 00061
01390280;J MHC T/36 CINT;stock;; 00000; 00000; 00000; 00000; 00000; 00000; 00000; 00000; 00000; 00000
01390280;J MHC T/36 CINT;corte;; 00000; 00000; 00000; 00000; 00000; 00000; 00000; 00000; 00000; 00000
01390280;J MHC T/36 CINT;sugerido;; 00010; 00012; 00012; 00012; 00008; 00007; 00000; 00000; 00000; 00061
;
01390300;J MHC T/36 CINT;Ventas;; 00006; 00008; 00009; 00008; 00005; 00002; 00000; 00000; 00000; 000038
01390300;J MHC T/36 CINT;Despacho;; 00000; 00000; 00000; 00000; 00000; 00000; 00000; 00000; 00000; 00000
01390300;J MHC T/36 CINT;saldo;; 00006; 00008; 00009; 00008; 00005; 00002; 00000; 00000; 00000; 00038
01390300;J MHC T/36 CINT;stock;; 00000; 00001; 00000; 00000; 00000; 00000; 00000; 00000; 00000; 00001
01390300;J MHC T/36 CINT;corte;; 00000; 00000; 00000; 00000; 00000; 00000; 00000; 00000; 00000; 00000
01390300;J MHC T/36 CINT;sugerido;; 00006; 00007; 00009; 00008; 00005; 00002; 00000; 00000; 00000; 00037
;
01390400;J MHC T/36 CADE;Ventas;; 00008; 00012; 00013; 00010; 00005; 00002; 00000; 00000; 00000; 000050
01390400;J MHC T/36 CADE;Despacho;; 00000; 00000; 00000; 00000; 00000; 00000; 00000; 00000; 00000; 00000
01390400;J MHC T/36 CADE;saldo;; 00008; 00012; 00013; 00010; 00005; 00002; 00000; 00000; 00000; 00050
01390400;J MHC T/36 CADE;stock;; 00000; 00003; 00000; 00000; 00000; 00000; 00000; 00000; 00000; 00003
01390400;J MHC T/36 CADE;corte;; 00000; 00000; 00000; 00000; 00000; 00000; 00000; 00000; 00000; 00000
01390400;J MHC T/36 CADE;sugerido;; 00008; 00009; 00013; 00010; 00005; 00002; 00000; 00000; 00000; 00047
;
01390500;J MHC T/36 CINT;Ventas;; 00025; 00043; 00045; 00033; 00024; 00013; 00000; 00000; 00000; 000183
01390500;J MHC T/36 CINT;Despacho;; 00025; 00043; 00044; 00033; 00024; 00013; 00000; 00000; 00000; 00182
01390500;J MHC T/36 CINT;saldo;; 00000; 00000; 00001; 00000; 00000; 00000; 00000; 00000; 00000; 00001
01390500;J MHC T/36 CINT;stock;; 00000; 00002; 00001; 00001; 00004; 00006; 00000; 00000; 00000; 00014
01390500;J MHC T/36 CINT;corte;; 00000; 00000; 00000; 00000; 00000; 00000; 00000; 00000; 00000; 00000
01390500;J MHC T/36 CINT;sugerido;; 00000;-00002; 00000;-00001;-00004;-00006; 00000; 00000; 00000;-00013
;
01390501;J MHC T/36 CINT;Ventas;; 00018; 00023; 00023; 00017; 00013; 00007; 00000; 00000; 00000; 000101
01390501;J MHC T/36 CINT;Despacho;; 00006; 00008; 00008; 00005; 00005; 00003; 00000; 00000; 00000; 00035
01390501;J MHC T/36 CINT;saldo;; 00012; 00015; 00015; 00012; 00008; 00004; 00000; 00000; 00000; 00066
01390501;J MHC T/36 CINT;stock;; 00000; 00000; 00000; 00000; 00000; 00000; 00000; 00000; 00000; 00000
01390501;J MHC T/36 CINT;corte;; 00000; 00000; 00000; 00000; 00000; 00000; 00000; 00000; 00000; 00000
01390501;J MHC T/36 CINT;sugerido;; 00012; 00015; 00015; 00012; 00008; 00004; 00000; 00000; 00000; 00066
;
01390600;J MHC T/36 MEDI;Ventas;; 00062; 00097; 00111; 00096; 00071; 00044; 00000; 00000; 00000; 000481
01390600;J MHC T/36 MEDI;Despacho;; 00057; 00096; 00109; 00094; 00067; 00043; 00000; 00000; 00000; 00466
01390600;J MHC T/36 MEDI;saldo;; 00005; 00001; 00002; 00002; 00004; 00001; 00000; 00000; 00000; 00015
01390600;J MHC T/36 MEDI;stock;; 00001; 00006; 00001; 00000; 00000; 00001; 00000; 00000; 00000; 00009
01390600;J MHC T/36 MEDI;corte;; 00000; 00000; 00000; 00000; 00000; 00000; 00000; 00000; 00000; 00000
01390600;J MHC T/36 MEDI;sugerido;; 00004;-00005; 00001; 00002; 00004; 00000; 00000; 00000; 00000; 00006
;
01391500;J MHC T/36 CINT;Ventas;; 00024; 00041; 00045; 00033; 00032; 00024; 00000; 00000; 00000; 000199
01391500;J MHC T/36 CINT;Despacho;; 00014; 00029; 00032; 00023; 00022; 00016; 00000; 00000; 00000; 00136
01391500;J MHC T/36 CINT;saldo;; 00010; 00012; 00013; 00010; 00010; 00008; 00000; 00000; 00000; 00063
01391500;J MHC T/36 CINT;stock;; 00006; 00010; 00010; 00007; 00007; 00003; 00000; 00000; 00000; 00043
01391500;J MHC T/36 CINT;corte;; 00000; 00000; 00000; 00000; 00000; 00000; 00000; 00000; 00000; 00000
01391500;J MHC T/36 CINT;sugerido;; 00004; 00002; 00003; 00003; 00003; 00005; 00000; 00000; 00000; 00020
;
01391501;J MHC T/36 CINT;Ventas;; 00020; 00029; 00033; 00032; 00028; 00019; 00000; 00000; 00000; 000161
01391501;J MHC T/36 CINT;Despacho;; 00012; 00018; 00019; 00021; 00013; 00008; 00000; 00000; 00000; 00091
01391501;J MHC T/36 CINT;saldo;; 00008; 00011; 00014; 00011; 00015; 00011; 00000; 00000; 00000; 00070
01391501;J MHC T/36 CINT;stock;; 00007; 00009; 00011; 00010; 00011; 00010; 00000; 00000; 00000; 00058
01391501;J MHC T/36 CINT;corte;; 00000; 00000; 00000; 00000; 00000; 00000; 00000; 00000; 00000; 00000
01391501;J MHC T/36 CINT;sugerido;; 00001; 00002; 00003; 00001; 00004; 00001; 00000; 00000; 00000; 00012
;
01391580;J MHC T/36 CINT;Ventas;; 00012; 00012; 00012; 00012; 00008; 00008; 00000; 00000; 00000; 000064
01391580;J MHC T/36 CINT;Despacho;; 00004; 00000; 00003; 00000; 00000; 00001; 00000; 00000; 00000; 00008
01391580;J MHC T/36 CINT;saldo;; 00008; 00012; 00009; 00012; 00008; 00007; 00000; 00000; 00000; 00056
01391580;J MHC T/36 CINT;stock;; 00000; 00000; 00000; 00000; 00000; 00000; 00000; 00000; 00000; 00000
01391580;J MHC T/36 CINT;corte;; 00000; 00000; 00000; 00000; 00000; 00000; 00000; 00000; 00000; 00000
01391580;J MHC T/36 CINT;sugerido;; 00008; 00012; 00009; 00012; 00008; 00007; 00000; 00000; 00000; 00056
;
01391900;J MHC CINTURA T;Ventas;; 00048; 00080; 00101; 00084; 00058; 00036; 00000; 00000; 00000; 000407
01391900;J MHC CINTURA T;Despacho;; 00029; 00071; 00087; 00073; 00035; 00027; 00000; 00000; 00000; 00322
01391900;J MHC CINTURA T;saldo;; 00019; 00009; 00014; 00011; 00023; 00009; 00000; 00000; 00000; 00085
01391900;J MHC CINTURA T;stock;; 00000; 00004; 00001; 00000; 00002; 00000; 00000; 00000; 00000; 00007
01391900;J MHC CINTURA T;corte;; 00000; 00000; 00000; 00000; 00000; 00000; 00000; 00000; 00000; 00000
01391900;J MHC CINTURA T;sugerido;; 00019; 00005; 00013; 00011; 00021; 00009; 00000; 00000; 00000; 00078
;
01391901;J MHC T/36 CINT;Ventas;; 00032; 00050; 00053; 00049; 00034; 00022; 00000; 00000; 00000; 000240
01391901;J MHC T/36 CINT;Despacho;; 00026; 00043; 00043; 00041; 00031; 00016; 00000; 00000; 00000; 00200
01391901;J MHC T/36 CINT;saldo;; 00006; 00007; 00010; 00008; 00003; 00006; 00000; 00000; 00000; 00040
01391901;J MHC T/36 CINT;stock;; 00000; 00001; 00000; 00000; 00000; 00000; 00000; 00000; 00000; 00001
01391901;J MHC T/36 CINT;corte;; 00000; 00000; 00000; 00000; 00000; 00000; 00000; 00000; 00000; 00000
01391901;J MHC T/36 CINT;sugerido;; 00006; 00006; 00010; 00008; 00003; 00006; 00000; 00000; 00000; 00039
;
01392000;J MHC T/36 MEDI;Ventas;; 00002; 00004; 00004; 00003; 00001; 00000; 00000; 00000; 00000; 000014
01392000;J MHC T/36 MEDI;Despacho;; 00000; 00000; 00000; 00000; 00000; 00000; 00000; 00000; 00000; 00000
01392000;J MHC T/36 MEDI;saldo;; 00002; 00004; 00004; 00003; 00001; 00000; 00000; 00000; 00000; 00014
01392000;J MHC T/36 MEDI;stock;; 00000; 00007; 00001; 00000; 00000; 00000; 00000; 00000; 00000; 00008
01392000;J MHC T/36 MEDI;corte;; 00000; 00000; 00000; 00000; 00000; 00000; 00000; 00000; 00000; 00000
01392000;J MHC T/36 MEDI;sugerido;; 00002;-00003; 00003; 00003; 00001; 00000; 00000; 00000; 00000; 00006
;
01392100;J MHC T/36 CINT;Ventas;; 00035; 00053; 00058; 00051; 00036; 00025; 00000; 00000; 00000; 000258
01392100;J MHC T/36 CINT;Despacho;; 00020; 00027; 00026; 00029; 00021; 00015; 00000; 00000; 00000; 00138
01392100;J MHC T/36 CINT;saldo;; 00015; 00026; 00032; 00022; 00015; 00010; 00000; 00000; 00000; 00120
01392100;J MHC T/36 CINT;stock;; 00000; 00004; 00001; 00000; 00000; 00000; 00000; 00000; 00000; 00005
01392100;J MHC T/36 CINT;corte;; 00000; 00000; 00000; 00000; 00000; 00000; 00000; 00000; 00000; 00000
01392100;J MHC T/36 CINT;sugerido;; 00015; 00022; 00031; 00022; 00015; 00010; 00000; 00000; 00000; 00115
;
01392101;J MHC T/36 CINT;Ventas;; 00041; 00070; 00092; 00088; 00062; 00041; 00000; 00000; 00000; 000394
01392101;J MHC T/36 CINT;Despacho;; 00034; 00071; 00089; 00071; 00043; 00030; 00000; 00000; 00000; 00338
01392101;J MHC T/36 CINT;saldo;; 00007;-00001; 00003; 00017; 00019; 00011; 00000; 00000; 00000; 00056
01392101;J MHC T/36 CINT;stock;; 00000; 00005; 00001; 00000; 00000; 00000; 00000; 00000; 00000; 00006
01392101;J MHC T/36 CINT;corte;; 00000; 00000; 00000; 00000; 00000; 00000; 00000; 00000; 00000; 00000
01392101;J MHC T/36 CINT;sugerido;; 00007;-00006; 00002; 00017; 00019; 00011; 00000; 00000; 00000; 00050
;
01392180;J MHC T/36 CINT;Ventas;; 00012; 00012; 00012; 00012; 00008; 00008; 00000; 00000; 00000; 000064
01392180;J MHC T/36 CINT;Despacho;; 00002; 00000; 00000; 00000; 00000; 00002; 00000; 00000; 00000; 00004
01392180;J MHC T/36 CINT;saldo;; 00010; 00012; 00012; 00012; 00008; 00006; 00000; 00000; 00000; 00060
01392180;J MHC T/36 CINT;stock;; 00000; 00000; 00000; 00000; 00000; 00000; 00000; 00000; 00000; 00000
01392180;J MHC T/36 CINT;corte;; 00000; 00000; 00000; 00000; 00000; 00000; 00000; 00000; 00000; 00000
01392180;J MHC T/36 CINT;sugerido;; 00010; 00012; 00012; 00012; 00008; 00006; 00000; 00000; 00000; 00060
;
01392200;J MHC T/36 CINT;Ventas;; 00018; 00026; 00027; 00019; 00015; 00005; 00000; 00000; 00000; 000110
01392200;J MHC T/36 CINT;Despacho;; 00000; 00000; 00000; 00000; 00000; 00000; 00000; 00000; 00000; 00000
01392200;J MHC T/36 CINT;saldo;; 00018; 00026; 00027; 00019; 00015; 00005; 00000; 00000; 00000; 00110
01392200;J MHC T/36 CINT;stock;; 00000; 00003; 00000; 00000; 00000; 00000; 00000; 00000; 00000; 00003
01392200;J MHC T/36 CINT;corte;; 00000; 00000; 00000; 00000; 00000; 00000; 00000; 00000; 00000; 00000
01392200;J MHC T/36 CINT;sugerido;; 00018; 00023; 00027; 00019; 00015; 00005; 00000; 00000; 00000; 00107
;
01392204;J MHC T/36 CINT;Ventas;; 00002; 00003; 00003; 00002; 00001; 00001; 00000; 00000; 00000; 000012
01392204;J MHC T/36 CINT;Despacho;; 00000; 00000; 00000; 00000; 00000; 00000; 00000; 00000; 00000; 00000
01392204;J MHC T/36 CINT;saldo;; 00002; 00003; 00003; 00002; 00001; 00001; 00000; 00000; 00000; 00012
01392204;J MHC T/36 CINT;stock;; 00000; 00000; 00000; 00000; 00000; 00000; 00000; 00000; 00000; 00000
01392204;J MHC T/36 CINT;corte;; 00000; 00000; 00000; 00000; 00000; 00000; 00000; 00000; 00000; 00000
01392204;J MHC T/36 CINT;sugerido;; 00002; 00003; 00003; 00002; 00001; 00001; 00000; 00000; 00000; 00012
;
01392400;J MHC T/36 MEDI;Ventas;; 00043; 00081; 00091; 00088; 00060; 00039; 00000; 00000; 00000; 000402
01392400;J MHC T/36 MEDI;Despacho;; 00040; 00078; 00088; 00075; 00041; 00035; 00000; 00000; 00000; 00357
01392400;J MHC T/36 MEDI;saldo;; 00003; 00003; 00003; 00013; 00019; 00004; 00000; 00000; 00000; 00045
01392400;J MHC T/36 MEDI;stock;; 00001; 00006; 00000; 00002; 00002; 00000; 00000; 00000; 00000; 00011
01392400;J MHC T/36 MEDI;corte;; 00000; 00000; 00000; 00000; 00000; 00000; 00000; 00000; 00000; 00000
01392400;J MHC T/36 MEDI;sugerido;; 00002;-00003; 00003; 00011; 00017; 00004; 00000; 00000; 00000; 00034
;
01393000;J MHC T/36 CINT;Ventas;; 00021; 00039; 00045; 00040; 00025; 00019; 00000; 00000; 00000; 000189
01393000;J MHC T/36 CINT;Despacho;; 00013; 00029; 00029; 00029; 00012; 00011; 00000; 00000; 00000; 00123
01393000;J MHC T/36 CINT;saldo;; 00008; 00010; 00016; 00011; 00013; 00008; 00000; 00000; 00000; 00066
01393000;J MHC T/36 CINT;stock;; 00000; 00005; 00000; 00000; 00000; 00000; 00000; 00000; 00000; 00005
01393000;J MHC T/36 CINT;corte;; 00000; 00000; 00000; 00000; 00000; 00000; 00000; 00000; 00000; 00000
01393000;J MHC T/36 CINT;sugerido;; 00008; 00005; 00016; 00011; 00013; 00008; 00000; 00000; 00000; 00061
;
01393001;J MHC T/36 CINT;Ventas;; 00013; 00021; 00021; 00020; 00010; 00012; 00000; 00000; 00000; 000097
01393001;J MHC T/36 CINT;Despacho;; 00013; 00020; 00020; 00019; 00009; 00010; 00000; 00000; 00000; 00091
01393001;J MHC T/36 CINT;saldo;; 00000; 00001; 00001; 00001; 00001; 00002; 00000; 00000; 00000; 00006
01393001;J MHC T/36 CINT;stock;; 00000; 00002; 00001; 00000; 00001; 00000; 00000; 00000; 00000; 00004
01393001;J MHC T/36 CINT;corte;; 00000; 00000; 00000; 00000; 00000; 00000; 00000; 00000; 00000; 00000
01393001;J MHC T/36 CINT;sugerido;; 00000;-00001; 00000; 00001; 00000; 00002; 00000; 00000; 00000; 00002
;
01393200;J MHC MEDIO PIT;Ventas;; 00064; 00113; 00121; 00107; 00081; 00052; 00000; 00000; 00000; 000538
01393200;J MHC MEDIO PIT;Despacho;; 00047; 00101; 00111; 00096; 00062; 00043; 00000; 00000; 00000; 00460
01393200;J MHC MEDIO PIT;saldo;; 00017; 00012; 00010; 00011; 00019; 00009; 00000; 00000; 00000; 00078
01393200;J MHC MEDIO PIT;stock;; 00002; 00001; 00000; 00003; 00000; 00000; 00000; 00000; 00000; 00006
01393200;J MHC MEDIO PIT;corte;; 00000; 00000; 00000; 00000; 00000; 00000; 00000; 00000; 00000; 00000
01393200;J MHC MEDIO PIT;sugerido;; 00015; 00011; 00010; 00008; 00019; 00009; 00000; 00000; 00000; 00072
;
01393201;J MHC T/36 MEDI;Ventas;; 00012; 00015; 00018; 00015; 00012; 00008; 00000; 00000; 00000; 000080
01393201;J MHC T/36 MEDI;Despacho;; 00010; 00013; 00016; 00013; 00011; 00008; 00000; 00000; 00000; 00071
01393201;J MHC T/36 MEDI;saldo;; 00002; 00002; 00002; 00002; 00001; 00000; 00000; 00000; 00000; 00009
01393201;J MHC T/36 MEDI;stock;; 00000; 00000; 00000; 00000; 00000; 00000; 00000; 00000; 00000; 00000
01393201;J MHC T/36 MEDI;corte;; 00000; 00000; 00000; 00000; 00000; 00000; 00000; 00000; 00000; 00000
01393201;J MHC T/36 MEDI;sugerido;; 00002; 00002; 00002; 00002; 00001; 00000; 00000; 00000; 00000; 00009
;
01393500;J MHC T/36 CINT;Ventas;; 00004; 00006; 00006; 00005; 00003; 00001; 00000; 00000; 00000; 000025
01393500;J MHC T/36 CINT;Despacho;; 00000; 00000; 00000; 00000; 00000; 00000; 00000; 00000; 00000; 00000
01393500;J MHC T/36 CINT;saldo;; 00004; 00006; 00006; 00005; 00003; 00001; 00000; 00000; 00000; 00025
01393500;J MHC T/36 CINT;stock;; 00000; 00000; 00000; 00000; 00000; 00000; 00000; 00000; 00000; 00000
01393500;J MHC T/36 CINT;corte;; 00000; 00000; 00000; 00000; 00000; 00000; 00000; 00000; 00000; 00000
01393500;J MHC T/36 CINT;sugerido;; 00004; 00006; 00006; 00005; 00003; 00001; 00000; 00000; 00000; 00025
;
01393600;J MHC T/36 CINT;Ventas;; 00002; 00004; 00004; 00003; 00001; 00000; 00000; 00000; 00000; 000014
01393600;J MHC T/36 CINT;Despacho;; 00000; 00000; 00000; 00000; 00000; 00000; 00000; 00000; 00000; 00000
01393600;J MHC T/36 CINT;saldo;; 00002; 00004; 00004; 00003; 00001; 00000; 00000; 00000; 00000; 00014
01393600;J MHC T/36 CINT;stock;; 00000; 00000; 00000; 00000; 00000; 00000; 00000; 00000; 00000; 00000
01393600;J MHC T/36 CINT;corte;; 00000; 00000; 00000; 00000; 00000; 00000; 00000; 00000; 00000; 00000
01393600;J MHC T/36 CINT;sugerido;; 00002; 00004; 00004; 00003; 00001; 00000; 00000; 00000; 00000; 00014
;
01393700;J MHC T/36 CINT;Ventas;; 00064; 00107; 00121; 00110; 00070; 00043; 00000; 00000; 00000; 000515
01393700;J MHC T/36 CINT;Despacho;; 00055; 00104; 00111; 00099; 00064; 00038; 00000; 00000; 00000; 00471
01393700;J MHC T/36 CINT;saldo;; 00009; 00003; 00010; 00011; 00006; 00005; 00000; 00000; 00000; 00044
01393700;J MHC T/36 CINT;stock;; 00000; 00001; 00000; 00000; 00000; 00003; 00000; 00000; 00000; 00004
01393700;J MHC T/36 CINT;corte;; 00000; 00000; 00000; 00000; 00000; 00000; 00000; 00000; 00000; 00000
01393700;J MHC T/36 CINT;sugerido;; 00009; 00002; 00010; 00011; 00006; 00002; 00000; 00000; 00000; 00040
;
01394000;J MHC T/36 CINT;Ventas;; 00009; 00018; 00020; 00016; 00011; 00006; 00000; 00000; 00000; 000080
01394000;J MHC T/36 CINT;Despacho;; 00006; 00014; 00012; 00014; 00008; 00003; 00000; 00000; 00000; 00057
01394000;J MHC T/36 CINT;saldo;; 00003; 00004; 00008; 00002; 00003; 00003; 00000; 00000; 00000; 00023
01394000;J MHC T/36 CINT;stock;; 00015; 00014; 00018; 00017; 00014; 00012; 00000; 00000; 00000; 00090
01394000;J MHC T/36 CINT;corte;; 00000; 00000; 00000; 00000; 00000; 00000; 00000; 00000; 00000; 00000
01394000;J MHC T/36 CINT;sugerido;;-00012;-00010;-00010;-00015;-00011;-00009; 00000; 00000; 00000;-00067
;
01394001;J MHC T/36 CINT;Ventas;; 00005; 00007; 00009; 00008; 00007; 00007; 00000; 00000; 00000; 000043
01394001;J MHC T/36 CINT;Despacho;; 00005; 00007; 00009; 00008; 00007; 00007; 00000; 00000; 00000; 00043
01394001;J MHC T/36 CINT;saldo;; 00000; 00000; 00000; 00000; 00000; 00000; 00000; 00000; 00000; 00000
01394001;J MHC T/36 CINT;stock;; 00000; 00000;-00003;-00002;-00002; 00002; 00000; 00000; 00000;-00005
01394001;J MHC T/36 CINT;corte;; 00000; 00000; 00000; 00000; 00000; 00000; 00000; 00000; 00000; 00000
01394001;J MHC T/36 CINT;sugerido;; 00000; 00000; 00003; 00002; 00002;-00002; 00000; 00000; 00000; 00005
;
01394099;J MHC T/36 CINT;Ventas;; 00001; 00005; 00001; 00001; 00000; 00001; 00000; 00000; 00000; 000009
01394099;J MHC T/36 CINT;Despacho;; 00001; 00005; 00000; 00000; 00000; 00000; 00000; 00000; 00000; 00006
01394099;J MHC T/36 CINT;saldo;; 00000; 00000; 00001; 00001; 00000; 00001; 00000; 00000; 00000; 00003
01394099;J MHC T/36 CINT;stock;; 00000; 00000; 00000; 00000; 00000; 00000; 00000; 00000; 00000; 00000
01394099;J MHC T/36 CINT;corte;; 00000; 00000; 00000; 00000; 00000; 00000; 00000; 00000; 00000; 00000
01394099;J MHC T/36 CINT;sugerido;; 00000; 00000; 00001; 00001; 00000; 00001; 00000; 00000; 00000; 00003
;
01394100;J MHC  CINTURA ;Ventas;; 00094; 00142; 00170; 00147; 00107; 00069; 00000; 00000; 00000; 000729
01394100;J MHC  CINTURA ;Despacho;; 00079; 00127; 00148; 00124; 00081; 00060; 00000; 00000; 00000; 00619
01394100;J MHC  CINTURA ;saldo;; 00015; 00015; 00022; 00023; 00026; 00009; 00000; 00000; 00000; 00110
01394100;J MHC  CINTURA ;stock;; 00000; 00000; 00001; 00000; 00000; 00000; 00000; 00000; 00000; 00001
01394100;J MHC  CINTURA ;corte;; 00000; 00000; 00000; 00000; 00000; 00000; 00000; 00000; 00000; 00000
01394100;J MHC  CINTURA ;sugerido;; 00015; 00015; 00021; 00023; 00026; 00009; 00000; 00000; 00000; 00109
;
01394101;J MHC T/36 CINT;Ventas;; 00017; 00024; 00027; 00022; 00017; 00009; 00000; 00000; 00000; 000116
01394101;J MHC T/36 CINT;Despacho;; 00017; 00024; 00027; 00022; 00017; 00008; 00000; 00000; 00000; 00115
01394101;J MHC T/36 CINT;saldo;; 00000; 00000; 00000; 00000; 00000; 00001; 00000; 00000; 00000; 00001
01394101;J MHC T/36 CINT;stock;; 00000; 00000; 00000; 00000; 00000; 00000; 00000; 00000; 00000; 00000
01394101;J MHC T/36 CINT;corte;; 00000; 00000; 00000; 00000; 00000; 00000; 00000; 00000; 00000; 00000
01394101;J MHC T/36 CINT;sugerido;; 00000; 00000; 00000; 00000; 00000; 00001; 00000; 00000; 00000; 00001
;
01394400;J MHC  CINTURA ;Ventas;; 00016; 00023; 00023; 00018; 00009; 00004; 00000; 00000; 00000; 000093
01394400;J MHC  CINTURA ;Despacho;; 00012; 00021; 00019; 00018; 00009; 00004; 00000; 00000; 00000; 00083
01394400;J MHC  CINTURA ;saldo;; 00004; 00002; 00004; 00000; 00000; 00000; 00000; 00000; 00000; 00010
01394400;J MHC  CINTURA ;stock;; 00000; 00000; 00000; 00004; 00003; 00000; 00000; 00000; 00000; 00007
01394400;J MHC  CINTURA ;corte;; 00000; 00000; 00000; 00000; 00000; 00000; 00000; 00000; 00000; 00000
01394400;J MHC  CINTURA ;sugerido;; 00004; 00002; 00004;-00004;-00003; 00000; 00000; 00000; 00000; 00003
;
01394401;J MHC T/36 CINT;Ventas;; 00002; 00002; 00002; 00002; 00001; 00000; 00000; 00000; 00000; 000009
01394401;J MHC T/36 CINT;Despacho;; 00001; 00001; 00001; 00001; 00001; 00000; 00000; 00000; 00000; 00005
01394401;J MHC T/36 CINT;saldo;; 00001; 00001; 00001; 00001; 00000; 00000; 00000; 00000; 00000; 00004
01394401;J MHC T/36 CINT;stock;; 00000; 00000; 00000; 00000; 00000; 00000; 00000; 00000; 00000; 00000
01394401;J MHC T/36 CINT;corte;; 00000; 00000; 00000; 00000; 00000; 00000; 00000; 00000; 00000; 00000
01394401;J MHC T/36 CINT;sugerido;; 00001; 00001; 00001; 00001; 00000; 00000; 00000; 00000; 00000; 00004
;
01394480;J MHC  CINTURA ;Ventas;; 00010; 00012; 00012; 00012; 00008; 00008; 00000; 00000; 00000; 000062
01394480;J MHC  CINTURA ;Despacho;; 00000; 00000; 00000; 00000; 00000; 00001; 00000; 00000; 00000; 00001
01394480;J MHC  CINTURA ;saldo;; 00010; 00012; 00012; 00012; 00008; 00007; 00000; 00000; 00000; 00061
01394480;J MHC  CINTURA ;stock;; 00000; 00000; 00000; 00000; 00000; 00000; 00000; 00000; 00000; 00000
01394480;J MHC  CINTURA ;corte;; 00000; 00000; 00000; 00000; 00000; 00000; 00000; 00000; 00000; 00000
01394480;J MHC  CINTURA ;sugerido;; 00010; 00012; 00012; 00012; 00008; 00007; 00000; 00000; 00000; 00061
;
01394700;J MHC T/36 CINT;Ventas;; 00060; 00087; 00098; 00090; 00069; 00046; 00000; 00000; 00000; 000450
01394700;J MHC T/36 CINT;Despacho;; 00031; 00042; 00052; 00046; 00038; 00034; 00000; 00000; 00000; 00243
01394700;J MHC T/36 CINT;saldo;; 00029; 00045; 00046; 00044; 00031; 00012; 00000; 00000; 00000; 00207
01394700;J MHC T/36 CINT;stock;; 00000; 00000; 00000; 00000; 00000; 00000; 00000; 00000; 00000; 00000
01394700;J MHC T/36 CINT;corte;; 00000; 00000; 00000; 00000; 00000; 00000; 00000; 00000; 00000; 00000
01394700;J MHC T/36 CINT;sugerido;; 00029; 00045; 00046; 00044; 00031; 00012; 00000; 00000; 00000; 00207
;
01394701;J MHC T/36 CINT;Ventas;; 00013; 00025; 00029; 00028; 00020; 00013; 00000; 00000; 00000; 000128
01394701;J MHC T/36 CINT;Despacho;; 00013; 00025; 00025; 00027; 00020; 00010; 00000; 00000; 00000; 00120
01394701;J MHC T/36 CINT;saldo;; 00000; 00000; 00004; 00001; 00000; 00003; 00000; 00000; 00000; 00008
01394701;J MHC T/36 CINT;stock;; 00000; 00001; 00000; 00000; 00000; 00000; 00000; 00000; 00000; 00001
01394701;J MHC T/36 CINT;corte;; 00000; 00000; 00000; 00000; 00000; 00000; 00000; 00000; 00000; 00000
01394701;J MHC T/36 CINT;sugerido;; 00000;-00001; 00004; 00001; 00000; 00003; 00000; 00000; 00000; 00007
;
01394702;J MHC T/36 CINT;Ventas;; 00011; 00020; 00023; 00025; 00017; 00014; 00000; 00000; 00000; 000110
01394702;J MHC T/36 CINT;Despacho;; 00007; 00016; 00018; 00021; 00014; 00009; 00000; 00000; 00000; 00085
01394702;J MHC T/36 CINT;saldo;; 00004; 00004; 00005; 00004; 00003; 00005; 00000; 00000; 00000; 00025
01394702;J MHC T/36 CINT;stock;; 00000; 00000; 00000; 00000; 00000; 00000; 00000; 00000; 00000; 00000
01394702;J MHC T/36 CINT;corte;; 00000; 00000; 00000; 00000; 00000; 00000; 00000; 00000; 00000; 00000
01394702;J MHC T/36 CINT;sugerido;; 00004; 00004; 00005; 00004; 00003; 00005; 00000; 00000; 00000; 00025
;
01394780;J MHC T/36 CINT;Ventas;; 00012; 00012; 00012; 00012; 00008; 00008; 00000; 00000; 00000; 000064
01394780;J MHC T/36 CINT;Despacho;; 00000; 00000; 00000; 00000; 00000; 00000; 00000; 00000; 00000; 00000
01394780;J MHC T/36 CINT;saldo;; 00012; 00012; 00012; 00012; 00008; 00008; 00000; 00000; 00000; 00064
01394780;J MHC T/36 CINT;stock;; 00000; 00000; 00000; 00000; 00000; 00000; 00000; 00000; 00000; 00000
01394780;J MHC T/36 CINT;corte;; 00000; 00000; 00000; 00000; 00000; 00000; 00000; 00000; 00000; 00000
01394780;J MHC T/36 CINT;sugerido;; 00012; 00012; 00012; 00012; 00008; 00008; 00000; 00000; 00000; 00064
;
01394900;J MHC T/36 CINT;Ventas;; 00003; 00005; 00006; 00006; 00004; 00001; 00000; 00000; 00000; 000025
01394900;J MHC T/36 CINT;Despacho;; 00000; 00000; 00000; 00000; 00000; 00000; 00000; 00000; 00000; 00000
01394900;J MHC T/36 CINT;saldo;; 00003; 00005; 00006; 00006; 00004; 00001; 00000; 00000; 00000; 00025
01394900;J MHC T/36 CINT;stock;; 00000; 00000; 00000; 00000; 00000; 00000; 00000; 00000; 00000; 00000
01394900;J MHC T/36 CINT;corte;; 00000; 00000; 00000; 00000; 00000; 00000; 00000; 00000; 00000; 00000
01394900;J MHC T/36 CINT;sugerido;; 00003; 00005; 00006; 00006; 00004; 00001; 00000; 00000; 00000; 00025
;
01395000;J MHC T/36 CINT;Ventas;; 00034; 00051; 00058; 00051; 00039; 00026; 00000; 00000; 00000; 000259
01395000;J MHC T/36 CINT;Despacho;; 00019; 00038; 00041; 00037; 00027; 00017; 00000; 00000; 00000; 00179
01395000;J MHC T/36 CINT;saldo;; 00015; 00013; 00017; 00014; 00012; 00009; 00000; 00000; 00000; 00080
01395000;J MHC T/36 CINT;stock;; 00001; 00000; 00000; 00000; 00000; 00000; 00000; 00000; 00000; 00001
01395000;J MHC T/36 CINT;corte;; 00005; 00005; 00000; 00000; 00000; 00000; 00000; 00000; 00000; 00010
01395000;J MHC T/36 CINT;sugerido;; 00009; 00008; 00017; 00014; 00012; 00009; 00000; 00000; 00000; 00069
;
01395001;J MHC T/36 CINT;Ventas;; 00032; 00061; 00070; 00068; 00040; 00033; 00000; 00000; 00000; 000304
01395001;J MHC T/36 CINT;Despacho;; 00025; 00057; 00064; 00062; 00029; 00031; 00000; 00000; 00000; 00268
01395001;J MHC T/36 CINT;saldo;; 00007; 00004; 00006; 00006; 00011; 00002; 00000; 00000; 00000; 00036
01395001;J MHC T/36 CINT;stock;; 00000; 00000; 00000; 00000; 00000; 00000; 00000; 00000; 00000; 00000
01395001;J MHC T/36 CINT;corte;; 00000; 00000; 00000; 00000; 00000; 00000; 00000; 00000; 00000; 00000
01395001;J MHC T/36 CINT;sugerido;; 00007; 00004; 00006; 00006; 00011; 00002; 00000; 00000; 00000; 00036
;
01395002;J MHC T/36 CINT;Ventas;; 00009; 00011; 00012; 00011; 00011; 00003; 00000; 00000; 00000; 000057
01395002;J MHC T/36 CINT;Despacho;; 00005; 00004; 00009; 00008; 00009; 00003; 00000; 00000; 00000; 00038
01395002;J MHC T/36 CINT;saldo;; 00004; 00007; 00003; 00003; 00002; 00000; 00000; 00000; 00000; 00019
01395002;J MHC T/36 CINT;stock;; 00000; 00000; 00000; 00000; 00000; 00000; 00000; 00000; 00000; 00000
01395002;J MHC T/36 CINT;corte;; 00000; 00000; 00000; 00000; 00000; 00000; 00000; 00000; 00000; 00000
01395002;J MHC T/36 CINT;sugerido;; 00004; 00007; 00003; 00003; 00002; 00000; 00000; 00000; 00000; 00019
;
01395400;J MHC  CINTURA ;Ventas;; 00061; 00115; 00132; 00114; 00071; 00045; 00000; 00000; 00000; 000538
01395400;J MHC  CINTURA ;Despacho;; 00057; 00110; 00125; 00113; 00064; 00044; 00000; 00000; 00000; 00513
01395400;J MHC  CINTURA ;saldo;; 00004; 00005; 00007; 00001; 00007; 00001; 00000; 00000; 00000; 00025
01395400;J MHC  CINTURA ;stock;; 00003; 00006; 00000; 00008; 00000; 00004; 00000; 00000; 00000; 00021
01395400;J MHC  CINTURA ;corte;; 00010; 00000; 00000; 00000; 00000; 00000; 00000; 00000; 00000; 00010
01395400;J MHC  CINTURA ;sugerido;;-00009;-00001; 00007;-00007; 00007;-00003; 00000; 00000; 00000;-00006
;
01395401;J MHC T/36 CINT;Ventas;; 00010; 00024; 00027; 00021; 00016; 00007; 00000; 00000; 00000; 000105
01395401;J MHC T/36 CINT;Despacho;; 00010; 00024; 00027; 00020; 00016; 00007; 00000; 00000; 00000; 00104
01395401;J MHC T/36 CINT;saldo;; 00000; 00000; 00000; 00001; 00000; 00000; 00000; 00000; 00000; 00001
01395401;J MHC T/36 CINT;stock;; 00000; 00000; 00000; 00001; 00000; 00000; 00000; 00000; 00000; 00001
01395401;J MHC T/36 CINT;corte;; 00000; 00000; 00000; 00000; 00000; 00000; 00000; 00000; 00000; 00000
01395401;J MHC T/36 CINT;sugerido;; 00000; 00000; 00000; 00000; 00000; 00000; 00000; 00000; 00000; 00000
;
01395402;J MHC T/36 CINT;Ventas;; 00028; 00044; 00051; 00045; 00030; 00018; 00000; 00000; 00000; 000216
01395402;J MHC T/36 CINT;Despacho;; 00028; 00043; 00051; 00044; 00028; 00018; 00000; 00000; 00000; 00212
01395402;J MHC T/36 CINT;saldo;; 00000; 00001; 00000; 00001; 00002; 00000; 00000; 00000; 00000; 00004
01395402;J MHC T/36 CINT;stock;; 00000; 00000; 00000; 00000; 00000; 00000; 00000; 00000; 00000; 00000
01395402;J MHC T/36 CINT;corte;; 00000; 00000; 00000; 00000; 00000; 00000; 00000; 00000; 00000; 00000
01395402;J MHC T/36 CINT;sugerido;; 00000; 00001; 00000; 00001; 00002; 00000; 00000; 00000; 00000; 00004
;
01395500;J MHC T/36 CINT;Ventas;; 00039; 00048; 00061; 00046; 00032; 00010; 00000; 00000; 00000; 000236
01395500;J MHC T/36 CINT;Despacho;; 00035; 00042; 00055; 00038; 00027; 00008; 00000; 00000; 00000; 00205
01395500;J MHC T/36 CINT;saldo;; 00004; 00006; 00006; 00008; 00005; 00002; 00000; 00000; 00000; 00031
01395500;J MHC T/36 CINT;stock;; 00000; 00005; 00000; 00000; 00000; 00000; 00000; 00000; 00000; 00005
01395500;J MHC T/36 CINT;corte;; 00000; 00000; 00000; 00000; 00000; 00000; 00000; 00000; 00000; 00000
01395500;J MHC T/36 CINT;sugerido;; 00004; 00001; 00006; 00008; 00005; 00002; 00000; 00000; 00000; 00026
;
01395580;J MHC T/36 CINT;Ventas;; 00010; 00012; 00012; 00012; 00008; 00008; 00000; 00000; 00000; 000062
01395580;J MHC T/36 CINT;Despacho;; 00000; 00000; 00000; 00001; 00000; 00000; 00000; 00000; 00000; 00001
01395580;J MHC T/36 CINT;saldo;; 00010; 00012; 00012; 00011; 00008; 00008; 00000; 00000; 00000; 00061
01395580;J MHC T/36 CINT;stock;; 00000; 00000; 00000; 00000; 00000; 00000; 00000; 00000; 00000; 00000
01395580;J MHC T/36 CINT;corte;; 00000; 00000; 00000; 00000; 00000; 00000; 00000; 00000; 00000; 00000
01395580;J MHC T/36 CINT;sugerido;; 00010; 00012; 00012; 00011; 00008; 00008; 00000; 00000; 00000; 00061
;
01395600;J MHC T/36 CINT;Ventas;; 00006; 00010; 00010; 00008; 00006; 00003; 00000; 00000; 00000; 000043
01395600;J MHC T/36 CINT;Despacho;; 00006; 00012; 00010; 00008; 00006; 00002; 00000; 00000; 00000; 00044
01395600;J MHC T/36 CINT;saldo;; 00000;-00002; 00000; 00000; 00000; 00001; 00000; 00000; 00000;-00001
01395600;J MHC T/36 CINT;stock;; 00001; 00000; 00000; 00000; 00000; 00000; 00000; 00000; 00000; 00001
01395600;J MHC T/36 CINT;corte;; 00000; 00000; 00000; 00000; 00000; 00000; 00000; 00000; 00000; 00000
01395600;J MHC T/36 CINT;sugerido;;-00001;-00002; 00000; 00000; 00000; 00001; 00000; 00000; 00000;-00002
;
01395700;J MHC T CINTURA;Ventas;; 00049; 00080; 00089; 00075; 00051; 00031; 00000; 00000; 00000; 000375
01395700;J MHC T CINTURA;Despacho;; 00043; 00071; 00084; 00069; 00046; 00029; 00000; 00000; 00000; 00342
01395700;J MHC T CINTURA;saldo;; 00006; 00009; 00005; 00006; 00005; 00002; 00000; 00000; 00000; 00033
01395700;J MHC T CINTURA;stock;; 00000; 00000; 00000; 00000; 00000; 00000; 00000; 00000; 00000; 00000
01395700;J MHC T CINTURA;corte;; 00000; 00000; 00000; 00000; 00000; 00000; 00000; 00000; 00000; 00000
01395700;J MHC T CINTURA;sugerido;; 00006; 00009; 00005; 00006; 00005; 00002; 00000; 00000; 00000; 00033
;
01395800;J MHC T/36 CINT;Ventas;; 00006; 00012; 00012; 00009; 00006; 00003; 00000; 00000; 00000; 000048
01395800;J MHC T/36 CINT;Despacho;; 00000; 00000; 00000; 00000; 00000; 00000; 00000; 00000; 00000; 00000
01395800;J MHC T/36 CINT;saldo;; 00006; 00012; 00012; 00009; 00006; 00003; 00000; 00000; 00000; 00048
01395800;J MHC T/36 CINT;stock;; 00000; 00000; 00000; 00000; 00000; 00000; 00000; 00000; 00000; 00000
01395800;J MHC T/36 CINT;corte;; 00000; 00000; 00000; 00000; 00000; 00000; 00000; 00000; 00000; 00000
01395800;J MHC T/36 CINT;sugerido;; 00006; 00012; 00012; 00009; 00006; 00003; 00000; 00000; 00000; 00048
;
01395801;J MHC T/36 CINT;Ventas;; 00001; 00002; 00002; 00002; 00001; 00000; 00000; 00000; 00000; 000008
01395801;J MHC T/36 CINT;Despacho;; 00000; 00000; 00000; 00000; 00000; 00000; 00000; 00000; 00000; 00000
01395801;J MHC T/36 CINT;saldo;; 00001; 00002; 00002; 00002; 00001; 00000; 00000; 00000; 00000; 00008
01395801;J MHC T/36 CINT;stock;; 00000; 00000; 00000; 00000; 00000; 00000; 00000; 00000; 00000; 00000
01395801;J MHC T/36 CINT;corte;; 00000; 00000; 00000; 00000; 00000; 00000; 00000; 00000; 00000; 00000
01395801;J MHC T/36 CINT;sugerido;; 00001; 00002; 00002; 00002; 00001; 00000; 00000; 00000; 00000; 00008
;
01395804;J MHC T/36 CINT;Ventas;; 00004; 00006; 00006; 00005; 00003; 00001; 00000; 00000; 00000; 000025
01395804;J MHC T/36 CINT;Despacho;; 00000; 00000; 00000; 00000; 00000; 00000; 00000; 00000; 00000; 00000
01395804;J MHC T/36 CINT;saldo;; 00004; 00006; 00006; 00005; 00003; 00001; 00000; 00000; 00000; 00025
01395804;J MHC T/36 CINT;stock;; 00000; 00000; 00000; 00000; 00000; 00000; 00000; 00000; 00000; 00000
01395804;J MHC T/36 CINT;corte;; 00000; 00000; 00000; 00000; 00000; 00000; 00000; 00000; 00000; 00000
01395804;J MHC T/36 CINT;sugerido;; 00004; 00006; 00006; 00005; 00003; 00001; 00000; 00000; 00000; 00025
;
01395809;J MHC T/36 CINT;Ventas;; 00004; 00006; 00006; 00005; 00003; 00001; 00000; 00000; 00000; 000025
01395809;J MHC T/36 CINT;Despacho;; 00000; 00000; 00000; 00000; 00000; 00000; 00000; 00000; 00000; 00000
01395809;J MHC T/36 CINT;saldo;; 00004; 00006; 00006; 00005; 00003; 00001; 00000; 00000; 00000; 00025
01395809;J MHC T/36 CINT;stock;; 00000; 00000; 00000; 00000; 00000; 00000; 00000; 00000; 00000; 00000
01395809;J MHC T/36 CINT;corte;; 00000; 00000; 00000; 00000; 00000; 00000; 00000; 00000; 00000; 00000
01395809;J MHC T/36 CINT;sugerido;; 00004; 00006; 00006; 00005; 00003; 00001; 00000; 00000; 00000; 00025
;
01395872;J MHC T/36 CINT;Ventas;; 00002; 00003; 00003; 00003; 00002; 00000; 00000; 00000; 00000; 000013
01395872;J MHC T/36 CINT;Despacho;; 00000; 00000; 00000; 00000; 00000; 00000; 00000; 00000; 00000; 00000
01395872;J MHC T/36 CINT;saldo;; 00002; 00003; 00003; 00003; 00002; 00000; 00000; 00000; 00000; 00013
01395872;J MHC T/36 CINT;stock;; 00000; 00000; 00000; 00000; 00000; 00000; 00000; 00000; 00000; 00000
01395872;J MHC T/36 CINT;corte;; 00000; 00000; 00000; 00000; 00000; 00000; 00000; 00000; 00000; 00000
01395872;J MHC T/36 CINT;sugerido;; 00002; 00003; 00003; 00003; 00002; 00000; 00000; 00000; 00000; 00013
;
01395904;J MHC T/36 CINT;Ventas;; 00002; 00005; 00003; 00003; 00002; 00000; 00000; 00000; 00000; 000015
01395904;J MHC T/36 CINT;Despacho;; 00000; 00000; 00000; 00000; 00000; 00000; 00000; 00000; 00000; 00000
01395904;J MHC T/36 CINT;saldo;; 00002; 00005; 00003; 00003; 00002; 00000; 00000; 00000; 00000; 00015
01395904;J MHC T/36 CINT;stock;; 00000; 00000; 00000; 00000; 00000; 00000; 00000; 00000; 00000; 00000
01395904;J MHC T/36 CINT;corte;; 00000; 00000; 00000; 00000; 00000; 00000; 00000; 00000; 00000; 00000
01395904;J MHC T/36 CINT;sugerido;; 00002; 00005; 00003; 00003; 00002; 00000; 00000; 00000; 00000; 00015
;
01395972;J MHC T/36 CINT;Ventas;; 00001; 00002; 00002; 00002; 00002; 00001; 00000; 00000; 00000; 000010
01395972;J MHC T/36 CINT;Despacho;; 00000; 00000; 00000; 00000; 00000; 00000; 00000; 00000; 00000; 00000
01395972;J MHC T/36 CINT;saldo;; 00001; 00002; 00002; 00002; 00002; 00001; 00000; 00000; 00000; 00010
01395972;J MHC T/36 CINT;stock;; 00000; 00000; 00000; 00000; 00000; 00000; 00000; 00000; 00000; 00000
01395972;J MHC T/36 CINT;corte;; 00000; 00000; 00000; 00000; 00000; 00000; 00000; 00000; 00000; 00000
01395972;J MHC T/36 CINT;sugerido;; 00001; 00002; 00002; 00002; 00002; 00001; 00000; 00000; 00000; 00010
;
01396000;J MHC T/36 CINT;Ventas;; 00046; 00074; 00079; 00065; 00044; 00024; 00000; 00000; 00000; 000332
01396000;J MHC T/36 CINT;Despacho;; 00040; 00061; 00065; 00055; 00035; 00013; 00000; 00000; 00000; 00269
01396000;J MHC T/36 CINT;saldo;; 00006; 00013; 00014; 00010; 00009; 00011; 00000; 00000; 00000; 00063
01396000;J MHC T/36 CINT;stock;; 00010; 00012; 00017; 00005; 00011; 00004; 00000; 00000; 00000; 00059
01396000;J MHC T/36 CINT;corte;; 00000; 00000; 00000; 00000; 00000; 00000; 00000; 00000; 00000; 00000
01396000;J MHC T/36 CINT;sugerido;;-00004; 00001;-00003; 00005;-00002; 00007; 00000; 00000; 00000; 00004
;
01396001;J MHC T/36 CINT;Ventas;; 00043; 00064; 00070; 00067; 00042; 00027; 00000; 00000; 00000; 000313
01396001;J MHC T/36 CINT;Despacho;; 00027; 00051; 00055; 00053; 00026; 00019; 00000; 00000; 00000; 00231
01396001;J MHC T/36 CINT;saldo;; 00016; 00013; 00015; 00014; 00016; 00008; 00000; 00000; 00000; 00082
01396001;J MHC T/36 CINT;stock;; 00001; 00012; 00015; 00013; 00005; 00003; 00000; 00000; 00000; 00049
01396001;J MHC T/36 CINT;corte;; 00000; 00000; 00000; 00000; 00000; 00000; 00000; 00000; 00000; 00000
01396001;J MHC T/36 CINT;sugerido;; 00015; 00001; 00000; 00001; 00011; 00005; 00000; 00000; 00000; 00033
;
01396002;J MHC T/36 CINT;Ventas;; 00006; 00008; 00010; 00008; 00007; 00002; 00000; 00000; 00000; 000041
01396002;J MHC T/36 CINT;Despacho;; 00002; 00005; 00006; 00004; 00004; 00001; 00000; 00000; 00000; 00022
01396002;J MHC T/36 CINT;saldo;; 00004; 00003; 00004; 00004; 00003; 00001; 00000; 00000; 00000; 00019
01396002;J MHC T/36 CINT;stock;; 00000; 00000; 00000; 00000; 00000; 00000; 00000; 00000; 00000; 00000
01396002;J MHC T/36 CINT;corte;; 00000; 00000; 00000; 00000; 00000; 00000; 00000; 00000; 00000; 00000
01396002;J MHC T/36 CINT;sugerido;; 00004; 00003; 00004; 00004; 00003; 00001; 00000; 00000; 00000; 00019
;
01396080;J MHC T/36 CINT;Ventas;; 00012; 00012; 00012; 00012; 00008; 00008; 00000; 00000; 00000; 000064
01396080;J MHC T/36 CINT;Despacho;; 00000; 00000; 00000; 00000; 00000; 00000; 00000; 00000; 00000; 00000
01396080;J MHC T/36 CINT;saldo;; 00012; 00012; 00012; 00012; 00008; 00008; 00000; 00000; 00000; 00064
01396080;J MHC T/36 CINT;stock;; 00000; 00000; 00000; 00000; 00000; 00000; 00000; 00000; 00000; 00000
01396080;J MHC T/36 CINT;corte;; 00000; 00000; 00000; 00000; 00000; 00000; 00000; 00000; 00000; 00000
01396080;J MHC T/36 CINT;sugerido;; 00012; 00012; 00012; 00012; 00008; 00008; 00000; 00000; 00000; 00064
;
01396100;J MHC  CINTURA ;Ventas;; 00053; 00108; 00120; 00108; 00078; 00049; 00000; 00000; 00000; 000516
01396100;J MHC  CINTURA ;Despacho;; 00052; 00104; 00110; 00098; 00059; 00043; 00000; 00000; 00000; 00466
01396100;J MHC  CINTURA ;saldo;; 00001; 00004; 00010; 00010; 00019; 00006; 00000; 00000; 00000; 00050
01396100;J MHC  CINTURA ;stock;; 00000; 00001; 00002; 00005; 00001; 00001; 00000; 00000; 00000; 00010
01396100;J MHC  CINTURA ;corte;; 00000; 00000; 00000; 00000; 00000; 00000; 00000; 00000; 00000; 00000
01396100;J MHC  CINTURA ;sugerido;; 00001; 00003; 00008; 00005; 00018; 00005; 00000; 00000; 00000; 00040
;
01396180;J MHC  CINTURA ;Ventas;; 00012; 00012; 00012; 00012; 00008; 00008; 00000; 00000; 00000; 000064
01396180;J MHC  CINTURA ;Despacho;; 00000; 00000; 00000; 00000; 00000; 00000; 00000; 00000; 00000; 00000
01396180;J MHC  CINTURA ;saldo;; 00012; 00012; 00012; 00012; 00008; 00008; 00000; 00000; 00000; 00064
01396180;J MHC  CINTURA ;stock;; 00000; 00000; 00000; 00000; 00000; 00000; 00000; 00000; 00000; 00000
01396180;J MHC  CINTURA ;corte;; 00000; 00000; 00000; 00000; 00000; 00000; 00000; 00000; 00000; 00000
01396180;J MHC  CINTURA ;sugerido;; 00012; 00012; 00012; 00012; 00008; 00008; 00000; 00000; 00000; 00064
;
01396200;J MHC T/36 CINT;Ventas;; 00037; 00069; 00072; 00066; 00048; 00031; 00000; 00000; 00000; 000323
01396200;J MHC T/36 CINT;Despacho;; 00029; 00053; 00053; 00050; 00032; 00023; 00000; 00000; 00000; 00240
01396200;J MHC T/36 CINT;saldo;; 00008; 00016; 00019; 00016; 00016; 00008; 00000; 00000; 00000; 00083
01396200;J MHC T/36 CINT;stock;; 00000; 00000; 00002; 00000; 00000; 00000; 00000; 00000; 00000; 00002
01396200;J MHC T/36 CINT;corte;; 00000; 00000; 00000; 00000; 00000; 00000; 00000; 00000; 00000; 00000
01396200;J MHC T/36 CINT;sugerido;; 00008; 00016; 00017; 00016; 00016; 00008; 00000; 00000; 00000; 00081
;
01396280;J MHC T/36 CINT;Ventas;; 00012; 00012; 00012; 00012; 00008; 00008; 00000; 00000; 00000; 000064
01396280;J MHC T/36 CINT;Despacho;; 00000; 00000; 00000; 00000; 00000; 00000; 00000; 00000; 00000; 00000
01396280;J MHC T/36 CINT;saldo;; 00012; 00012; 00012; 00012; 00008; 00008; 00000; 00000; 00000; 00064
01396280;J MHC T/36 CINT;stock;; 00000; 00000; 00000; 00000; 00000; 00000; 00000; 00000; 00000; 00000
01396280;J MHC T/36 CINT;corte;; 00000; 00000; 00000; 00000; 00000; 00000; 00000; 00000; 00000; 00000
01396280;J MHC T/36 CINT;sugerido;; 00012; 00012; 00012; 00012; 00008; 00008; 00000; 00000; 00000; 00064
;
01396300;J MHC T/36 CINT;Ventas;; 00051; 00093; 00106; 00095; 00054; 00044; 00000; 00000; 00000; 000443
01396300;J MHC T/36 CINT;Despacho;; 00057; 00103; 00115; 00102; 00055; 00047; 00000; 00000; 00000; 00479
01396300;J MHC T/36 CINT;saldo;;-00006;-00010;-00009;-00007;-00001;-00003; 00000; 00000; 00000;-00036
01396300;J MHC T/36 CINT;stock;; 00000; 00000; 00000; 00000; 00000; 00000; 00000; 00000; 00000; 00000
01396300;J MHC T/36 CINT;corte;; 00000; 00000; 00000; 00000; 00000; 00000; 00000; 00000; 00000; 00000
01396300;J MHC T/36 CINT;sugerido;;-00006;-00010;-00009;-00007;-00001;-00003; 00000; 00000; 00000;-00036
;
01396400;J MHC T36 CINTU;Ventas;; 00001; 00004; 00005; 00005; 00004; 00002; 00000; 00000; 00000; 000021
01396400;J MHC T36 CINTU;Despacho;; 00000; 00000; 00000; 00000; 00000; 00000; 00000; 00000; 00000; 00000
01396400;J MHC T36 CINTU;saldo;; 00001; 00004; 00005; 00005; 00004; 00002; 00000; 00000; 00000; 00021
01396400;J MHC T36 CINTU;stock;; 00000; 00000; 00000; 00000; 00000; 00000; 00000; 00000; 00000; 00000
01396400;J MHC T36 CINTU;corte;; 00000; 00000; 00000; 00000; 00000; 00000; 00000; 00000; 00000; 00000
01396400;J MHC T36 CINTU;sugerido;; 00001; 00004; 00005; 00005; 00004; 00002; 00000; 00000; 00000; 00021
;
01396500;J MHC T/36 CINT;Ventas;; 00002; 00002; 00002; 00002; 00001; 00000; 00000; 00000; 00000; 000009
01396500;J MHC T/36 CINT;Despacho;; 00000; 00000; 00000; 00000; 00000; 00000; 00000; 00000; 00000; 00000
01396500;J MHC T/36 CINT;saldo;; 00002; 00002; 00002; 00002; 00001; 00000; 00000; 00000; 00000; 00009
01396500;J MHC T/36 CINT;stock;; 00000; 00000; 00000; 00000; 00000; 00000; 00000; 00000; 00000; 00000
01396500;J MHC T/36 CINT;corte;; 00000; 00000; 00000; 00000; 00000; 00000; 00000; 00000; 00000; 00000
01396500;J MHC T/36 CINT;sugerido;; 00002; 00002; 00002; 00002; 00001; 00000; 00000; 00000; 00000; 00009
;
01396600;J MHC T/36 MEDI;Ventas;; 00011; 00018; 00020; 00018; 00011; 00004; 00000; 00000; 00000; 000082
01396600;J MHC T/36 MEDI;Despacho;; 00000; 00000; 00000; 00000; 00000; 00000; 00000; 00000; 00000; 00000
01396600;J MHC T/36 MEDI;saldo;; 00011; 00018; 00020; 00018; 00011; 00004; 00000; 00000; 00000; 00082
01396600;J MHC T/36 MEDI;stock;; 00000; 00000; 00000; 00000; 00000; 00000; 00000; 00000; 00000; 00000
01396600;J MHC T/36 MEDI;corte;; 00000; 00000; 00000; 00000; 00000; 00000; 00000; 00000; 00000; 00000
01396600;J MHC T/36 MEDI;sugerido;; 00011; 00018; 00020; 00018; 00011; 00004; 00000; 00000; 00000; 00082
;
01396601;J MHC T/36 MEDI;Ventas;; 00008; 00012; 00012; 00009; 00005; 00001; 00000; 00000; 00000; 000047
01396601;J MHC T/36 MEDI;Despacho;; 00000; 00000; 00000; 00000; 00000; 00000; 00000; 00000; 00000; 00000
01396601;J MHC T/36 MEDI;saldo;; 00008; 00012; 00012; 00009; 00005; 00001; 00000; 00000; 00000; 00047
01396601;J MHC T/36 MEDI;stock;; 00000; 00000; 00000; 00000; 00000; 00000; 00000; 00000; 00000; 00000
01396601;J MHC T/36 MEDI;corte;; 00000; 00000; 00000; 00000; 00000; 00000; 00000; 00000; 00000; 00000
01396601;J MHC T/36 MEDI;sugerido;; 00008; 00012; 00012; 00009; 00005; 00001; 00000; 00000; 00000; 00047
;
01396602;J MHC T/36 MEDI;Ventas;; 00003; 00004; 00004; 00003; 00001; 00000; 00000; 00000; 00000; 000015
01396602;J MHC T/36 MEDI;Despacho;; 00000; 00000; 00000; 00000; 00000; 00000; 00000; 00000; 00000; 00000
01396602;J MHC T/36 MEDI;saldo;; 00003; 00004; 00004; 00003; 00001; 00000; 00000; 00000; 00000; 00015
01396602;J MHC T/36 MEDI;stock;; 00000; 00000; 00000; 00000; 00000; 00000; 00000; 00000; 00000; 00000
01396602;J MHC T/36 MEDI;corte;; 00000; 00000; 00000; 00000; 00000; 00000; 00000; 00000; 00000; 00000
01396602;J MHC T/36 MEDI;sugerido;; 00003; 00004; 00004; 00003; 00001; 00000; 00000; 00000; 00000; 00015
;
01396603;J MHC T/36 MEDI;Ventas;; 00004; 00006; 00006; 00005; 00003; 00001; 00000; 00000; 00000; 000025
01396603;J MHC T/36 MEDI;Despacho;; 00000; 00000; 00000; 00000; 00000; 00000; 00000; 00000; 00000; 00000
01396603;J MHC T/36 MEDI;saldo;; 00004; 00006; 00006; 00005; 00003; 00001; 00000; 00000; 00000; 00025
01396603;J MHC T/36 MEDI;stock;; 00000; 00000; 00000; 00000; 00000; 00000; 00000; 00000; 00000; 00000
01396603;J MHC T/36 MEDI;corte;; 00000; 00000; 00000; 00000; 00000; 00000; 00000; 00000; 00000; 00000
01396603;J MHC T/36 MEDI;sugerido;; 00004; 00006; 00006; 00005; 00003; 00001; 00000; 00000; 00000; 00025
;
01396700;J MHC T/36 CINT;Ventas;; 00016; 00027; 00027; 00022; 00014; 00004; 00000; 00000; 00000; 000110
01396700;J MHC T/36 CINT;Despacho;; 00000; 00000; 00000; 00000; 00000; 00000; 00000; 00000; 00000; 00000
01396700;J MHC T/36 CINT;saldo;; 00016; 00027; 00027; 00022; 00014; 00004; 00000; 00000; 00000; 00110
01396700;J MHC T/36 CINT;stock;; 00000;-00001; 00000; 00000; 00000; 00000; 00000; 00000; 00000;-00001
01396700;J MHC T/36 CINT;corte;; 00000; 00000; 00000; 00000; 00000; 00000; 00000; 00000; 00000; 00000
01396700;J MHC T/36 CINT;sugerido;; 00016; 00028; 00027; 00022; 00014; 00004; 00000; 00000; 00000; 00111
;
01396800;J MHC T/36 CINT;Ventas;; 00008; 00014; 00015; 00013; 00011; 00007; 00000; 00000; 00000; 000068
01396800;J MHC T/36 CINT;Despacho;; 00000; 00000; 00000; 00000; 00000; 00000; 00000; 00000; 00000; 00000
01396800;J MHC T/36 CINT;saldo;; 00008; 00014; 00015; 00013; 00011; 00007; 00000; 00000; 00000; 00068
01396800;J MHC T/36 CINT;stock;; 00000; 00000; 00000; 00000; 00000; 00000; 00000; 00000; 00000; 00000
01396800;J MHC T/36 CINT;corte;; 00000; 00000; 00000; 00000; 00000; 00000; 00000; 00000; 00000; 00000
01396800;J MHC T/36 CINT;sugerido;; 00008; 00014; 00015; 00013; 00011; 00007; 00000; 00000; 00000; 00068
;
01396806;J MHC T/36 CINT;Ventas;; 00001; 00003; 00003; 00002; 00002; 00001; 00000; 00000; 00000; 000012
01396806;J MHC T/36 CINT;Despacho;; 00000; 00000; 00000; 00000; 00000; 00000; 00000; 00000; 00000; 00000
01396806;J MHC T/36 CINT;saldo;; 00001; 00003; 00003; 00002; 00002; 00001; 00000; 00000; 00000; 00012
01396806;J MHC T/36 CINT;stock;; 00000; 00000; 00000; 00000; 00000; 00000; 00000; 00000; 00000; 00000
01396806;J MHC T/36 CINT;corte;; 00000; 00000; 00000; 00000; 00000; 00000; 00000; 00000; 00000; 00000
01396806;J MHC T/36 CINT;sugerido;; 00001; 00003; 00003; 00002; 00002; 00001; 00000; 00000; 00000; 00012
;
01396838;J MHC T/36 CINT;Ventas;; 00001; 00003; 00003; 00002; 00002; 00001; 00000; 00000; 00000; 000012
01396838;J MHC T/36 CINT;Despacho;; 00000; 00000; 00000; 00000; 00000; 00000; 00000; 00000; 00000; 00000
01396838;J MHC T/36 CINT;saldo;; 00001; 00003; 00003; 00002; 00002; 00001; 00000; 00000; 00000; 00012
01396838;J MHC T/36 CINT;stock;; 00000; 00000; 00000; 00000; 00000; 00000; 00000; 00000; 00000; 00000
01396838;J MHC T/36 CINT;corte;; 00000; 00000; 00000; 00000; 00000; 00000; 00000; 00000; 00000; 00000
01396838;J MHC T/36 CINT;sugerido;; 00001; 00003; 00003; 00002; 00002; 00001; 00000; 00000; 00000; 00012
;
01396900;J MHC T/36 CINT;Ventas;; 00006; 00009; 00009; 00006; 00003; 00001; 00000; 00000; 00000; 000034
01396900;J MHC T/36 CINT;Despacho;; 00000; 00000; 00000; 00000; 00000; 00000; 00000; 00000; 00000; 00000
01396900;J MHC T/36 CINT;saldo;; 00006; 00009; 00009; 00006; 00003; 00001; 00000; 00000; 00000; 00034
01396900;J MHC T/36 CINT;stock;; 00000; 00000; 00000; 00000; 00000; 00000; 00000; 00000; 00000; 00000
01396900;J MHC T/36 CINT;corte;; 00000; 00000; 00000; 00000; 00000; 00000; 00000; 00000; 00000; 00000
01396900;J MHC T/36 CINT;sugerido;; 00006; 00009; 00009; 00006; 00003; 00001; 00000; 00000; 00000; 00034
;
01396901;J MHC T/36 CINT;Ventas;; 00006; 00011; 00011; 00008; 00003; 00001; 00000; 00000; 00000; 000040
01396901;J MHC T/36 CINT;Despacho;; 00000; 00000; 00000; 00000; 00000; 00000; 00000; 00000; 00000; 00000
01396901;J MHC T/36 CINT;saldo;; 00006; 00011; 00011; 00008; 00003; 00001; 00000; 00000; 00000; 00040
01396901;J MHC T/36 CINT;stock;; 00000; 00000; 00000; 00000; 00000; 00000; 00000; 00000; 00000; 00000
01396901;J MHC T/36 CINT;corte;; 00000; 00000; 00000; 00000; 00000; 00000; 00000; 00000; 00000; 00000
01396901;J MHC T/36 CINT;sugerido;; 00006; 00011; 00011; 00008; 00003; 00001; 00000; 00000; 00000; 00040
;
01397000;J MHC T/36 MEDI;Ventas;; 00012; 00022; 00023; 00019; 00011; 00003; 00000; 00000; 00000; 000090
01397000;J MHC T/36 MEDI;Despacho;; 00000; 00000; 00000; 00000; 00000; 00000; 00000; 00000; 00000; 00000
01397000;J MHC T/36 MEDI;saldo;; 00012; 00022; 00023; 00019; 00011; 00003; 00000; 00000; 00000; 00090
01397000;J MHC T/36 MEDI;stock;; 00000; 00000; 00000; 00000; 00000; 00000; 00000; 00000; 00000; 00000
01397000;J MHC T/36 MEDI;corte;; 00000; 00000; 00000; 00000; 00000; 00000; 00000; 00000; 00000; 00000
01397000;J MHC T/36 MEDI;sugerido;; 00012; 00022; 00023; 00019; 00011; 00003; 00000; 00000; 00000; 00090
;
01397100;J MHC T/36 CINT;Ventas;; 00032; 00050; 00053; 00037; 00025; 00011; 00000; 00000; 00000; 000208
01397100;J MHC T/36 CINT;Despacho;; 00022; 00036; 00039; 00028; 00019; 00010; 00000; 00000; 00000; 00154
01397100;J MHC T/36 CINT;saldo;; 00010; 00014; 00014; 00009; 00006; 00001; 00000; 00000; 00000; 00054
01397100;J MHC T/36 CINT;stock;; 00010; 00017; 00002; 00001;-00001; 00000; 00000; 00000; 00000; 00029
01397100;J MHC T/36 CINT;corte;; 00000; 00000; 00000; 00000; 00000; 00000; 00000; 00000; 00000; 00000
01397100;J MHC T/36 CINT;sugerido;; 00000;-00003; 00012; 00008; 00007; 00001; 00000; 00000; 00000; 00025
;
01397101;J MHC T/36 CINT;Ventas;; 00018; 00026; 00026; 00018; 00011; 00003; 00000; 00000; 00000; 000102
01397101;J MHC T/36 CINT;Despacho;; 00022; 00033; 00033; 00021; 00014; 00000; 00000; 00000; 00000; 00123
01397101;J MHC T/36 CINT;saldo;;-00004;-00007;-00007;-00003;-00003; 00003; 00000; 00000; 00000;-00021
01397101;J MHC T/36 CINT;stock;; 00003; 00000; 00000; 00000; 00000; 00000; 00000; 00000; 00000; 00003
01397101;J MHC T/36 CINT;corte;; 00000; 00000; 00000; 00000; 00000; 00000; 00000; 00000; 00000; 00000
01397101;J MHC T/36 CINT;sugerido;;-00007;-00007;-00007;-00003;-00003; 00003; 00000; 00000; 00000;-00024
;
01398400;J MHC T/36 CINT;Ventas;; 00005; 00005; 00004; 00004; 00002; 00002; 00000; 00000; 00000; 000022
01398400;J MHC T/36 CINT;Despacho;; 00000; 00000; 00000; 00000; 00000; 00000; 00000; 00000; 00000; 00000
01398400;J MHC T/36 CINT;saldo;; 00005; 00005; 00004; 00004; 00002; 00002; 00000; 00000; 00000; 00022
01398400;J MHC T/36 CINT;stock;; 00000; 00000; 00000; 00000; 00000; 00000; 00000; 00000; 00000; 00000
01398400;J MHC T/36 CINT;corte;; 00000; 00000; 00000; 00000; 00000; 00000; 00000; 00000; 00000; 00000
01398400;J MHC T/36 CINT;sugerido;; 00005; 00005; 00004; 00004; 00002; 00002; 00000; 00000; 00000; 00022
;
01398401;J MHC T/36 CINT;Ventas;; 00004; 00009; 00008; 00005; 00003; 00001; 00000; 00000; 00000; 000030
01398401;J MHC T/36 CINT;Despacho;; 00000; 00000; 00000; 00000; 00000; 00000; 00000; 00000; 00000; 00000
01398401;J MHC T/36 CINT;saldo;; 00004; 00009; 00008; 00005; 00003; 00001; 00000; 00000; 00000; 00030
01398401;J MHC T/36 CINT;stock;; 00000; 00000; 00000; 00000; 00000; 00000; 00000; 00000; 00000; 00000
01398401;J MHC T/36 CINT;corte;; 00000; 00000; 00000; 00000; 00000; 00000; 00000; 00000; 00000; 00000
01398401;J MHC T/36 CINT;sugerido;; 00004; 00009; 00008; 00005; 00003; 00001; 00000; 00000; 00000; 00030
;
01398500;J MHC T/36 CINT;Ventas;; 00018; 00025; 00024; 00020; 00013; 00006; 00000; 00000; 00000; 000106
01398500;J MHC T/36 CINT;Despacho;; 00000; 00000; 00000; 00000; 00000; 00000; 00000; 00000; 00000; 00000
01398500;J MHC T/36 CINT;saldo;; 00018; 00025; 00024; 00020; 00013; 00006; 00000; 00000; 00000; 00106
01398500;J MHC T/36 CINT;stock;; 00000; 00000; 00000; 00000; 00000; 00000; 00000; 00000; 00000; 00000
01398500;J MHC T/36 CINT;corte;; 00000; 00000; 00000; 00000; 00000; 00000; 00000; 00000; 00000; 00000
01398500;J MHC T/36 CINT;sugerido;; 00018; 00025; 00024; 00020; 00013; 00006; 00000; 00000; 00000; 00106
;
01399000;J MHC T/36  CIN;Ventas;; 00054; 00097; 00110; 00105; 00081; 00054; 00000; 00000; 00000; 000501
01399000;J MHC T/36  CIN;Despacho;; 00051; 00095; 00108; 00104; 00076; 00048; 00000; 00000; 00000; 00482
01399000;J MHC T/36  CIN;saldo;; 00003; 00002; 00002; 00001; 00005; 00006; 00000; 00000; 00000; 00019
01399000;J MHC T/36  CIN;stock;; 00000; 00011; 00003; 00000; 00001; 00000; 00000; 00000; 00000; 00015
01399000;J MHC T/36  CIN;corte;; 00000; 00000; 00000; 00000; 00000; 00000; 00000; 00000; 00000; 00000
01399000;J MHC T/36  CIN;sugerido;; 00003;-00009;-00001; 00001; 00004; 00006; 00000; 00000; 00000; 00004
;
01399001;J MHC T/36 MEDI;Ventas;; 00013; 00019; 00024; 00021; 00014; 00010; 00000; 00000; 00000; 000101
01399001;J MHC T/36 MEDI;Despacho;; 00009; 00019; 00024; 00020; 00012; 00010; 00000; 00000; 00000; 00094
01399001;J MHC T/36 MEDI;saldo;; 00004; 00000; 00000; 00001; 00002; 00000; 00000; 00000; 00000; 00007
01399001;J MHC T/36 MEDI;stock;; 00000; 00000; 00000; 00000; 00000; 00000; 00000; 00000; 00000; 00000
01399001;J MHC T/36 MEDI;corte;; 00000; 00000; 00000; 00000; 00000; 00000; 00000; 00000; 00000; 00000
01399001;J MHC T/36 MEDI;sugerido;; 00004; 00000; 00000; 00001; 00002; 00000; 00000; 00000; 00000; 00007
;
01400100;J MHC  MEDIO PA;Ventas;; 00087; 00145; 00159; 00121; 00067; 00039; 00000; 00000; 00000; 000618
01400100;J MHC  MEDIO PA;Despacho;; 00073; 00123; 00135; 00115; 00062; 00033; 00000; 00000; 00000; 00541
01400100;J MHC  MEDIO PA;saldo;; 00014; 00022; 00024; 00006; 00005; 00006; 00000; 00000; 00000; 00077
01400100;J MHC  MEDIO PA;stock;; 00003; 00001; 00000; 00006; 00006; 00003; 00000; 00000; 00000; 00019
01400100;J MHC  MEDIO PA;corte;; 00004; 00003; 00000; 00000; 00000; 00000; 00000; 00000; 00000; 00007
01400100;J MHC  MEDIO PA;sugerido;; 00007; 00018; 00024; 00000;-00001; 00003; 00000; 00000; 00000; 00051
;
01400101;J MHC  MEDIO PA;Ventas;; 00001; 00001; 00001; 00001; 00000; 00000; 00000; 00000; 00000; 000004
01400101;J MHC  MEDIO PA;Despacho;; 00000; 00000; 00000; 00000; 00000; 00000; 00000; 00000; 00000; 00000
01400101;J MHC  MEDIO PA;saldo;; 00001; 00001; 00001; 00001; 00000; 00000; 00000; 00000; 00000; 00004
01400101;J MHC  MEDIO PA;stock;; 00000; 00000; 00000; 00000; 00000; 00000; 00000; 00000; 00000; 00000
01400101;J MHC  MEDIO PA;corte;; 00000; 00000; 00000; 00000; 00000; 00000; 00000; 00000; 00000; 00000
01400101;J MHC  MEDIO PA;sugerido;; 00001; 00001; 00001; 00001; 00000; 00000; 00000; 00000; 00000; 00004
;
01400200;J MHC  MEDIO OX;Ventas;; 00068; 00117; 00119; 00113; 00088; 00062; 00000; 00000; 00000; 000567
01400200;J MHC  MEDIO OX;Despacho;; 00047; 00094; 00103; 00094; 00060; 00044; 00000; 00000; 00000; 00442
01400200;J MHC  MEDIO OX;saldo;; 00021; 00023; 00016; 00019; 00028; 00018; 00000; 00000; 00000; 00125
01400200;J MHC  MEDIO OX;stock;; 00010; 00000; 00006; 00006; 00012; 00000; 00000; 00000; 00000; 00034
01400200;J MHC  MEDIO OX;corte;; 00002; 00003; 00000; 00000; 00000; 00000; 00000; 00000; 00000; 00005
01400200;J MHC  MEDIO OX;sugerido;; 00009; 00020; 00010; 00013; 00016; 00018; 00000; 00000; 00000; 00086
;
01400201;J MHC  MEDIO OX;Ventas;; 00027; 00040; 00043; 00038; 00024; 00016; 00000; 00000; 00000; 000188
01400201;J MHC  MEDIO OX;Despacho;; 00018; 00021; 00027; 00024; 00014; 00010; 00000; 00000; 00000; 00114
01400201;J MHC  MEDIO OX;saldo;; 00009; 00019; 00016; 00014; 00010; 00006; 00000; 00000; 00000; 00074
01400201;J MHC  MEDIO OX;stock;; 00002; 00005; 00002; 00001; 00000; 00001; 00000; 00000; 00000; 00011
01400201;J MHC  MEDIO OX;corte;; 00000; 00000; 00000; 00000; 00000; 00000; 00000; 00000; 00000; 00000
01400201;J MHC  MEDIO OX;sugerido;; 00007; 00014; 00014; 00013; 00010; 00005; 00000; 00000; 00000; 00063
;
01400300;J MHC CINTURA P;Ventas;; 00009; 00018; 00020; 00018; 00015; 00009; 00000; 00000; 00000; 000089
01400300;J MHC CINTURA P;Despacho;; 00000; 00000; 00000; 00000; 00000; 00000; 00000; 00000; 00000; 00000
01400300;J MHC CINTURA P;saldo;; 00009; 00018; 00020; 00018; 00015; 00009; 00000; 00000; 00000; 00089
01400300;J MHC CINTURA P;stock;;-00001; 00000; 00000; 00000; 00000; 00000; 00000; 00000; 00000;-00001
01400300;J MHC CINTURA P;corte;; 00000; 00000; 00000; 00000; 00000; 00000; 00000; 00000; 00000; 00000
01400300;J MHC CINTURA P;sugerido;; 00010; 00018; 00020; 00018; 00015; 00009; 00000; 00000; 00000; 00090
;
01400400;J MHC  CINTURA ;Ventas;; 00066; 00109; 00125; 00119; 00077; 00056; 00000; 00000; 00000; 000552
01400400;J MHC  CINTURA ;Despacho;; 00051; 00085; 00095; 00093; 00059; 00038; 00000; 00000; 00000; 00421
01400400;J MHC  CINTURA ;saldo;; 00015; 00024; 00030; 00026; 00018; 00018; 00000; 00000; 00000; 00131
01400400;J MHC  CINTURA ;stock;; 00001; 00013; 00013; 00002;-00002; 00008; 00000; 00000; 00000; 00035
01400400;J MHC  CINTURA ;corte;; 00072; 00109; 00130; 00110; 00068; 00050; 00000; 00000; 00000; 00539
01400400;J MHC  CINTURA ;sugerido;;-00058;-00098;-00113;-00086;-00048;-00040; 00000; 00000; 00000;-00443
;
01400401;J MHC  CINTURA ;Ventas;; 00033; 00052; 00069; 00057; 00030; 00024; 00000; 00000; 00000; 000265
01400401;J MHC  CINTURA ;Despacho;; 00030; 00047; 00060; 00051; 00026; 00021; 00000; 00000; 00000; 00235
01400401;J MHC  CINTURA ;saldo;; 00003; 00005; 00009; 00006; 00004; 00003; 00000; 00000; 00000; 00030
01400401;J MHC  CINTURA ;stock;; 00001; 00001; 00000; 00000; 00001; 00000; 00000; 00000; 00000; 00003
01400401;J MHC  CINTURA ;corte;; 00000; 00000; 00000; 00000; 00000; 00000; 00000; 00000; 00000; 00000
01400401;J MHC  CINTURA ;sugerido;; 00002; 00004; 00009; 00006; 00003; 00003; 00000; 00000; 00000; 00027
;
01400700;J MHC  CINTURA ;Ventas;; 00162; 00304; 00343; 00315; 00213; 00145; 00000; 00000; 00000; 001482
01400700;J MHC  CINTURA ;Despacho;; 00133; 00251; 00292; 00267; 00171; 00120; 00000; 00000; 00000; 01234
01400700;J MHC  CINTURA ;saldo;; 00029; 00053; 00051; 00048; 00042; 00025; 00000; 00000; 00000; 00248
01400700;J MHC  CINTURA ;stock;; 00009; 00001; 00001; 00000; 00003; 00002; 00000; 00000; 00000; 00016
01400700;J MHC  CINTURA ;corte;; 00013; 00017; 00020; 00018; 00020; 00011; 00000; 00000; 00000; 00099
01400700;J MHC  CINTURA ;sugerido;; 00007; 00035; 00030; 00030; 00019; 00012; 00000; 00000; 00000; 00133
;
01400701;J MHC  CINTURA ;Ventas;; 00011; 00013; 00013; 00018; 00018; 00009; 00000; 00000; 00000; 000082
01400701;J MHC  CINTURA ;Despacho;; 00011; 00013; 00013; 00018; 00018; 00009; 00000; 00000; 00000; 00082
01400701;J MHC  CINTURA ;saldo;; 00000; 00000; 00000; 00000; 00000; 00000; 00000; 00000; 00000; 00000
01400701;J MHC  CINTURA ;stock;; 00000; 00000; 00000; 00000; 00000; 00000; 00000; 00000; 00000; 00000
01400701;J MHC  CINTURA ;corte;; 00000; 00000; 00000; 00000; 00000; 00000; 00000; 00000; 00000; 00000
01400701;J MHC  CINTURA ;sugerido;; 00000; 00000; 00000; 00000; 00000; 00000; 00000; 00000; 00000; 00000
;
01400790;J MHC  CINTURA ;Ventas;; 00012; 00019; 00021; 00017; 00011; 00006; 00000; 00000; 00000; 000086
01400790;J MHC  CINTURA ;Despacho;; 00007; 00012; 00012; 00010; 00005; 00001; 00000; 00000; 00000; 00047
01400790;J MHC  CINTURA ;saldo;; 00005; 00007; 00009; 00007; 00006; 00005; 00000; 00000; 00000; 00039
01400790;J MHC  CINTURA ;stock;; 00000; 00000; 00001; 00000; 00000; 00000; 00000; 00000; 00000; 00001
01400790;J MHC  CINTURA ;corte;; 00000; 00000; 00000; 00000; 00000; 00000; 00000; 00000; 00000; 00000
01400790;J MHC  CINTURA ;sugerido;; 00005; 00007; 00008; 00007; 00006; 00005; 00000; 00000; 00000; 00038
;
01400800;J MHC CINTURA F;Ventas;; 00168; 00279; 00297; 00259; 00178; 00124; 00000; 00000; 00000; 001305
01400800;J MHC CINTURA F;Despacho;; 00164; 00265; 00291; 00256; 00163; 00118; 00000; 00000; 00000; 01257
01400800;J MHC CINTURA F;saldo;; 00004; 00014; 00006; 00003; 00015; 00006; 00000; 00000; 00000; 00048
01400800;J MHC CINTURA F;stock;; 00000; 00000; 00001; 00001; 00001; 00000; 00000; 00000; 00000; 00003
01400800;J MHC CINTURA F;corte;; 00002; 00007; 00005; 00000; 00000; 00000; 00000; 00000; 00000; 00014
01400800;J MHC CINTURA F;sugerido;; 00002; 00007; 00000; 00002; 00014; 00006; 00000; 00000; 00000; 00031
;
01400900;J MHC T/36 CINT;Ventas;; 00165; 00287; 00336; 00282; 00167; 00119; 00000; 00000; 00000; 001356
01400900;J MHC T/36 CINT;Despacho;; 00150; 00267; 00312; 00264; 00137; 00099; 00000; 00000; 00000; 01229
01400900;J MHC T/36 CINT;saldo;; 00015; 00020; 00024; 00018; 00030; 00020; 00000; 00000; 00000; 00127
01400900;J MHC T/36 CINT;stock;; 00021; 00012; 00009; 00003; 00003; 00002; 00000; 00000; 00000; 00050
01400900;J MHC T/36 CINT;corte;; 00002; 00003; 00000; 00000; 00000; 00000; 00000; 00000; 00000; 00005
01400900;J MHC T/36 CINT;sugerido;;-00008; 00005; 00015; 00015; 00027; 00018; 00000; 00000; 00000; 00072
;
01401000;J MHC CINTURA T;Ventas;; 00141; 00251; 00292; 00247; 00169; 00112; 00000; 00000; 00000; 001212
01401000;J MHC CINTURA T;Despacho;; 00125; 00223; 00257; 00225; 00146; 00104; 00000; 00000; 00000; 01080
01401000;J MHC CINTURA T;saldo;; 00016; 00028; 00035; 00022; 00023; 00008; 00000; 00000; 00000; 00132
01401000;J MHC CINTURA T;stock;; 00000; 00008; 00007; 00000; 00001; 00000; 00000; 00000; 00000; 00016
01401000;J MHC CINTURA T;corte;; 00002; 00003; 00000; 00000; 00000; 00000; 00000; 00000; 00000; 00005
01401000;J MHC CINTURA T;sugerido;; 00014; 00017; 00028; 00022; 00022; 00008; 00000; 00000; 00000; 00111
;
01401001;J MHC CINTURA T;Ventas;; 00012; 00015; 00015; 00015; 00010; 00006; 00000; 00000; 00000; 000073
01401001;J MHC CINTURA T;Despacho;; 00000; 00000; 00000; 00000; 00000; 00000; 00000; 00000; 00000; 00000
01401001;J MHC CINTURA T;saldo;; 00012; 00015; 00015; 00015; 00010; 00006; 00000; 00000; 00000; 00073
01401001;J MHC CINTURA T;stock;; 00000; 00000; 00000; 00000; 00000; 00000; 00000; 00000; 00000; 00000
01401001;J MHC CINTURA T;corte;; 00000; 00000; 00000; 00000; 00000; 00000; 00000; 00000; 00000; 00000
01401001;J MHC CINTURA T;sugerido;; 00012; 00015; 00015; 00015; 00010; 00006; 00000; 00000; 00000; 00073
;
01401090;J MHC CINTURA T;Ventas;; 00013; 00015; 00015; 00014; 00006; 00005; 00000; 00000; 00000; 000068
01401090;J MHC CINTURA T;Despacho;; 00013; 00015; 00015; 00014; 00006; 00005; 00000; 00000; 00000; 00068
01401090;J MHC CINTURA T;saldo;; 00000; 00000; 00000; 00000; 00000; 00000; 00000; 00000; 00000; 00000
01401090;J MHC CINTURA T;stock;; 00000; 00000; 00000; 00000; 00000; 00000; 00000; 00000; 00000; 00000
01401090;J MHC CINTURA T;corte;; 00000; 00000; 00000; 00000; 00000; 00000; 00000; 00000; 00000; 00000
01401090;J MHC CINTURA T;sugerido;; 00000; 00000; 00000; 00000; 00000; 00000; 00000; 00000; 00000; 00000
;
01401100;J MHC  CINTURA ;Ventas;; 00127; 00175; 00199; 00168; 00100; 00080; 00000; 00000; 00000; 000849
01401100;J MHC  CINTURA ;Despacho;; 00102; 00145; 00173; 00145; 00086; 00062; 00000; 00000; 00000; 00713
01401100;J MHC  CINTURA ;saldo;; 00025; 00030; 00026; 00023; 00014; 00018; 00000; 00000; 00000; 00136
01401100;J MHC  CINTURA ;stock;; 00008; 00006; 00001; 00003; 00000; 00005; 00000; 00000; 00000; 00023
01401100;J MHC  CINTURA ;corte;; 00002; 00003; 00000; 00000; 00000; 00000; 00000; 00000; 00000; 00005
01401100;J MHC  CINTURA ;sugerido;; 00015; 00021; 00025; 00020; 00014; 00013; 00000; 00000; 00000; 00108
;
01401101;J MHC  CINTURA ;Ventas;; 00072; 00111; 00121; 00108; 00071; 00045; 00000; 00000; 00000; 000528
01401101;J MHC  CINTURA ;Despacho;; 00068; 00104; 00116; 00102; 00067; 00042; 00000; 00000; 00000; 00499
01401101;J MHC  CINTURA ;saldo;; 00004; 00007; 00005; 00006; 00004; 00003; 00000; 00000; 00000; 00029
01401101;J MHC  CINTURA ;stock;; 00000; 00000; 00000; 00001; 00000; 00000; 00000; 00000; 00000; 00001
01401101;J MHC  CINTURA ;corte;; 00000; 00000; 00000; 00000; 00000; 00000; 00000; 00000; 00000; 00000
01401101;J MHC  CINTURA ;sugerido;; 00004; 00007; 00005; 00005; 00004; 00003; 00000; 00000; 00000; 00028
;
01401200;J MHC CINTURA F;Ventas;; 00140; 00240; 00273; 00231; 00151; 00099; 00000; 00000; 00000; 001134
01401200;J MHC CINTURA F;Despacho;; 00122; 00230; 00263; 00220; 00123; 00085; 00000; 00000; 00000; 01043
01401200;J MHC CINTURA F;saldo;; 00018; 00010; 00010; 00011; 00028; 00014; 00000; 00000; 00000; 00091
01401200;J MHC CINTURA F;stock;; 00001; 00000; 00000; 00000; 00002; 00001; 00000; 00000; 00000; 00004
01401200;J MHC CINTURA F;corte;; 00000; 00000; 00000; 00000; 00000; 00000; 00000; 00000; 00000; 00000
01401200;J MHC CINTURA F;sugerido;; 00017; 00010; 00010; 00011; 00026; 00013; 00000; 00000; 00000; 00087
;
01401201;J MHC CINTURA F;Ventas;; 00173; 00252; 00258; 00214; 00134; 00090; 00000; 00000; 00000; 001121
01401201;J MHC CINTURA F;Despacho;; 00158; 00227; 00224; 00190; 00103; 00071; 00000; 00000; 00000; 00973
01401201;J MHC CINTURA F;saldo;; 00015; 00025; 00034; 00024; 00031; 00019; 00000; 00000; 00000; 00148
01401201;J MHC CINTURA F;stock;; 00009;-00001; 00000; 00000; 00009; 00000; 00000; 00000; 00000; 00017
01401201;J MHC CINTURA F;corte;; 00000; 00000; 00000; 00000; 00000; 00000; 00000; 00000; 00000; 00000
01401201;J MHC CINTURA F;sugerido;; 00006; 00026; 00034; 00024; 00022; 00019; 00000; 00000; 00000; 00131
;
01401300;J MHC CINTURA P;Ventas;; 00063; 00105; 00117; 00108; 00066; 00039; 00000; 00000; 00000; 000498
01401300;J MHC CINTURA P;Despacho;; 00060; 00101; 00116; 00103; 00064; 00037; 00000; 00000; 00000; 00481
01401300;J MHC CINTURA P;saldo;; 00003; 00004; 00001; 00005; 00002; 00002; 00000; 00000; 00000; 00017
01401300;J MHC CINTURA P;stock;; 00000; 00000;-00001; 00002; 00000;-00001; 00000; 00000; 00000; 00000
01401300;J MHC CINTURA P;corte;; 00000; 00000; 00000; 00000; 00000; 00000; 00000; 00000; 00000; 00000
01401300;J MHC CINTURA P;sugerido;; 00003; 00004; 00002; 00003; 00002; 00003; 00000; 00000; 00000; 00017
;
01401301;J MHC CINTURA P;Ventas;; 00004; 00015; 00023; 00017; 00004; 00009; 00000; 00000; 00000; 000072
01401301;J MHC CINTURA P;Despacho;; 00004; 00015; 00023; 00017; 00004; 00009; 00000; 00000; 00000; 00072
01401301;J MHC CINTURA P;saldo;; 00000; 00000; 00000; 00000; 00000; 00000; 00000; 00000; 00000; 00000
01401301;J MHC CINTURA P;stock;; 00000; 00000; 00000; 00000; 00000; 00000; 00000; 00000; 00000; 00000
01401301;J MHC CINTURA P;corte;; 00000; 00000; 00000; 00000; 00000; 00000; 00000; 00000; 00000; 00000
01401301;J MHC CINTURA P;sugerido;; 00000; 00000; 00000; 00000; 00000; 00000; 00000; 00000; 00000; 00000
;
01401500;J MHC CINTURA T;Ventas;; 00112; 00191; 00209; 00176; 00114; 00076; 00000; 00000; 00000; 000878
01401500;J MHC CINTURA T;Despacho;; 00093; 00161; 00180; 00150; 00094; 00058; 00000; 00000; 00000; 00736
01401500;J MHC CINTURA T;saldo;; 00019; 00030; 00029; 00026; 00020; 00018; 00000; 00000; 00000; 00142
01401500;J MHC CINTURA T;stock;; 00003; 00001;-00001; 00001;-00002; 00003; 00000; 00000; 00000; 00005
01401500;J MHC CINTURA T;corte;; 00003; 00003; 00000; 00000; 00000; 00000; 00000; 00000; 00000; 00006
01401500;J MHC CINTURA T;sugerido;; 00013; 00026; 00030; 00025; 00022; 00015; 00000; 00000; 00000; 00131
;
01401501;J MHC CINTURA T;Ventas;; 00050; 00099; 00117; 00093; 00061; 00036; 00000; 00000; 00000; 000456
01401501;J MHC CINTURA T;Despacho;; 00047; 00094; 00110; 00091; 00055; 00033; 00000; 00000; 00000; 00430
01401501;J MHC CINTURA T;saldo;; 00003; 00005; 00007; 00002; 00006; 00003; 00000; 00000; 00000; 00026
01401501;J MHC CINTURA T;stock;; 00000; 00002; 00002; 00000; 00004; 00002; 00000; 00000; 00000; 00010
01401501;J MHC CINTURA T;corte;; 00000; 00000; 00000; 00000; 00000; 00000; 00000; 00000; 00000; 00000
01401501;J MHC CINTURA T;sugerido;; 00003; 00003; 00005; 00002; 00002; 00001; 00000; 00000; 00000; 00016
;
01401590;J MHC CINTURA T;Ventas;; 00037; 00045; 00048; 00031; 00037; 00025; 00000; 00000; 00000; 000223
01401590;J MHC CINTURA T;Despacho;; 00031; 00037; 00037; 00026; 00021; 00011; 00000; 00000; 00000; 00163
01401590;J MHC CINTURA T;saldo;; 00006; 00008; 00011; 00005; 00016; 00014; 00000; 00000; 00000; 00060
01401590;J MHC CINTURA T;stock;; 00002; 00003; 00002; 00005; 00015; 00013; 00000; 00000; 00000; 00040
01401590;J MHC CINTURA T;corte;; 00000; 00000; 00000; 00000; 00000; 00000; 00000; 00000; 00000; 00000
01401590;J MHC CINTURA T;sugerido;; 00004; 00005; 00009; 00000; 00001; 00001; 00000; 00000; 00000; 00020
;
01401600;J MHC  CINTURA ;Ventas;; 00114; 00185; 00207; 00183; 00122; 00077; 00000; 00000; 00000; 000888
01401600;J MHC  CINTURA ;Despacho;; 00095; 00171; 00197; 00171; 00103; 00072; 00000; 00000; 00000; 00809
01401600;J MHC  CINTURA ;saldo;; 00019; 00014; 00010; 00012; 00019; 00005; 00000; 00000; 00000; 00079
01401600;J MHC  CINTURA ;stock;; 00021; 00007; 00012; 00010; 00002; 00005; 00000; 00000; 00000; 00057
01401600;J MHC  CINTURA ;corte;; 00002; 00003; 00000; 00000; 00000; 00000; 00000; 00000; 00000; 00005
01401600;J MHC  CINTURA ;sugerido;;-00004; 00004;-00002; 00002; 00017; 00000; 00000; 00000; 00000; 00017
;
01401601;J MHC  CINTURA ;Ventas;; 00015; 00017; 00019; 00019; 00014; 00010; 00000; 00000; 00000; 000094
01401601;J MHC  CINTURA ;Despacho;; 00006; 00011; 00010; 00009; 00008; 00004; 00000; 00000; 00000; 00048
01401601;J MHC  CINTURA ;saldo;; 00009; 00006; 00009; 00010; 00006; 00006; 00000; 00000; 00000; 00046
01401601;J MHC  CINTURA ;stock;; 00000; 00000; 00000; 00000; 00000; 00000; 00000; 00000; 00000; 00000
01401601;J MHC  CINTURA ;corte;; 00000; 00000; 00000; 00000; 00000; 00000; 00000; 00000; 00000; 00000
01401601;J MHC  CINTURA ;sugerido;; 00009; 00006; 00009; 00010; 00006; 00006; 00000; 00000; 00000; 00046
;
01401680;J MHC  CINTURA ;Ventas;; 00012; 00012; 00012; 00012; 00008; 00008; 00000; 00000; 00000; 000064
01401680;J MHC  CINTURA ;Despacho;; 00000; 00000; 00000; 00000; 00000; 00000; 00000; 00000; 00000; 00000
01401680;J MHC  CINTURA ;saldo;; 00012; 00012; 00012; 00012; 00008; 00008; 00000; 00000; 00000; 00064
01401680;J MHC  CINTURA ;stock;; 00000; 00000; 00000; 00000; 00000; 00000; 00000; 00000; 00000; 00000
01401680;J MHC  CINTURA ;corte;; 00000; 00000; 00000; 00000; 00000; 00000; 00000; 00000; 00000; 00000
01401680;J MHC  CINTURA ;sugerido;; 00012; 00012; 00012; 00012; 00008; 00008; 00000; 00000; 00000; 00064
;
01401700;J MHC  CINTURA ;Ventas;; 00118; 00182; 00200; 00179; 00145; 00090; 00000; 00000; 00000; 000914
01401700;J MHC  CINTURA ;Despacho;; 00099; 00172; 00192; 00176; 00131; 00082; 00000; 00000; 00000; 00852
01401700;J MHC  CINTURA ;saldo;; 00019; 00010; 00008; 00003; 00014; 00008; 00000; 00000; 00000; 00062
01401700;J MHC  CINTURA ;stock;; 00000; 00002; 00000; 00000; 00006; 00000; 00000; 00000; 00000; 00008
01401700;J MHC  CINTURA ;corte;; 00003; 00010; 00000; 00000; 00000; 00000; 00000; 00000; 00000; 00013
01401700;J MHC  CINTURA ;sugerido;; 00016;-00002; 00008; 00003; 00008; 00008; 00000; 00000; 00000; 00041
;
01401701;J MHC  CINTURA ;Ventas;; 00087; 00130; 00140; 00131; 00092; 00066; 00000; 00000; 00000; 000646
01401701;J MHC  CINTURA ;Despacho;; 00071; 00108; 00123; 00115; 00074; 00058; 00000; 00000; 00000; 00549
01401701;J MHC  CINTURA ;saldo;; 00016; 00022; 00017; 00016; 00018; 00008; 00000; 00000; 00000; 00097
01401701;J MHC  CINTURA ;stock;; 00001; 00000; 00003; 00000; 00000; 00001; 00000; 00000; 00000; 00005
01401701;J MHC  CINTURA ;corte;; 00000; 00000; 00000; 00000; 00000; 00000; 00000; 00000; 00000; 00000
01401701;J MHC  CINTURA ;sugerido;; 00015; 00022; 00014; 00016; 00018; 00007; 00000; 00000; 00000; 00092
;
01401800;J MHC CINTURA P;Ventas;; 00113; 00218; 00255; 00235; 00155; 00101; 00000; 00000; 00000; 001077
01401800;J MHC CINTURA P;Despacho;; 00109; 00203; 00245; 00211; 00142; 00088; 00000; 00000; 00000; 00998
01401800;J MHC CINTURA P;saldo;; 00004; 00015; 00010; 00024; 00013; 00013; 00000; 00000; 00000; 00079
01401800;J MHC CINTURA P;stock;; 00000; 00002; 00006; 00003; 00001; 00000; 00000; 00000; 00000; 00012
01401800;J MHC CINTURA P;corte;; 00004; 00003; 00000; 00000; 00000; 00000; 00000; 00000; 00000; 00007
01401800;J MHC CINTURA P;sugerido;; 00000; 00010; 00004; 00021; 00012; 00013; 00000; 00000; 00000; 00060
;
01401801;J MHC CINTURA P;Ventas;; 00039; 00056; 00059; 00051; 00034; 00021; 00000; 00000; 00000; 000260
01401801;J MHC CINTURA P;Despacho;; 00027; 00041; 00044; 00036; 00024; 00015; 00000; 00000; 00000; 00187
01401801;J MHC CINTURA P;saldo;; 00012; 00015; 00015; 00015; 00010; 00006; 00000; 00000; 00000; 00073
01401801;J MHC CINTURA P;stock;; 00000; 00001; 00000; 00000; 00000; 00000; 00000; 00000; 00000; 00001
01401801;J MHC CINTURA P;corte;; 00000; 00000; 00000; 00000; 00000; 00000; 00000; 00000; 00000; 00000
01401801;J MHC CINTURA P;sugerido;; 00012; 00014; 00015; 00015; 00010; 00006; 00000; 00000; 00000; 00072
;
01401900;J MHC MEDIO PIT;Ventas;; 00072; 00112; 00140; 00129; 00073; 00047; 00000; 00000; 00000; 000573
01401900;J MHC MEDIO PIT;Despacho;; 00058; 00110; 00140; 00119; 00068; 00046; 00000; 00000; 00000; 00541
01401900;J MHC MEDIO PIT;saldo;; 00014; 00002; 00000; 00010; 00005; 00001; 00000; 00000; 00000; 00032
01401900;J MHC MEDIO PIT;stock;; 00007; 00007; 00005; 00004; 00000; 00002; 00000; 00000; 00000; 00025
01401900;J MHC MEDIO PIT;corte;; 00000; 00000; 00000; 00000; 00000; 00000; 00000; 00000; 00000; 00000
01401900;J MHC MEDIO PIT;sugerido;; 00007;-00005;-00005; 00006; 00005;-00001; 00000; 00000; 00000; 00007
;
01402000;J MHC  CINTURA ;Ventas;; 00012; 00014; 00016; 00016; 00012; 00006; 00000; 00000; 00000; 000076
01402000;J MHC  CINTURA ;Despacho;; 00000; 00000; 00000; 00000; 00000; 00000; 00000; 00000; 00000; 00000
01402000;J MHC  CINTURA ;saldo;; 00012; 00014; 00016; 00016; 00012; 00006; 00000; 00000; 00000; 00076
01402000;J MHC  CINTURA ;stock;; 00000; 00002; 00000; 00000; 00000; 00000; 00000; 00000; 00000; 00002
01402000;J MHC  CINTURA ;corte;; 00000; 00000; 00000; 00000; 00000; 00000; 00000; 00000; 00000; 00000
01402000;J MHC  CINTURA ;sugerido;; 00012; 00012; 00016; 00016; 00012; 00006; 00000; 00000; 00000; 00074
;
01402100;J MHC  CINTURA ;Ventas;; 00159; 00279; 00314; 00284; 00186; 00121; 00000; 00000; 00000; 001343
01402100;J MHC  CINTURA ;Despacho;; 00138; 00254; 00287; 00260; 00166; 00108; 00000; 00000; 00000; 01213
01402100;J MHC  CINTURA ;saldo;; 00021; 00025; 00027; 00024; 00020; 00013; 00000; 00000; 00000; 00130
01402100;J MHC  CINTURA ;stock;; 00002; 00005; 00001; 00004; 00002; 00005; 00000; 00000; 00000; 00019
01402100;J MHC  CINTURA ;corte;;-00036;-00006; 00003; 00013; 00018; 00024; 00000; 00000; 00000; 00016
01402100;J MHC  CINTURA ;sugerido;; 00055; 00026; 00023; 00007; 00000;-00016; 00000; 00000; 00000; 00095
;
01402190;J MHC  CINTURA ;Ventas;; 00050; 00068; 00074; 00070; 00043; 00024; 00000; 00000; 00000; 000329
01402190;J MHC  CINTURA ;Despacho;; 00037; 00055; 00059; 00058; 00031; 00018; 00000; 00000; 00000; 00258
01402190;J MHC  CINTURA ;saldo;; 00013; 00013; 00015; 00012; 00012; 00006; 00000; 00000; 00000; 00071
01402190;J MHC  CINTURA ;stock;; 00017; 00014; 00011; 00011; 00008; 00001; 00000; 00000; 00000; 00062
01402190;J MHC  CINTURA ;corte;; 00000; 00000; 00000; 00000; 00000; 00000; 00000; 00000; 00000; 00000
01402190;J MHC  CINTURA ;sugerido;;-00004;-00001; 00004; 00001; 00004; 00005; 00000; 00000; 00000; 00009
;
01402300;J MHC CINTURA  ;Ventas;; 00074; 00119; 00133; 00127; 00085; 00049; 00000; 00000; 00000; 000587
01402300;J MHC CINTURA  ;Despacho;; 00060; 00098; 00111; 00107; 00069; 00043; 00000; 00000; 00000; 00488
01402300;J MHC CINTURA  ;saldo;; 00014; 00021; 00022; 00020; 00016; 00006; 00000; 00000; 00000; 00099
01402300;J MHC CINTURA  ;stock;;-00003;-00010;-00015;-00005;-00003;-00005; 00000; 00000; 00000;-00041
01402300;J MHC CINTURA  ;corte;; 00000; 00000; 00000; 00000; 00000; 00000; 00000; 00000; 00000; 00000
01402300;J MHC CINTURA  ;sugerido;; 00017; 00031; 00037; 00025; 00019; 00011; 00000; 00000; 00000; 00140
;
01402301;J MHC CINTURA  ;Ventas;; 00016; 00035; 00031; 00027; 00018; 00014; 00000; 00000; 00000; 000141
01402301;J MHC CINTURA  ;Despacho;; 00004; 00020; 00016; 00012; 00008; 00008; 00000; 00000; 00000; 00068
01402301;J MHC CINTURA  ;saldo;; 00012; 00015; 00015; 00015; 00010; 00006; 00000; 00000; 00000; 00073
01402301;J MHC CINTURA  ;stock;; 00000; 00000; 00000; 00000; 00000; 00000; 00000; 00000; 00000; 00000
01402301;J MHC CINTURA  ;corte;; 00000; 00000; 00000; 00000; 00000; 00000; 00000; 00000; 00000; 00000
01402301;J MHC CINTURA  ;sugerido;; 00012; 00015; 00015; 00015; 00010; 00006; 00000; 00000; 00000; 00073
;
01402390;J MHC CINTURA  ;Ventas;; 00006; 00009; 00010; 00010; 00009; 00006; 00000; 00000; 00000; 000050
01402390;J MHC CINTURA  ;Despacho;; 00006; 00009; 00009; 00009; 00007; 00006; 00000; 00000; 00000; 00046
01402390;J MHC CINTURA  ;saldo;; 00000; 00000; 00001; 00001; 00002; 00000; 00000; 00000; 00000; 00004
01402390;J MHC CINTURA  ;stock;; 00000; 00002; 00000; 00000; 00000; 00000; 00000; 00000; 00000; 00002
01402390;J MHC CINTURA  ;corte;; 00000; 00000; 00000; 00000; 00000; 00000; 00000; 00000; 00000; 00000
01402390;J MHC CINTURA  ;sugerido;; 00000;-00002; 00001; 00001; 00002; 00000; 00000; 00000; 00000; 00002
;
01402400;J MHC CINTURA P;Ventas;; 00055; 00094; 00100; 00092; 00064; 00047; 00000; 00000; 00000; 000452
01402400;J MHC CINTURA P;Despacho;; 00049; 00085; 00093; 00082; 00055; 00041; 00000; 00000; 00000; 00405
01402400;J MHC CINTURA P;saldo;; 00006; 00009; 00007; 00010; 00009; 00006; 00000; 00000; 00000; 00047
01402400;J MHC CINTURA P;stock;; 00000;-00003;-00004;-00004; 00001; 00000; 00000; 00000; 00000;-00010
01402400;J MHC CINTURA P;corte;; 00003; 00003; 00000; 00000; 00000; 00000; 00000; 00000; 00000; 00006
01402400;J MHC CINTURA P;sugerido;; 00003; 00009; 00011; 00014; 00008; 00006; 00000; 00000; 00000; 00051
;
01402401;J MHC CINTURA P;Ventas;; 00001; 00021; 00017; 00016; 00005; 00000; 00000; 00000; 00000; 000060
01402401;J MHC CINTURA P;Despacho;; 00001; 00021; 00017; 00016; 00005; 00000; 00000; 00000; 00000; 00060
01402401;J MHC CINTURA P;saldo;; 00000; 00000; 00000; 00000; 00000; 00000; 00000; 00000; 00000; 00000
01402401;J MHC CINTURA P;stock;; 00000; 00000; 00000; 00000; 00000; 00000; 00000; 00000; 00000; 00000
01402401;J MHC CINTURA P;corte;; 00000; 00000; 00000; 00000; 00000; 00000; 00000; 00000; 00000; 00000
01402401;J MHC CINTURA P;sugerido;; 00000; 00000; 00000; 00000; 00000; 00000; 00000; 00000; 00000; 00000
;
01402500;J MHC  CINTURA ;Ventas;; 00011; 00016; 00016; 00016; 00010; 00005; 00000; 00000; 00000; 000074
01402500;J MHC  CINTURA ;Despacho;; 00000; 00000; 00000; 00000; 00000; 00000; 00000; 00000; 00000; 00000
01402500;J MHC  CINTURA ;saldo;; 00011; 00016; 00016; 00016; 00010; 00005; 00000; 00000; 00000; 00074
01402500;J MHC  CINTURA ;stock;; 00000; 00000; 00000; 00000; 00000; 00000; 00000; 00000; 00000; 00000
01402500;J MHC  CINTURA ;corte;; 00000; 00000; 00000; 00000; 00000; 00000; 00000; 00000; 00000; 00000
01402500;J MHC  CINTURA ;sugerido;; 00011; 00016; 00016; 00016; 00010; 00005; 00000; 00000; 00000; 00074
;
01402501;J MHC  CINTURA ;Ventas;; 00002; 00003; 00003; 00003; 00002; 00000; 00000; 00000; 00000; 000013
01402501;J MHC  CINTURA ;Despacho;; 00000; 00000; 00000; 00000; 00000; 00000; 00000; 00000; 00000; 00000
01402501;J MHC  CINTURA ;saldo;; 00002; 00003; 00003; 00003; 00002; 00000; 00000; 00000; 00000; 00013
01402501;J MHC  CINTURA ;stock;; 00000; 00000; 00000; 00000; 00000; 00000; 00000; 00000; 00000; 00000
01402501;J MHC  CINTURA ;corte;; 00000; 00000; 00000; 00000; 00000; 00000; 00000; 00000; 00000; 00000
01402501;J MHC  CINTURA ;sugerido;; 00002; 00003; 00003; 00003; 00002; 00000; 00000; 00000; 00000; 00013
;
01402700;J MHC  CINURA F;Ventas;; 00061; 00096; 00098; 00082; 00043; 00034; 00000; 00000; 00000; 000414
01402700;J MHC  CINURA F;Despacho;; 00048; 00085; 00088; 00073; 00039; 00030; 00000; 00000; 00000; 00363
01402700;J MHC  CINURA F;saldo;; 00013; 00011; 00010; 00009; 00004; 00004; 00000; 00000; 00000; 00051
01402700;J MHC  CINURA F;stock;; 00006; 00003; 00002; 00003; 00000; 00000; 00000; 00000; 00000; 00014
01402700;J MHC  CINURA F;corte;; 00000; 00000; 00000; 00000; 00000; 00000; 00000; 00000; 00000; 00000
01402700;J MHC  CINURA F;sugerido;; 00007; 00008; 00008; 00006; 00004; 00004; 00000; 00000; 00000; 00037
;
01402701;J MHC  CINURA F;Ventas;; 00033; 00042; 00044; 00037; 00014; 00012; 00000; 00000; 00000; 000182
01402701;J MHC  CINURA F;Despacho;; 00032; 00041; 00043; 00033; 00015; 00010; 00000; 00000; 00000; 00174
01402701;J MHC  CINURA F;saldo;; 00001; 00001; 00001; 00004;-00001; 00002; 00000; 00000; 00000; 00008
01402701;J MHC  CINURA F;stock;; 00001; 00000; 00000; 00000; 00000; 00000; 00000; 00000; 00000; 00001
01402701;J MHC  CINURA F;corte;; 00000; 00000; 00000; 00000; 00000; 00000; 00000; 00000; 00000; 00000
01402701;J MHC  CINURA F;sugerido;; 00000; 00001; 00001; 00004;-00001; 00002; 00000; 00000; 00000; 00007
;
01402800;J MHC CINTURA W;Ventas;; 00002; 00004; 00004; 00004; 00002; 00002; 00000; 00000; 00000; 000018
01402800;J MHC CINTURA W;Despacho;; 00000; 00000; 00000; 00000; 00000; 00000; 00000; 00000; 00000; 00000
01402800;J MHC CINTURA W;saldo;; 00002; 00004; 00004; 00004; 00002; 00002; 00000; 00000; 00000; 00018
01402800;J MHC CINTURA W;stock;; 00000; 00000; 00000; 00000; 00000; 00000; 00000; 00000; 00000; 00000
01402800;J MHC CINTURA W;corte;; 00000; 00000; 00000; 00000; 00000; 00000; 00000; 00000; 00000; 00000
01402800;J MHC CINTURA W;sugerido;; 00002; 00004; 00004; 00004; 00002; 00002; 00000; 00000; 00000; 00018
;
01402900;J MHC T/36 CINT;Ventas;; 00070; 00105; 00109; 00102; 00060; 00034; 00000; 00000; 00000; 000480
01402900;J MHC T/36 CINT;Despacho;; 00065; 00099; 00103; 00091; 00056; 00034; 00000; 00000; 00000; 00448
01402900;J MHC T/36 CINT;saldo;; 00005; 00006; 00006; 00011; 00004; 00000; 00000; 00000; 00000; 00032
01402900;J MHC T/36 CINT;stock;; 00000; 00001; 00004; 00009; 00000; 00000; 00000; 00000; 00000; 00014
01402900;J MHC T/36 CINT;corte;; 00000; 00000; 00000; 00000; 00000; 00000; 00000; 00000; 00000; 00000
01402900;J MHC T/36 CINT;sugerido;; 00005; 00005; 00002; 00002; 00004; 00000; 00000; 00000; 00000; 00018
;
01402901;J MHC T/36 CINT;Ventas;; 00015; 00022; 00025; 00019; 00014; 00005; 00000; 00000; 00000; 000100
01402901;J MHC T/36 CINT;Despacho;; 00000; 00000; 00000; 00000; 00000; 00000; 00000; 00000; 00000; 00000
01402901;J MHC T/36 CINT;saldo;; 00015; 00022; 00025; 00019; 00014; 00005; 00000; 00000; 00000; 00100
01402901;J MHC T/36 CINT;stock;; 00000; 00000; 00000; 00000; 00000; 00000; 00000; 00000; 00000; 00000
01402901;J MHC T/36 CINT;corte;; 00000; 00000; 00000; 00000; 00000; 00000; 00000; 00000; 00000; 00000
01402901;J MHC T/36 CINT;sugerido;; 00015; 00022; 00025; 00019; 00014; 00005; 00000; 00000; 00000; 00100
;
01402990;J MHC T/36 CINT;Ventas;; 00020; 00020; 00020; 00020; 00009; 00010; 00000; 00000; 00000; 000099
01402990;J MHC T/36 CINT;Despacho;; 00020; 00020; 00020; 00020; 00009; 00010; 00000; 00000; 00000; 00099
01402990;J MHC T/36 CINT;saldo;; 00000; 00000; 00000; 00000; 00000; 00000; 00000; 00000; 00000; 00000
01402990;J MHC T/36 CINT;stock;; 00000; 00000; 00000; 00000; 00000; 00000; 00000; 00000; 00000; 00000
01402990;J MHC T/36 CINT;corte;; 00000; 00000; 00000; 00000; 00000; 00000; 00000; 00000; 00000; 00000
01402990;J MHC T/36 CINT;sugerido;; 00000; 00000; 00000; 00000; 00000; 00000; 00000; 00000; 00000; 00000
;
01403400;J MHC CINTURA P;Ventas;; 00001; 00002; 00002; 00001; 00001; 00000; 00000; 00000; 00000; 000007
01403400;J MHC CINTURA P;Despacho;; 00000; 00000; 00000; 00000; 00000; 00000; 00000; 00000; 00000; 00000
01403400;J MHC CINTURA P;saldo;; 00001; 00002; 00002; 00001; 00001; 00000; 00000; 00000; 00000; 00007
01403400;J MHC CINTURA P;stock;; 00000; 00000; 00000; 00000; 00000; 00000; 00000; 00000; 00000; 00000
01403400;J MHC CINTURA P;corte;; 00003; 00003; 00000; 00000; 00000; 00000; 00000; 00000; 00000; 00006
01403400;J MHC CINTURA P;sugerido;;-00002;-00001; 00002; 00001; 00001; 00000; 00000; 00000; 00000; 00001
;
01403500;J MHC MEDIO PAL;Ventas;; 00010; 00018; 00020; 00017; 00011; 00004; 00000; 00000; 00000; 000080
01403500;J MHC MEDIO PAL;Despacho;; 00000; 00000; 00000; 00000; 00000; 00000; 00000; 00000; 00000; 00000
01403500;J MHC MEDIO PAL;saldo;; 00010; 00018; 00020; 00017; 00011; 00004; 00000; 00000; 00000; 00080
01403500;J MHC MEDIO PAL;stock;;-00001; 00000; 00000; 00000; 00000; 00000; 00000; 00000; 00000;-00001
01403500;J MHC MEDIO PAL;corte;; 00000; 00000; 00000; 00000; 00000; 00000; 00000; 00000; 00000; 00000
01403500;J MHC MEDIO PAL;sugerido;; 00011; 00018; 00020; 00017; 00011; 00004; 00000; 00000; 00000; 00081
;
01403600;J MHC CINTURA P;Ventas;; 00025; 00040; 00043; 00033; 00017; 00010; 00000; 00000; 00000; 000168
01403600;J MHC CINTURA P;Despacho;; 00023; 00038; 00035; 00033; 00017; 00010; 00000; 00000; 00000; 00156
01403600;J MHC CINTURA P;saldo;; 00002; 00002; 00008; 00000; 00000; 00000; 00000; 00000; 00000; 00012
01403600;J MHC CINTURA P;stock;; 00000; 00000; 00000; 00000; 00001; 00000; 00000; 00000; 00000; 00001
01403600;J MHC CINTURA P;corte;; 00000; 00005; 00000; 00000; 00000; 00000; 00000; 00000; 00000; 00005
01403600;J MHC CINTURA P;sugerido;; 00002;-00003; 00008; 00000;-00001; 00000; 00000; 00000; 00000; 00006
;
01403601;J MHC CINTURA P;Ventas;; 00002; 00002; 00002; 00002; 00001; 00001; 00000; 00000; 00000; 000010
01403601;J MHC CINTURA P;Despacho;; 00000; 00000; 00000; 00000; 00000; 00000; 00000; 00000; 00000; 00000
01403601;J MHC CINTURA P;saldo;; 00002; 00002; 00002; 00002; 00001; 00001; 00000; 00000; 00000; 00010
01403601;J MHC CINTURA P;stock;; 00000; 00000; 00000; 00000; 00000; 00000; 00000; 00000; 00000; 00000
01403601;J MHC CINTURA P;corte;; 00000; 00000; 00000; 00000; 00000; 00000; 00000; 00000; 00000; 00000
01403601;J MHC CINTURA P;sugerido;; 00002; 00002; 00002; 00002; 00001; 00001; 00000; 00000; 00000; 00010
;
01403690;J MHC CINTURA P;Ventas;; 00002; 00003; 00003; 00001; 00000; 00000; 00000; 00000; 00000; 000009
01403690;J MHC CINTURA P;Despacho;; 00000; 00000; 00000; 00000; 00000; 00000; 00000; 00000; 00000; 00000
01403690;J MHC CINTURA P;saldo;; 00002; 00003; 00003; 00001; 00000; 00000; 00000; 00000; 00000; 00009
01403690;J MHC CINTURA P;stock;; 00000; 00000; 00000; 00000; 00000; 00000; 00000; 00000; 00000; 00000
01403690;J MHC CINTURA P;corte;; 00000; 00000; 00000; 00000; 00000; 00000; 00000; 00000; 00000; 00000
01403690;J MHC CINTURA P;sugerido;; 00002; 00003; 00003; 00001; 00000; 00000; 00000; 00000; 00000; 00009
;
01404100;J MHC CINTURA F;Ventas;; 00011; 00014; 00014; 00014; 00010; 00007; 00000; 00000; 00000; 000070
01404100;J MHC CINTURA F;Despacho;; 00000; 00000; 00000; 00000; 00000; 00000; 00000; 00000; 00000; 00000
01404100;J MHC CINTURA F;saldo;; 00011; 00014; 00014; 00014; 00010; 00007; 00000; 00000; 00000; 00070
01404100;J MHC CINTURA F;stock;; 00000; 00000; 00000; 00000; 00000; 00000; 00000; 00000; 00000; 00000
01404100;J MHC CINTURA F;corte;; 00000; 00000; 00000; 00000; 00000; 00000; 00000; 00000; 00000; 00000
01404100;J MHC CINTURA F;sugerido;; 00011; 00014; 00014; 00014; 00010; 00007; 00000; 00000; 00000; 00070
;
01404200;J MHC  MEDIO TO;Ventas;; 00079; 00135; 00157; 00148; 00098; 00067; 00000; 00000; 00000; 000684
01404200;J MHC  MEDIO TO;Despacho;; 00066; 00117; 00137; 00128; 00081; 00053; 00000; 00000; 00000; 00582
01404200;J MHC  MEDIO TO;saldo;; 00013; 00018; 00020; 00020; 00017; 00014; 00000; 00000; 00000; 00102
01404200;J MHC  MEDIO TO;stock;; 00004; 00001; 00003; 00001; 00009; 00001; 00000; 00000; 00000; 00019
01404200;J MHC  MEDIO TO;corte;; 00001; 00002; 00001; 00002; 00000; 00000; 00000; 00000; 00000; 00006
01404200;J MHC  MEDIO TO;sugerido;; 00008; 00015; 00016; 00017; 00008; 00013; 00000; 00000; 00000; 00077
;
01404400;J MHC  CINTURA ;Ventas;; 00171; 00299; 00322; 00287; 00197; 00129; 00000; 00000; 00000; 001405
01404400;J MHC  CINTURA ;Despacho;; 00158; 00292; 00318; 00274; 00194; 00124; 00000; 00000; 00000; 01360
01404400;J MHC  CINTURA ;saldo;; 00013; 00007; 00004; 00013; 00003; 00005; 00000; 00000; 00000; 00045
01404400;J MHC  CINTURA ;stock;; 00000;-00001; 00000; 00015; 00009; 00000; 00000; 00000; 00000; 00023
01404400;J MHC  CINTURA ;corte;; 00000; 00000; 00000; 00000; 00000; 00000; 00000; 00000; 00000; 00000
01404400;J MHC  CINTURA ;sugerido;; 00013; 00008; 00004;-00002;-00006; 00005; 00000; 00000; 00000; 00022
;
01404401;J MHC  CINTURA ;Ventas;; 00024; 00030; 00030; 00030; 00020; 00012; 00000; 00000; 00000; 000146
01404401;J MHC  CINTURA ;Despacho;; 00012; 00015; 00014; 00015; 00009; 00006; 00000; 00000; 00000; 00071
01404401;J MHC  CINTURA ;saldo;; 00012; 00015; 00016; 00015; 00011; 00006; 00000; 00000; 00000; 00075
01404401;J MHC  CINTURA ;stock;; 00000; 00000; 00001; 00000; 00001; 00000; 00000; 00000; 00000; 00002
01404401;J MHC  CINTURA ;corte;; 00000; 00000; 00000; 00000; 00000; 00000; 00000; 00000; 00000; 00000
01404401;J MHC  CINTURA ;sugerido;; 00012; 00015; 00015; 00015; 00010; 00006; 00000; 00000; 00000; 00073
;
01404700;J MHC  CINTURA ;Ventas;; 00004; 00007; 00006; 00006; 00004; 00001; 00000; 00000; 00000; 000028
01404700;J MHC  CINTURA ;Despacho;; 00000; 00000; 00000; 00000; 00000; 00000; 00000; 00000; 00000; 00000
01404700;J MHC  CINTURA ;saldo;; 00004; 00007; 00006; 00006; 00004; 00001; 00000; 00000; 00000; 00028
01404700;J MHC  CINTURA ;stock;; 00000; 00000; 00000; 00000; 00000; 00000; 00000; 00000; 00000; 00000
01404700;J MHC  CINTURA ;corte;; 00000; 00000; 00000; 00000; 00000; 00000; 00000; 00000; 00000; 00000
01404700;J MHC  CINTURA ;sugerido;; 00004; 00007; 00006; 00006; 00004; 00001; 00000; 00000; 00000; 00028
;
01405100;J MHC CINTURA P;Ventas;; 00043; 00066; 00083; 00078; 00049; 00034; 00000; 00000; 00000; 000353
01405100;J MHC CINTURA P;Despacho;; 00039; 00060; 00078; 00070; 00042; 00029; 00000; 00000; 00000; 00318
01405100;J MHC CINTURA P;saldo;; 00004; 00006; 00005; 00008; 00007; 00005; 00000; 00000; 00000; 00035
01405100;J MHC CINTURA P;stock;; 00000; 00006;-00003; 00000; 00002; 00000; 00000; 00000; 00000; 00005
01405100;J MHC CINTURA P;corte;; 00002; 00003; 00000; 00000; 00000; 00000; 00000; 00000; 00000; 00005
01405100;J MHC CINTURA P;sugerido;; 00002;-00003; 00008; 00008; 00005; 00005; 00000; 00000; 00000; 00025
;
01405200;J MHC MEDIO FLA;Ventas;; 00077; 00126; 00149; 00130; 00089; 00058; 00000; 00000; 00000; 000629
01405200;J MHC MEDIO FLA;Despacho;; 00071; 00122; 00137; 00122; 00075; 00044; 00000; 00000; 00000; 00571
01405200;J MHC MEDIO FLA;saldo;; 00006; 00004; 00012; 00008; 00014; 00014; 00000; 00000; 00000; 00058
01405200;J MHC MEDIO FLA;stock;; 00000; 00005; 00002; 00001; 00000; 00000; 00000; 00000; 00000; 00008
01405200;J MHC MEDIO FLA;corte;; 00002; 00003; 00000; 00000; 00000; 00000; 00000; 00000; 00000; 00005
01405200;J MHC MEDIO FLA;sugerido;; 00004;-00004; 00010; 00007; 00014; 00014; 00000; 00000; 00000; 00045
;
01405201;J MHC MEDIO FLA;Ventas;; 00002; 00002; 00002; 00002; 00000; 00000; 00000; 00000; 00000; 000008
01405201;J MHC MEDIO FLA;Despacho;; 00000; 00000; 00000; 00000; 00000; 00000; 00000; 00000; 00000; 00000
01405201;J MHC MEDIO FLA;saldo;; 00002; 00002; 00002; 00002; 00000; 00000; 00000; 00000; 00000; 00008
01405201;J MHC MEDIO FLA;stock;; 00000; 00000; 00000; 00000; 00000; 00000; 00000; 00000; 00000; 00000
01405201;J MHC MEDIO FLA;corte;; 00000; 00000; 00000; 00000; 00000; 00000; 00000; 00000; 00000; 00000
01405201;J MHC MEDIO FLA;sugerido;; 00002; 00002; 00002; 00002; 00000; 00000; 00000; 00000; 00000; 00008
;
01405300;J MHC CINTURA R;Ventas;; 00008; 00016; 00017; 00013; 00009; 00003; 00000; 00000; 00000; 000066
01405300;J MHC CINTURA R;Despacho;; 00000; 00000; 00000; 00000; 00000; 00000; 00000; 00000; 00000; 00000
01405300;J MHC CINTURA R;saldo;; 00008; 00016; 00017; 00013; 00009; 00003; 00000; 00000; 00000; 00066
01405300;J MHC CINTURA R;stock;; 00000; 00000; 00000; 00000; 00000; 00000; 00000; 00000; 00000; 00000
01405300;J MHC CINTURA R;corte;; 00000; 00000; 00000; 00000; 00000; 00000; 00000; 00000; 00000; 00000
01405300;J MHC CINTURA R;sugerido;; 00008; 00016; 00017; 00013; 00009; 00003; 00000; 00000; 00000; 00066
;
01405400;J MHC CINTURA  ;Ventas;; 00001; 00002; 00002; 00002; 00002; 00001; 00000; 00000; 00000; 000010
01405400;J MHC CINTURA  ;Despacho;; 00000; 00000; 00000; 00000; 00000; 00000; 00000; 00000; 00000; 00000
01405400;J MHC CINTURA  ;saldo;; 00001; 00002; 00002; 00002; 00002; 00001; 00000; 00000; 00000; 00010
01405400;J MHC CINTURA  ;stock;; 00000; 00000; 00000; 00000; 00000; 00000; 00000; 00000; 00000; 00000
01405400;J MHC CINTURA  ;corte;; 00000; 00000; 00000; 00000; 00000; 00000; 00000; 00000; 00000; 00000
01405400;J MHC CINTURA  ;sugerido;; 00001; 00002; 00002; 00002; 00002; 00001; 00000; 00000; 00000; 00010
;
01405600;J CINTURA PITIL;Ventas;; 00151; 00252; 00289; 00250; 00186; 00114; 00002; 00000; 00000; 001244
01405600;J CINTURA PITIL;Despacho;; 00129; 00233; 00260; 00222; 00163; 00094; 00000; 00000; 00000; 01101
01405600;J CINTURA PITIL;saldo;; 00022; 00019; 00029; 00028; 00023; 00020; 00002; 00000; 00000; 00143
01405600;J CINTURA PITIL;stock;; 00001; 00000; 00001; 00001; 00000; 00000; 00000; 00000; 00000; 00003
01405600;J CINTURA PITIL;corte;; 00001; 00004; 00000; 00000; 00000; 00000; 00000; 00000; 00000; 00005
01405600;J CINTURA PITIL;sugerido;; 00020; 00015; 00028; 00027; 00023; 00020; 00002; 00000; 00000; 00135
;
01405601;J CINTURA PITIL;Ventas;; 00040; 00058; 00067; 00060; 00042; 00034; 00000; 00000; 00000; 000301
01405601;J CINTURA PITIL;Despacho;; 00026; 00038; 00049; 00041; 00026; 00025; 00000; 00000; 00000; 00205
01405601;J CINTURA PITIL;saldo;; 00014; 00020; 00018; 00019; 00016; 00009; 00000; 00000; 00000; 00096
01405601;J CINTURA PITIL;stock;; 00002; 00004; 00005; 00005; 00004; 00001; 00000; 00000; 00000; 00021
01405601;J CINTURA PITIL;corte;; 00000; 00000; 00000; 00000; 00000; 00000; 00000; 00000; 00000; 00000
01405601;J CINTURA PITIL;sugerido;; 00012; 00016; 00013; 00014; 00012; 00008; 00000; 00000; 00000; 00075
;
01405700;J MHC CINTURA F;Ventas;; 00096; 00142; 00158; 00159; 00104; 00058; 00000; 00000; 00000; 000717
01405700;J MHC CINTURA F;Despacho;; 00086; 00130; 00145; 00149; 00078; 00053; 00000; 00000; 00000; 00641
01405700;J MHC CINTURA F;saldo;; 00010; 00012; 00013; 00010; 00026; 00005; 00000; 00000; 00000; 00076
01405700;J MHC CINTURA F;stock;; 00000; 00000; 00001; 00000; 00006; 00000; 00000; 00000; 00000; 00007
01405700;J MHC CINTURA F;corte;; 00001; 00004; 00000; 00000; 00000; 00000; 00000; 00000; 00000; 00005
01405700;J MHC CINTURA F;sugerido;; 00009; 00008; 00012; 00010; 00020; 00005; 00000; 00000; 00000; 00064
;
01405701;J MHC CINTURA F;Ventas;; 00006; 00014; 00014; 00014; 00011; 00008; 00000; 00000; 00000; 000067
01405701;J MHC CINTURA F;Despacho;; 00005; 00010; 00007; 00013; 00010; 00008; 00000; 00000; 00000; 00053
01405701;J MHC CINTURA F;saldo;; 00001; 00004; 00007; 00001; 00001; 00000; 00000; 00000; 00000; 00014
01405701;J MHC CINTURA F;stock;; 00000; 00003; 00006; 00000; 00000; 00000; 00000; 00000; 00000; 00009
01405701;J MHC CINTURA F;corte;; 00000; 00000; 00000; 00000; 00000; 00000; 00000; 00000; 00000; 00000
01405701;J MHC CINTURA F;sugerido;; 00001; 00001; 00001; 00001; 00001; 00000; 00000; 00000; 00000; 00005
;
01405800;J MHC MEDIO REC;Ventas;; 00003; 00008; 00008; 00007; 00003; 00001; 00000; 00000; 00000; 000030
01405800;J MHC MEDIO REC;Despacho;; 00000; 00000; 00000; 00000; 00000; 00000; 00000; 00000; 00000; 00000
01405800;J MHC MEDIO REC;saldo;; 00003; 00008; 00008; 00007; 00003; 00001; 00000; 00000; 00000; 00030
01405800;J MHC MEDIO REC;stock;; 00000; 00000; 00000; 00000; 00000; 00000; 00000; 00000; 00000; 00000
01405800;J MHC MEDIO REC;corte;; 00000; 00000; 00000; 00000; 00000; 00000; 00000; 00000; 00000; 00000
01405800;J MHC MEDIO REC;sugerido;; 00003; 00008; 00008; 00007; 00003; 00001; 00000; 00000; 00000; 00030
;
01405900;J MHC CINTURA R;Ventas;; 00141; 00244; 00287; 00249; 00170; 00123; 00000; 00000; 00000; 001214
01405900;J MHC CINTURA R;Despacho;; 00138; 00236; 00283; 00250; 00154; 00110; 00000; 00000; 00000; 01171
01405900;J MHC CINTURA R;saldo;; 00003; 00008; 00004;-00001; 00016; 00013; 00000; 00000; 00000; 00043
01405900;J MHC CINTURA R;stock;; 00000; 00003;-00003;-00007; 00000; 00000; 00000; 00000; 00000;-00007
01405900;J MHC CINTURA R;corte;; 00001; 00010; 00003; 00002; 00000; 00001; 00000; 00000; 00000; 00017
01405900;J MHC CINTURA R;sugerido;; 00002;-00005; 00004; 00004; 00016; 00012; 00000; 00000; 00000; 00033
;
01405901;J MHC CINTURA R;Ventas;; 00104; 00182; 00217; 00189; 00115; 00087; 00000; 00000; 00000; 000894
01405901;J MHC CINTURA R;Despacho;; 00081; 00137; 00177; 00150; 00090; 00067; 00000; 00000; 00000; 00702
01405901;J MHC CINTURA R;saldo;; 00023; 00045; 00040; 00039; 00025; 00020; 00000; 00000; 00000; 00192
01405901;J MHC CINTURA R;stock;; 00003; 00001; 00000; 00001;-00001; 00000; 00000; 00000; 00000; 00004
01405901;J MHC CINTURA R;corte;; 00000; 00000; 00000; 00000; 00000; 00000; 00000; 00000; 00000; 00000
01405901;J MHC CINTURA R;sugerido;; 00020; 00044; 00040; 00038; 00026; 00020; 00000; 00000; 00000; 00188
;
01406000;J MHC CINTURA P;Ventas;; 00076; 00115; 00120; 00104; 00054; 00031; 00000; 00000; 00000; 000500
01406000;J MHC CINTURA P;Despacho;; 00066; 00098; 00101; 00087; 00045; 00027; 00000; 00000; 00000; 00424
01406000;J MHC CINTURA P;saldo;; 00010; 00017; 00019; 00017; 00009; 00004; 00000; 00000; 00000; 00076
01406000;J MHC CINTURA P;stock;; 00000; 00001;-00003;-00003;-00002; 00001; 00000; 00000; 00000;-00006
01406000;J MHC CINTURA P;corte;;-00001; 00000; 00000; 00000; 00005; 00001; 00000; 00000; 00000; 00005
01406000;J MHC CINTURA P;sugerido;; 00011; 00016; 00022; 00020; 00006; 00002; 00000; 00000; 00000; 00077
;
01406006;J MHC CINTURA P;Ventas;; 00063; 00100; 00104; 00092; 00052; 00029; 00000; 00000; 00000; 000440
01406006;J MHC CINTURA P;Despacho;; 00050; 00077; 00085; 00065; 00036; 00022; 00000; 00000; 00000; 00335
01406006;J MHC CINTURA P;saldo;; 00013; 00023; 00019; 00027; 00016; 00007; 00000; 00000; 00000; 00105
01406006;J MHC CINTURA P;stock;; 00007; 00002; 00000; 00005; 00002; 00006; 00000; 00000; 00000; 00022
01406006;J MHC CINTURA P;corte;; 00000; 00000; 00000; 00000; 00000; 00000; 00000; 00000; 00000; 00000
01406006;J MHC CINTURA P;sugerido;; 00006; 00021; 00019; 00022; 00014; 00001; 00000; 00000; 00000; 00083
;
01406038;J MHC CINTURA P;Ventas;; 00020; 00028; 00031; 00028; 00018; 00011; 00000; 00000; 00000; 000136
01406038;J MHC CINTURA P;Despacho;; 00020; 00028; 00029; 00028; 00017; 00011; 00000; 00000; 00000; 00133
01406038;J MHC CINTURA P;saldo;; 00000; 00000; 00002; 00000; 00001; 00000; 00000; 00000; 00000; 00003
01406038;J MHC CINTURA P;stock;; 00002; 00000; 00006; 00003; 00000; 00000; 00000; 00000; 00000; 00011
01406038;J MHC CINTURA P;corte;; 00000; 00000; 00000; 00000; 00000; 00000; 00000; 00000; 00000; 00000
01406038;J MHC CINTURA P;sugerido;;-00002; 00000;-00004;-00003; 00001; 00000; 00000; 00000; 00000;-00008
;
01406100;J MHC CINTURA P;Ventas;; 00041; 00061; 00065; 00059; 00028; 00019; 00000; 00000; 00000; 000273
01406100;J MHC CINTURA P;Despacho;; 00036; 00052; 00059; 00052; 00024; 00017; 00000; 00000; 00000; 00240
01406100;J MHC CINTURA P;saldo;; 00005; 00009; 00006; 00007; 00004; 00002; 00000; 00000; 00000; 00033
01406100;J MHC CINTURA P;stock;; 00000; 00000;-00002; 00000;-00002; 00003; 00000; 00000; 00000;-00001
01406100;J MHC CINTURA P;corte;; 00000; 00000; 00000; 00000; 00000; 00000; 00000; 00000; 00000; 00000
01406100;J MHC CINTURA P;sugerido;; 00005; 00009; 00008; 00007; 00006;-00001; 00000; 00000; 00000; 00034
;
01406106;J MHC CINTURA P;Ventas;; 00013; 00018; 00019; 00018; 00008; 00006; 00000; 00000; 00000; 000082
01406106;J MHC CINTURA P;Despacho;; 00006; 00012; 00012; 00012; 00006; 00005; 00000; 00000; 00000; 00053
01406106;J MHC CINTURA P;saldo;; 00007; 00006; 00007; 00006; 00002; 00001; 00000; 00000; 00000; 00029
01406106;J MHC CINTURA P;stock;; 00000; 00000; 00000; 00000; 00000; 00000; 00000; 00000; 00000; 00000
01406106;J MHC CINTURA P;corte;; 00000; 00000; 00000; 00000; 00000; 00000; 00000; 00000; 00000; 00000
01406106;J MHC CINTURA P;sugerido;; 00007; 00006; 00007; 00006; 00002; 00001; 00000; 00000; 00000; 00029
;
01406138;J MHC CINTURA P;Ventas;; 00010; 00015; 00030; 00024; 00011; 00065; 00000; 00000; 00000; 000155
01406138;J MHC CINTURA P;Despacho;; 00008; 00012; 00028; 00022; 00008; 00012; 00000; 00000; 00000; 00090
01406138;J MHC CINTURA P;saldo;; 00002; 00003; 00002; 00002; 00003; 00053; 00000; 00000; 00000; 00065
01406138;J MHC CINTURA P;stock;; 00000; 00000; 00000; 00000; 00000; 00000; 00000; 00000; 00000; 00000
01406138;J MHC CINTURA P;corte;; 00000; 00000; 00000; 00000; 00000; 00000; 00000; 00000; 00000; 00000
01406138;J MHC CINTURA P;sugerido;; 00002; 00003; 00002; 00002; 00003; 00053; 00000; 00000; 00000; 00065
;
01406200;J MHC CINTURA F;Ventas;; 00065; 00111; 00121; 00113; 00055; 00033; 00000; 00000; 00000; 000498
01406200;J MHC CINTURA F;Despacho;; 00059; 00106; 00118; 00091; 00048; 00029; 00000; 00000; 00000; 00451
01406200;J MHC CINTURA F;saldo;; 00006; 00005; 00003; 00022; 00007; 00004; 00000; 00000; 00000; 00047
01406200;J MHC CINTURA F;stock;; 00000; 00021; 00006; 00015; 00007; 00001; 00000; 00000; 00000; 00050
01406200;J MHC CINTURA F;corte;; 00000; 00000; 00000; 00000; 00000; 00000; 00000; 00000; 00000; 00000
01406200;J MHC CINTURA F;sugerido;; 00006;-00016;-00003; 00007; 00000; 00003; 00000; 00000; 00000;-00003
;
01406206;J MHC CINTURA F;Ventas;; 00024; 00040; 00046; 00037; 00019; 00010; 00000; 00000; 00000; 000176
01406206;J MHC CINTURA F;Despacho;; 00022; 00037; 00041; 00035; 00015; 00009; 00000; 00000; 00000; 00159
01406206;J MHC CINTURA F;saldo;; 00002; 00003; 00005; 00002; 00004; 00001; 00000; 00000; 00000; 00017
01406206;J MHC CINTURA F;stock;; 00000; 00000; 00000; 00000; 00000; 00000; 00000; 00000; 00000; 00000
01406206;J MHC CINTURA F;corte;; 00000; 00000; 00000; 00000; 00000; 00000; 00000; 00000; 00000; 00000
01406206;J MHC CINTURA F;sugerido;; 00002; 00003; 00005; 00002; 00004; 00001; 00000; 00000; 00000; 00017
;
01406238;J MHC CINTURA F;Ventas;; 00015; 00019; 00025; 00021; 00010; 00005; 00000; 00000; 00000; 000095
01406238;J MHC CINTURA F;Despacho;; 00015; 00019; 00025; 00020; 00010; 00005; 00000; 00000; 00000; 00094
01406238;J MHC CINTURA F;saldo;; 00000; 00000; 00000; 00001; 00000; 00000; 00000; 00000; 00000; 00001
01406238;J MHC CINTURA F;stock;; 00000; 00000; 00000; 00001; 00000; 00000; 00000; 00000; 00000; 00001
01406238;J MHC CINTURA F;corte;; 00000; 00000; 00000; 00000; 00000; 00000; 00000; 00000; 00000; 00000
01406238;J MHC CINTURA F;sugerido;; 00000; 00000; 00000; 00000; 00000; 00000; 00000; 00000; 00000; 00000
;
01406260;J MHC CINTURA F;Ventas;; 00000; 00001; 00000; 00001; 00000; 00001; 00000; 00000; 00000; 000003
01406260;J MHC CINTURA F;Despacho;; 00000; 00000; 00000; 00000; 00000; 00000; 00000; 00000; 00000; 00000
01406260;J MHC CINTURA F;saldo;; 00000; 00001; 00000; 00001; 00000; 00001; 00000; 00000; 00000; 00003
01406260;J MHC CINTURA F;stock;; 00000; 00000; 00000; 00000; 00000; 00000; 00000; 00000; 00000; 00000
01406260;J MHC CINTURA F;corte;; 00000; 00000; 00000; 00000; 00000; 00000; 00000; 00000; 00000; 00000
01406260;J MHC CINTURA F;sugerido;; 00000; 00001; 00000; 00001; 00000; 00001; 00000; 00000; 00000; 00003
;
01406300;J MHC CINTURA P;Ventas;; 00014; 00022; 00023; 00023; 00013; 00006; 00000; 00000; 00000; 000101
01406300;J MHC CINTURA P;Despacho;; 00008; 00011; 00010; 00007; 00005; 00001; 00000; 00000; 00000; 00042
01406300;J MHC CINTURA P;saldo;; 00006; 00011; 00013; 00016; 00008; 00005; 00000; 00000; 00000; 00059
01406300;J MHC CINTURA P;stock;; 00006; 00010; 00013; 00016; 00009; 00005; 00000; 00000; 00000; 00059
01406300;J MHC CINTURA P;corte;; 00000; 00000; 00000; 00000; 00000; 00000; 00000; 00000; 00000; 00000
01406300;J MHC CINTURA P;sugerido;; 00000; 00001; 00000; 00000;-00001; 00000; 00000; 00000; 00000; 00000
;
01406400;J MHC CINTURA R;Ventas;; 00030; 00070; 00071; 00062; 00045; 00035; 00000; 00000; 00000; 000313
01406400;J MHC CINTURA R;Despacho;; 00034; 00060; 00067; 00051; 00028; 00018; 00000; 00000; 00000; 00258
01406400;J MHC CINTURA R;saldo;;-00004; 00010; 00004; 00011; 00017; 00017; 00000; 00000; 00000; 00055
01406400;J MHC CINTURA R;stock;; 00000; 00004; 00000; 00001; 00000; 00000; 00000; 00000; 00000; 00005
01406400;J MHC CINTURA R;corte;; 00039; 00000; 00015; 00000; 00000; 00000; 00000; 00000; 00000; 00054
01406400;J MHC CINTURA R;sugerido;;-00043; 00006;-00011; 00010; 00017; 00017; 00000; 00000; 00000;-00004
;
01406401;J MHC CINTURA R;Ventas;; 00015; 00020; 00025; 00022; 00014; 00009; 00000; 00000; 00000; 000105
01406401;J MHC CINTURA R;Despacho;; 00012; 00019; 00022; 00019; 00013; 00008; 00000; 00000; 00000; 00093
01406401;J MHC CINTURA R;saldo;; 00003; 00001; 00003; 00003; 00001; 00001; 00000; 00000; 00000; 00012
01406401;J MHC CINTURA R;stock;; 00000; 00000; 00000; 00000; 00000; 00000; 00000; 00000; 00000; 00000
01406401;J MHC CINTURA R;corte;; 00000; 00000; 00000; 00000; 00000; 00000; 00000; 00000; 00000; 00000
01406401;J MHC CINTURA R;sugerido;; 00003; 00001; 00003; 00003; 00001; 00001; 00000; 00000; 00000; 00012
;
01406500;J MHC CINTURA F;Ventas;; 00008; 00014; 00016; 00015; 00009; 00002; 00000; 00000; 00000; 000064
01406500;J MHC CINTURA F;Despacho;; 00008; 00014; 00016; 00015; 00009; 00002; 00000; 00000; 00000; 00064
01406500;J MHC CINTURA F;saldo;; 00000; 00000; 00000; 00000; 00000; 00000; 00000; 00000; 00000; 00000
01406500;J MHC CINTURA F;stock;; 00000; 00000; 00000; 00000; 00000; 00000; 00000; 00000; 00000; 00000
01406500;J MHC CINTURA F;corte;; 00000; 00000; 00000; 00000; 00000; 00000; 00000; 00000; 00000; 00000
01406500;J MHC CINTURA F;sugerido;; 00000; 00000; 00000; 00000; 00000; 00000; 00000; 00000; 00000; 00000
;
01406506;J MHC CINTURA F;Ventas;; 00019; 00027; 00027; 00020; 00011; 00004; 00000; 00000; 00000; 000108
01406506;J MHC CINTURA F;Despacho;; 00017; 00025; 00025; 00019; 00010; 00004; 00000; 00000; 00000; 00100
01406506;J MHC CINTURA F;saldo;; 00002; 00002; 00002; 00001; 00001; 00000; 00000; 00000; 00000; 00008
01406506;J MHC CINTURA F;stock;; 00000; 00000; 00000; 00000; 00000; 00000; 00000; 00000; 00000; 00000
01406506;J MHC CINTURA F;corte;; 00000; 00000; 00000; 00000; 00000; 00000; 00000; 00000; 00000; 00000
01406506;J MHC CINTURA F;sugerido;; 00002; 00002; 00002; 00001; 00001; 00000; 00000; 00000; 00000; 00008
;
01406538;J MHC CINTURA F;Ventas;; 00014; 00021; 00021; 00018; 00010; 00007; 00000; 00000; 00000; 000091
01406538;J MHC CINTURA F;Despacho;; 00010; 00015; 00014; 00011; 00006; 00004; 00000; 00000; 00000; 00060
01406538;J MHC CINTURA F;saldo;; 00004; 00006; 00007; 00007; 00004; 00003; 00000; 00000; 00000; 00031
01406538;J MHC CINTURA F;stock;; 00000; 00000; 00000; 00000; 00000; 00000; 00000; 00000; 00000; 00000
01406538;J MHC CINTURA F;corte;; 00000; 00000; 00000; 00000; 00000; 00000; 00000; 00000; 00000; 00000
01406538;J MHC CINTURA F;sugerido;; 00004; 00006; 00007; 00007; 00004; 00003; 00000; 00000; 00000; 00031
;
01406560;J MHC CINTURA F;Ventas;; 00017; 00022; 00026; 00021; 00011; 00007; 00000; 00000; 00000; 000104
01406560;J MHC CINTURA F;Despacho;; 00015; 00019; 00023; 00017; 00009; 00006; 00000; 00000; 00000; 00089
01406560;J MHC CINTURA F;saldo;; 00002; 00003; 00003; 00004; 00002; 00001; 00000; 00000; 00000; 00015
01406560;J MHC CINTURA F;stock;; 00000; 00000; 00000; 00001; 00000; 00000; 00000; 00000; 00000; 00001
01406560;J MHC CINTURA F;corte;; 00000; 00000; 00000; 00000; 00000; 00000; 00000; 00000; 00000; 00000
01406560;J MHC CINTURA F;sugerido;; 00002; 00003; 00003; 00003; 00002; 00001; 00000; 00000; 00000; 00014
;
01406600;J MHC CINTURA F;Ventas;; 00050; 00080; 00084; 00075; 00040; 00025; 00000; 00000; 00000; 000354
01406600;J MHC CINTURA F;Despacho;; 00032; 00054; 00054; 00051; 00022; 00015; 00000; 00000; 00000; 00228
01406600;J MHC CINTURA F;saldo;; 00018; 00026; 00030; 00024; 00018; 00010; 00000; 00000; 00000; 00126
01406600;J MHC CINTURA F;stock;; 00020; 00020; 00014; 00004; 00002; 00001; 00000; 00000; 00000; 00061
01406600;J MHC CINTURA F;corte;; 00000; 00000; 00000; 00000; 00000; 00000; 00000; 00000; 00000; 00000
01406600;J MHC CINTURA F;sugerido;;-00002; 00006; 00016; 00020; 00016; 00009; 00000; 00000; 00000; 00065
;
01406601;J MHC CINTURA F;Ventas;; 00008; 00011; 00011; 00008; 00005; 00003; 00000; 00000; 00000; 000046
01406601;J MHC CINTURA F;Despacho;; 00000; 00000; 00000; 00000; 00000; 00000; 00000; 00000; 00000; 00000
01406601;J MHC CINTURA F;saldo;; 00008; 00011; 00011; 00008; 00005; 00003; 00000; 00000; 00000; 00046
01406601;J MHC CINTURA F;stock;; 00000; 00000; 00000; 00000; 00000; 00000; 00000; 00000; 00000; 00000
01406601;J MHC CINTURA F;corte;; 00000; 00000; 00000; 00000; 00000; 00000; 00000; 00000; 00000; 00000
01406601;J MHC CINTURA F;sugerido;; 00008; 00011; 00011; 00008; 00005; 00003; 00000; 00000; 00000; 00046
;
01406660;J MHC CINTURA F;Ventas;; 00057; 00102; 00109; 00092; 00051; 00038; 00000; 00000; 00000; 000449
01406660;J MHC CINTURA F;Despacho;; 00045; 00088; 00094; 00076; 00039; 00027; 00000; 00000; 00000; 00369
01406660;J MHC CINTURA F;saldo;; 00012; 00014; 00015; 00016; 00012; 00011; 00000; 00000; 00000; 00080
01406660;J MHC CINTURA F;stock;; 00000; 00000; 00000; 00000; 00001; 00000; 00000; 00000; 00000; 00001
01406660;J MHC CINTURA F;corte;; 00000; 00000; 00000; 00000; 00000; 00000; 00000; 00000; 00000; 00000
01406660;J MHC CINTURA F;sugerido;; 00012; 00014; 00015; 00016; 00011; 00011; 00000; 00000; 00000; 00079
;
01406700;J MHC MEDIO TOB;Ventas;; 00009; 00012; 00016; 00015; 00010; 00007; 00000; 00000; 00000; 000069
01406700;J MHC MEDIO TOB;Despacho;; 00000; 00000; 00000; 00000; 00000; 00000; 00000; 00000; 00000; 00000
01406700;J MHC MEDIO TOB;saldo;; 00009; 00012; 00016; 00015; 00010; 00007; 00000; 00000; 00000; 00069
01406700;J MHC MEDIO TOB;stock;; 00000; 00000; 00000; 00000; 00000; 00000; 00000; 00000; 00000; 00000
01406700;J MHC MEDIO TOB;corte;; 00000; 00000; 00000; 00000; 00000; 00000; 00000; 00000; 00000; 00000
01406700;J MHC MEDIO TOB;sugerido;; 00009; 00012; 00016; 00015; 00010; 00007; 00000; 00000; 00000; 00069
;
01406760;J MHC MEDIO TOB;Ventas;; 00068; 00099; 00103; 00090; 00058; 00035; 00000; 00000; 00000; 000453
01406760;J MHC MEDIO TOB;Despacho;; 00070; 00093; 00105; 00096; 00057; 00023; 00000; 00000; 00000; 00444
01406760;J MHC MEDIO TOB;saldo;;-00002; 00006;-00002;-00006; 00001; 00012; 00000; 00000; 00000; 00009
01406760;J MHC MEDIO TOB;stock;; 00000; 00000; 00000; 00000; 00000; 00000; 00000; 00000; 00000; 00000
01406760;J MHC MEDIO TOB;corte;; 00000; 00000; 00000; 00000; 00000; 00000; 00000; 00000; 00000; 00000
01406760;J MHC MEDIO TOB;sugerido;;-00002; 00006;-00002;-00006; 00001; 00012; 00000; 00000; 00000; 00009
;
01407000;J MHC CINTURA P;Ventas;; 00015; 00021; 00020; 00020; 00013; 00009; 00000; 00000; 00000; 000098
01407000;J MHC CINTURA P;Despacho;; 00012; 00018; 00014; 00014; 00011; 00008; 00000; 00000; 00000; 00077
01407000;J MHC CINTURA P;saldo;; 00003; 00003; 00006; 00006; 00002; 00001; 00000; 00000; 00000; 00021
01407000;J MHC CINTURA P;stock;; 00001;-00002; 00001;-00021; 00000; 00001; 00000; 00000; 00000;-00020
01407000;J MHC CINTURA P;corte;; 00000; 00000; 00000; 00000; 00000; 00000; 00000; 00000; 00000; 00000
01407000;J MHC CINTURA P;sugerido;; 00002; 00005; 00005; 00027; 00002; 00000; 00000; 00000; 00000; 00041
;
01407006;J MHC CINTURA P;Ventas;; 00009; 00013; 00016; 00014; 00009; 00008; 00000; 00000; 00000; 000069
01407006;J MHC CINTURA P;Despacho;; 00009; 00013; 00015; 00013; 00009; 00008; 00000; 00000; 00000; 00067
01407006;J MHC CINTURA P;saldo;; 00000; 00000; 00001; 00001; 00000; 00000; 00000; 00000; 00000; 00002
01407006;J MHC CINTURA P;stock;; 00000; 00000; 00001; 00001; 00000; 00000; 00000; 00000; 00000; 00002
01407006;J MHC CINTURA P;corte;; 00000; 00000; 00000; 00000; 00000; 00000; 00000; 00000; 00000; 00000
01407006;J MHC CINTURA P;sugerido;; 00000; 00000; 00000; 00000; 00000; 00000; 00000; 00000; 00000; 00000
;
01407038;J MHC CINTURA P;Ventas;; 00034; 00059; 00065; 00050; 00025; 00014; 00000; 00000; 00000; 000247
01407038;J MHC CINTURA P;Despacho;; 00032; 00054; 00061; 00047; 00017; 00010; 00000; 00000; 00000; 00221
01407038;J MHC CINTURA P;saldo;; 00002; 00005; 00004; 00003; 00008; 00004; 00000; 00000; 00000; 00026
01407038;J MHC CINTURA P;stock;; 00000; 00002; 00000; 00000; 00000; 00000; 00000; 00000; 00000; 00002
01407038;J MHC CINTURA P;corte;; 00000; 00000; 00000; 00000; 00000; 00000; 00000; 00000; 00000; 00000
01407038;J MHC CINTURA P;sugerido;; 00002; 00003; 00004; 00003; 00008; 00004; 00000; 00000; 00000; 00024
;
01407060;J MHC CINTURA P;Ventas;; 00008; 00012; 00006; 00001; 00004; 00004; 00000; 00000; 00000; 000035
01407060;J MHC CINTURA P;Despacho;; 00019; 00020; 00020; 00020; 00010; 00010; 00000; 00000; 00000; 00099
01407060;J MHC CINTURA P;saldo;;-00011;-00008;-00014;-00019;-00006;-00006; 00000; 00000; 00000;-00064
01407060;J MHC CINTURA P;stock;; 00000; 00000; 00000; 00000; 00000; 00000; 00000; 00000; 00000; 00000
01407060;J MHC CINTURA P;corte;; 00000; 00000; 00000; 00000; 00000; 00000; 00000; 00000; 00000; 00000
01407060;J MHC CINTURA P;sugerido;;-00011;-00008;-00014;-00019;-00006;-00006; 00000; 00000; 00000;-00064
;
01407600;J MHC CINTURA R;Ventas;; 00112; 00178; 00216; 00195; 00130; 00098; 00000; 00000; 00000; 000929
01407600;J MHC CINTURA R;Despacho;; 00087; 00175; 00211; 00189; 00124; 00092; 00000; 00000; 00000; 00878
01407600;J MHC CINTURA R;saldo;; 00025; 00003; 00005; 00006; 00006; 00006; 00000; 00000; 00000; 00051
01407600;J MHC CINTURA R;stock;; 00012; 00003; 00000; 00000; 00000; 00000; 00000; 00000; 00000; 00015
01407600;J MHC CINTURA R;corte;; 00000; 00000; 00000; 00000; 00000; 00000; 00000; 00000; 00000; 00000
01407600;J MHC CINTURA R;sugerido;; 00013; 00000; 00005; 00006; 00006; 00006; 00000; 00000; 00000; 00036
;
01408000;J MHC CINTURA P;Ventas;; 00014; 00023; 00024; 00027; 00007; 00003; 00000; 00000; 00000; 000098
01408000;J MHC CINTURA P;Despacho;; 00023; 00033; 00033; 00030; 00007; 00008; 00000; 00000; 00000; 00134
01408000;J MHC CINTURA P;saldo;;-00009;-00010;-00009;-00003; 00000;-00005; 00000; 00000; 00000;-00036
01408000;J MHC CINTURA P;stock;; 00000; 00001; 00001; 00000; 00000; 00000; 00000; 00000; 00000; 00002
01408000;J MHC CINTURA P;corte;; 00000; 00000; 00000; 00000; 00000; 00000; 00000; 00000; 00000; 00000
01408000;J MHC CINTURA P;sugerido;;-00009;-00011;-00010;-00003; 00000;-00005; 00000; 00000; 00000;-00038
;
01410600;J MHC CINTURA P;Ventas;; 00050; 00082; 00084; 00070; 00033; 00025; 00000; 00000; 00000; 000344
01410600;J MHC CINTURA P;Despacho;; 00041; 00068; 00069; 00056; 00026; 00018; 00000; 00000; 00000; 00278
01410600;J MHC CINTURA P;saldo;; 00009; 00014; 00015; 00014; 00007; 00007; 00000; 00000; 00000; 00066
01410600;J MHC CINTURA P;stock;; 00002; 00011; 00004; 00002; 00002; 00000; 00000; 00000; 00000; 00021
01410600;J MHC CINTURA P;corte;; 00000; 00000; 00000; 00000; 00000; 00000; 00000; 00000; 00000; 00000
01410600;J MHC CINTURA P;sugerido;; 00007; 00003; 00011; 00012; 00005; 00007; 00000; 00000; 00000; 00045
;
01410800;J MHC CINTURA P;Ventas;; 00067; 00110; 00125; 00094; 00069; 00045; 00000; 00000; 00000; 000510
01410800;J MHC CINTURA P;Despacho;; 00045; 00075; 00086; 00060; 00051; 00030; 00000; 00000; 00000; 00347
01410800;J MHC CINTURA P;saldo;; 00022; 00035; 00039; 00034; 00018; 00015; 00000; 00000; 00000; 00163
01410800;J MHC CINTURA P;stock;;-00006; 00005;-00013; 00003;-00007; 00002; 00000; 00000; 00000;-00016
01410800;J MHC CINTURA P;corte;; 00000; 00000; 00000; 00000; 00000; 00000; 00000; 00000; 00000; 00000
01410800;J MHC CINTURA P;sugerido;; 00028; 00030; 00052; 00031; 00025; 00013; 00000; 00000; 00000; 00179
;
01410900;J MHC CINTURA P;Ventas;; 00089; 00137; 00146; 00123; 00085; 00056; 00000; 00000; 00000; 000636
01410900;J MHC CINTURA P;Despacho;; 00054; 00103; 00119; 00101; 00069; 00045; 00000; 00000; 00000; 00491
01410900;J MHC CINTURA P;saldo;; 00035; 00034; 00027; 00022; 00016; 00011; 00000; 00000; 00000; 00145
01410900;J MHC CINTURA P;stock;; 00000; 00006; 00000; 00000; 00000; 00002; 00000; 00000; 00000; 00008
01410900;J MHC CINTURA P;corte;; 00000; 00000; 00000; 00000; 00000; 00000; 00000; 00000; 00000; 00000
01410900;J MHC CINTURA P;sugerido;; 00035; 00028; 00027; 00022; 00016; 00009; 00000; 00000; 00000; 00137
;
01410901;J MHC CINTURA P;Ventas;; 00013; 00016; 00015; 00012; 00008; 00007; 00000; 00000; 00000; 000071
01410901;J MHC CINTURA P;Despacho;; 00012; 00015; 00015; 00012; 00008; 00009; 00000; 00000; 00000; 00071
01410901;J MHC CINTURA P;saldo;; 00001; 00001; 00000; 00000; 00000;-00002; 00000; 00000; 00000; 00000
01410901;J MHC CINTURA P;stock;; 00001; 00001; 00000; 00001; 00000; 00000; 00000; 00000; 00000; 00003
01410901;J MHC CINTURA P;corte;; 00000; 00000; 00000; 00000; 00000; 00000; 00000; 00000; 00000; 00000
01410901;J MHC CINTURA P;sugerido;; 00000; 00000; 00000;-00001; 00000;-00002; 00000; 00000; 00000;-00003
;
01411000;J MHC CINTURA F;Ventas;; 00010; 00019; 00020; 00017; 00013; 00007; 00000; 00000; 00000; 000086
01411000;J MHC CINTURA F;Despacho;; 00010; 00015; 00012; 00013; 00011; 00009; 00000; 00000; 00000; 00070
01411000;J MHC CINTURA F;saldo;; 00000; 00004; 00008; 00004; 00002;-00002; 00000; 00000; 00000; 00016
01411000;J MHC CINTURA F;stock;; 00000; 00007; 00002; 00000; 00000; 00000; 00000; 00000; 00000; 00009
01411000;J MHC CINTURA F;corte;; 00000; 00000; 00000; 00000; 00000; 00000; 00000; 00000; 00000; 00000
01411000;J MHC CINTURA F;sugerido;; 00000;-00003; 00006; 00004; 00002;-00002; 00000; 00000; 00000; 00007
;
01411090;J MHC CINTURA F;Ventas;; 00004; 00005; 00005; 00004; 00002; 00001; 00000; 00000; 00000; 000021
01411090;J MHC CINTURA F;Despacho;; 00004; 00005; 00005; 00004; 00002; 00001; 00000; 00000; 00000; 00021
01411090;J MHC CINTURA F;saldo;; 00000; 00000; 00000; 00000; 00000; 00000; 00000; 00000; 00000; 00000
01411090;J MHC CINTURA F;stock;; 00000; 00000; 00000; 00000; 00000; 00000; 00000; 00000; 00000; 00000
01411090;J MHC CINTURA F;corte;; 00000; 00000; 00000; 00000; 00000; 00000; 00000; 00000; 00000; 00000
01411090;J MHC CINTURA F;sugerido;; 00000; 00000; 00000; 00000; 00000; 00000; 00000; 00000; 00000; 00000
;
01411300;J MHC CINTURA F;Ventas;; 00047; 00088; 00100; 00084; 00061; 00034; 00000; 00000; 00000; 000414
01411300;J MHC CINTURA F;Despacho;; 00047; 00076; 00074; 00071; 00042; 00026; 00000; 00000; 00000; 00336
01411300;J MHC CINTURA F;saldo;; 00000; 00012; 00026; 00013; 00019; 00008; 00000; 00000; 00000; 00078
01411300;J MHC CINTURA F;stock;; 00000; 00005; 00014; 00006; 00016; 00008; 00000; 00000; 00000; 00049
01411300;J MHC CINTURA F;corte;; 00000; 00008; 00000; 00000; 00000; 00000; 00000; 00000; 00000; 00008
01411300;J MHC CINTURA F;sugerido;; 00000;-00001; 00012; 00007; 00003; 00000; 00000; 00000; 00000; 00021
;
01411301;J MHC CINTURA F;Ventas;; 00016; 00024; 00028; 00024; 00016; 00009; 00000; 00000; 00000; 000117
01411301;J MHC CINTURA F;Despacho;; 00011; 00014; 00013; 00014; 00009; 00004; 00000; 00000; 00000; 00065
01411301;J MHC CINTURA F;saldo;; 00005; 00010; 00015; 00010; 00007; 00005; 00000; 00000; 00000; 00052
01411301;J MHC CINTURA F;stock;; 00000; 00000; 00001; 00000; 00000; 00000; 00000; 00000; 00000; 00001
01411301;J MHC CINTURA F;corte;; 00000; 00000; 00000; 00000; 00000; 00000; 00000; 00000; 00000; 00000
01411301;J MHC CINTURA F;sugerido;; 00005; 00010; 00014; 00010; 00007; 00005; 00000; 00000; 00000; 00051
;
01411390;J MHC CINTURA F;Ventas;; 00001; 00001; 00001; 00001; 00001; 00001; 00000; 00000; 00000; 000006
01411390;J MHC CINTURA F;Despacho;; 00000; 00000; 00000; 00000; 00000; 00000; 00000; 00000; 00000; 00000
01411390;J MHC CINTURA F;saldo;; 00001; 00001; 00001; 00001; 00001; 00001; 00000; 00000; 00000; 00006
01411390;J MHC CINTURA F;stock;; 00000; 00000; 00000; 00000; 00000; 00000; 00000; 00000; 00000; 00000
01411390;J MHC CINTURA F;corte;; 00000; 00000; 00000; 00000; 00000; 00000; 00000; 00000; 00000; 00000
01411390;J MHC CINTURA F;sugerido;; 00001; 00001; 00001; 00001; 00001; 00001; 00000; 00000; 00000; 00006
;
01411400;J MHC CINTURA P;Ventas;; 00002; 00003; 00002; 00002; 00002; 00001; 00000; 00000; 00000; 000012
01411400;J MHC CINTURA P;Despacho;; 00000; 00000; 00000; 00000; 00000; 00000; 00000; 00000; 00000; 00000
01411400;J MHC CINTURA P;saldo;; 00002; 00003; 00002; 00002; 00002; 00001; 00000; 00000; 00000; 00012
01411400;J MHC CINTURA P;stock;; 00000; 00000; 00000; 00000; 00000; 00000; 00000; 00000; 00000; 00000
01411400;J MHC CINTURA P;corte;; 00000; 00000; 00000; 00000; 00000; 00000; 00000; 00000; 00000; 00000
01411400;J MHC CINTURA P;sugerido;; 00002; 00003; 00002; 00002; 00002; 00001; 00000; 00000; 00000; 00012
;
01411500;J MHC MEDIO OXF;Ventas;; 00004; 00005; 00005; 00004; 00002; 00001; 00000; 00000; 00000; 000021
01411500;J MHC MEDIO OXF;Despacho;; 00000; 00000; 00000; 00000; 00000; 00000; 00000; 00000; 00000; 00000
01411500;J MHC MEDIO OXF;saldo;; 00004; 00005; 00005; 00004; 00002; 00001; 00000; 00000; 00000; 00021
01411500;J MHC MEDIO OXF;stock;; 00000; 00000; 00000; 00000; 00000; 00000; 00000; 00000; 00000; 00000
01411500;J MHC MEDIO OXF;corte;; 00000; 00005; 00000; 00000; 00000; 00000; 00000; 00000; 00000; 00005
01411500;J MHC MEDIO OXF;sugerido;; 00004; 00000; 00005; 00004; 00002; 00001; 00000; 00000; 00000; 00016
;
01411600;J MHC CADERA OX;Ventas;; 00092; 00144; 00150; 00133; 00096; 00055; 00000; 00000; 00000; 000670
01411600;J MHC CADERA OX;Despacho;; 00069; 00119; 00130; 00116; 00083; 00048; 00000; 00000; 00000; 00565
01411600;J MHC CADERA OX;saldo;; 00023; 00025; 00020; 00017; 00013; 00007; 00000; 00000; 00000; 00105
01411600;J MHC CADERA OX;stock;; 00001; 00002; 00003; 00003; 00000; 00001; 00000; 00000; 00000; 00010
01411600;J MHC CADERA OX;corte;; 00000; 00000; 00000; 00000; 00000; 00000; 00000; 00000; 00000; 00000
01411600;J MHC CADERA OX;sugerido;; 00022; 00023; 00017; 00014; 00013; 00006; 00000; 00000; 00000; 00095
;
01412100;J MHC CINTURA T;Ventas;; 00078; 00128; 00135; 00129; 00082; 00060; 00000; 00000; 00000; 000612
01412100;J MHC CINTURA T;Despacho;; 00067; 00119; 00132; 00124; 00074; 00055; 00000; 00000; 00000; 00571
01412100;J MHC CINTURA T;saldo;; 00011; 00009; 00003; 00005; 00008; 00005; 00000; 00000; 00000; 00041
01412100;J MHC CINTURA T;stock;; 00001; 00003; 00000; 00000; 00001; 00002; 00000; 00000; 00000; 00007
01412100;J MHC CINTURA T;corte;; 00000; 00000; 00000; 00000; 00000; 00000; 00000; 00000; 00000; 00000
01412100;J MHC CINTURA T;sugerido;; 00010; 00006; 00003; 00005; 00007; 00003; 00000; 00000; 00000; 00034
;
01412102;J MHC CINTURA T;Ventas;; 00002; 00002; 00003; 00002; 00002; 00001; 00000; 00000; 00000; 000012
01412102;J MHC CINTURA T;Despacho;; 00000; 00000; 00000; 00000; 00000; 00000; 00000; 00000; 00000; 00000
01412102;J MHC CINTURA T;saldo;; 00002; 00002; 00003; 00002; 00002; 00001; 00000; 00000; 00000; 00012
01412102;J MHC CINTURA T;stock;; 00000; 00000; 00000; 00000; 00000; 00000; 00000; 00000; 00000; 00000
01412102;J MHC CINTURA T;corte;; 00000; 00000; 00000; 00000; 00000; 00000; 00000; 00000; 00000; 00000
01412102;J MHC CINTURA T;sugerido;; 00002; 00002; 00003; 00002; 00002; 00001; 00000; 00000; 00000; 00012
;
01412200;J MHC CINTURA F;Ventas;; 00104; 00155; 00176; 00143; 00095; 00062; 00000; 00000; 00000; 000735
01412200;J MHC CINTURA F;Despacho;; 00067; 00123; 00141; 00119; 00077; 00050; 00000; 00000; 00000; 00577
01412200;J MHC CINTURA F;saldo;; 00037; 00032; 00035; 00024; 00018; 00012; 00000; 00000; 00000; 00158
01412200;J MHC CINTURA F;stock;; 00001; 00004; 00000; 00000; 00000; 00000; 00000; 00000; 00000; 00005
01412200;J MHC CINTURA F;corte;; 00000; 00000; 00000; 00000; 00000; 00000; 00000; 00000; 00000; 00000
01412200;J MHC CINTURA F;sugerido;; 00036; 00028; 00035; 00024; 00018; 00012; 00000; 00000; 00000; 00153
;
01412201;J MHC CINTURA F;Ventas;; 00006; 00017; 00015; 00012; 00009; 00009; 00000; 00000; 00000; 000068
01412201;J MHC CINTURA F;Despacho;; 00006; 00021; 00015; 00010; 00010; 00009; 00000; 00000; 00000; 00071
01412201;J MHC CINTURA F;saldo;; 00000;-00004; 00000; 00002;-00001; 00000; 00000; 00000; 00000;-00003
01412201;J MHC CINTURA F;stock;; 00000; 00000; 00000; 00000; 00000; 00000; 00000; 00000; 00000; 00000
01412201;J MHC CINTURA F;corte;; 00000; 00000; 00000; 00000; 00000; 00000; 00000; 00000; 00000; 00000
01412201;J MHC CINTURA F;sugerido;; 00000;-00004; 00000; 00002;-00001; 00000; 00000; 00000; 00000;-00003
;
01412400;J MHC CINTURA O;Ventas;; 00111; 00165; 00173; 00137; 00100; 00062; 00000; 00000; 00000; 000748
01412400;J MHC CINTURA O;Despacho;; 00097; 00143; 00151; 00116; 00082; 00047; 00000; 00000; 00000; 00636
01412400;J MHC CINTURA O;saldo;; 00014; 00022; 00022; 00021; 00018; 00015; 00000; 00000; 00000; 00112
01412400;J MHC CINTURA O;stock;; 00000; 00007; 00002; 00001; 00000; 00001; 00000; 00000; 00000; 00011
01412400;J MHC CINTURA O;corte;; 00000; 00003; 00001; 00001; 00001;-00001; 00000; 00000; 00000; 00005
01412400;J MHC CINTURA O;sugerido;; 00014; 00012; 00019; 00019; 00017; 00015; 00000; 00000; 00000; 00096
;
01412401;J MHC CINTURA O;Ventas;; 00010; 00019; 00020; 00018; 00013; 00008; 00000; 00000; 00000; 000088
01412401;J MHC CINTURA O;Despacho;; 00007; 00019; 00020; 00018; 00012; 00008; 00000; 00000; 00000; 00084
01412401;J MHC CINTURA O;saldo;; 00003; 00000; 00000; 00000; 00001; 00000; 00000; 00000; 00000; 00004
01412401;J MHC CINTURA O;stock;; 00000; 00000; 00000; 00000; 00001; 00000; 00000; 00000; 00000; 00001
01412401;J MHC CINTURA O;corte;; 00000; 00000; 00000; 00000; 00000; 00000; 00000; 00000; 00000; 00000
01412401;J MHC CINTURA O;sugerido;; 00003; 00000; 00000; 00000; 00000; 00000; 00000; 00000; 00000; 00003
;
01412500;J MHC CINTURA P;Ventas;; 00036; 00058; 00075; 00066; 00037; 00023; 00000; 00000; 00000; 000295
01412500;J MHC CINTURA P;Despacho;; 00024; 00028; 00038; 00039; 00022; 00017; 00000; 00000; 00000; 00168
01412500;J MHC CINTURA P;saldo;; 00012; 00030; 00037; 00027; 00015; 00006; 00000; 00000; 00000; 00127
01412500;J MHC CINTURA P;stock;; 00000; 00010; 00002; 00002;-00002; 00001; 00000; 00000; 00000; 00013
01412500;J MHC CINTURA P;corte;; 00000; 00000; 00000; 00000; 00000; 00000; 00000; 00000; 00000; 00000
01412500;J MHC CINTURA P;sugerido;; 00012; 00020; 00035; 00025; 00017; 00005; 00000; 00000; 00000; 00114
;
01412800;J MHC CINTURA P;Ventas;; 00042; 00058; 00059; 00058; 00041; 00033; 00000; 00000; 00000; 000291
01412800;J MHC CINTURA P;Despacho;; 00041; 00058; 00056; 00058; 00040; 00032; 00000; 00000; 00000; 00285
01412800;J MHC CINTURA P;saldo;; 00001; 00000; 00003; 00000; 00001; 00001; 00000; 00000; 00000; 00006
01412800;J MHC CINTURA P;stock;; 00001; 00000; 00001; 00000; 00001; 00001; 00000; 00000; 00000; 00004
01412800;J MHC CINTURA P;corte;; 00000; 00004;-00004; 00003; 00000; 00002; 00000; 00000; 00000; 00005
01412800;J MHC CINTURA P;sugerido;; 00000;-00004; 00006;-00003; 00000;-00002; 00000; 00000; 00000;-00003
;
01413000;JM MHC CINTURA ;Ventas;; 00088; 00141; 00145; 00134; 00084; 00059; 00000; 00000; 00000; 000651
01413000;JM MHC CINTURA ;Despacho;; 00068; 00124; 00128; 00114; 00077; 00047; 00000; 00000; 00000; 00558
01413000;JM MHC CINTURA ;saldo;; 00020; 00017; 00017; 00020; 00007; 00012; 00000; 00000; 00000; 00093
01413000;JM MHC CINTURA ;stock;; 00000; 00003; 00000; 00001; 00000; 00002; 00000; 00000; 00000; 00006
01413000;JM MHC CINTURA ;corte;; 00000; 00000; 00000; 00000; 00000; 00000; 00000; 00000; 00000; 00000
01413000;JM MHC CINTURA ;sugerido;; 00020; 00014; 00017; 00019; 00007; 00010; 00000; 00000; 00000; 00087
;
01413200;J MHC CINTURA T;Ventas;; 00024; 00030; 00030; 00020; 00020; 00016; 00000; 00000; 00000; 000140
01413200;J MHC CINTURA T;Despacho;; 00000; 00000; 00000; 00000; 00000; 00000; 00000; 00000; 00000; 00000
01413200;J MHC CINTURA T;saldo;; 00024; 00030; 00030; 00020; 00020; 00016; 00000; 00000; 00000; 00140
01413200;J MHC CINTURA T;stock;; 00000; 00000; 00000; 00000; 00000; 00000; 00000; 00000; 00000; 00000
01413200;J MHC CINTURA T;corte;; 00000; 00000; 00000; 00000; 00000; 00000; 00000; 00000; 00000; 00000
01413200;J MHC CINTURA T;sugerido;; 00024; 00030; 00030; 00020; 00020; 00016; 00000; 00000; 00000; 00140
;
01413500;J MHC MEDIO TOB;Ventas;; 00046; 00086; 00085; 00074; 00057; 00035; 00000; 00000; 00000; 000383
01413500;J MHC MEDIO TOB;Despacho;; 00033; 00055; 00058; 00053; 00041; 00019; 00000; 00000; 00000; 00259
01413500;J MHC MEDIO TOB;saldo;; 00013; 00031; 00027; 00021; 00016; 00016; 00000; 00000; 00000; 00124
01413500;J MHC MEDIO TOB;stock;; 00001; 00001; 00000; 00000; 00002; 00000; 00000; 00000; 00000; 00004
01413500;J MHC MEDIO TOB;corte;; 00000; 00000; 00000; 00000; 00000; 00000; 00000; 00000; 00000; 00000
01413500;J MHC MEDIO TOB;sugerido;; 00012; 00030; 00027; 00021; 00014; 00016; 00000; 00000; 00000; 00120
;
01413501;J MHC MEDIO TOB;Ventas;; 00026; 00043; 00042; 00037; 00021; 00015; 00000; 00000; 00000; 000184
01413501;J MHC MEDIO TOB;Despacho;; 00026; 00042; 00040; 00035; 00019; 00014; 00000; 00000; 00000; 00176
01413501;J MHC MEDIO TOB;saldo;; 00000; 00001; 00002; 00002; 00002; 00001; 00000; 00000; 00000; 00008
01413501;J MHC MEDIO TOB;stock;; 00000; 00001; 00000; 00000; 00002; 00001; 00000; 00000; 00000; 00004
01413501;J MHC MEDIO TOB;corte;; 00000; 00000; 00000; 00000; 00000; 00000; 00000; 00000; 00000; 00000
01413501;J MHC MEDIO TOB;sugerido;; 00000; 00000; 00002; 00002; 00000; 00000; 00000; 00000; 00000; 00004
;
01413560;J MHC MEDIO TOB;Ventas;; 00008; 00013; 00013; 00012; 00011; 00007; 00000; 00000; 00000; 000064
01413560;J MHC MEDIO TOB;Despacho;; 00008; 00010; 00013; 00011; 00008; 00007; 00000; 00000; 00000; 00057
01413560;J MHC MEDIO TOB;saldo;; 00000; 00003; 00000; 00001; 00003; 00000; 00000; 00000; 00000; 00007
01413560;J MHC MEDIO TOB;stock;; 00000; 00003; 00000; 00001; 00004; 00000; 00000; 00000; 00000; 00008
01413560;J MHC MEDIO TOB;corte;; 00000; 00000; 00000; 00000; 00000; 00000; 00000; 00000; 00000; 00000
01413560;J MHC MEDIO TOB;sugerido;; 00000; 00000; 00000; 00000;-00001; 00000; 00000; 00000; 00000;-00001
;
01413561;J MHC MEDIO TOB;Ventas;; 00004; 00006; 00000; 00000; 00000; 00000; 00000; 00000; 00000; 000010
01413561;J MHC MEDIO TOB;Despacho;; 00004; 00005; 00000; 00000; 00000; 00000; 00000; 00000; 00000; 00009
01413561;J MHC MEDIO TOB;saldo;; 00000; 00001; 00000; 00000; 00000; 00000; 00000; 00000; 00000; 00001
01413561;J MHC MEDIO TOB;stock;; 00000; 00001; 00000; 00000; 00000; 00000; 00000; 00000; 00000; 00001
01413561;J MHC MEDIO TOB;corte;; 00000; 00000; 00000; 00000; 00000; 00000; 00000; 00000; 00000; 00000
01413561;J MHC MEDIO TOB;sugerido;; 00000; 00000; 00000; 00000; 00000; 00000; 00000; 00000; 00000; 00000
;
01413600;J MHC MEDIO TOB;Ventas;; 00054; 00092; 00095; 00080; 00056; 00038; 00000; 00000; 00000; 000415
01413600;J MHC MEDIO TOB;Despacho;; 00049; 00084; 00092; 00078; 00049; 00038; 00000; 00000; 00000; 00390
01413600;J MHC MEDIO TOB;saldo;; 00005; 00008; 00003; 00002; 00007; 00000; 00000; 00000; 00000; 00025
01413600;J MHC MEDIO TOB;stock;; 00001; 00003; 00000; 00001; 00000; 00000; 00000; 00000; 00000; 00005
01413600;J MHC MEDIO TOB;corte;; 00000; 00000; 00000; 00000; 00000; 00000; 00000; 00000; 00000; 00000
01413600;J MHC MEDIO TOB;sugerido;; 00004; 00005; 00003; 00001; 00007; 00000; 00000; 00000; 00000; 00020
;
01413601;J MHC MEDIO TOB;Ventas;; 00006; 00012; 00011; 00010; 00007; 00004; 00000; 00000; 00000; 000050
01413601;J MHC MEDIO TOB;Despacho;; 00005; 00012; 00011; 00010; 00007; 00004; 00000; 00000; 00000; 00049
01413601;J MHC MEDIO TOB;saldo;; 00001; 00000; 00000; 00000; 00000; 00000; 00000; 00000; 00000; 00001
01413601;J MHC MEDIO TOB;stock;; 00001; 00000; 00000; 00000; 00000; 00000; 00000; 00000; 00000; 00001
01413601;J MHC MEDIO TOB;corte;; 00000; 00000; 00000; 00000; 00000; 00000; 00000; 00000; 00000; 00000
01413601;J MHC MEDIO TOB;sugerido;; 00000; 00000; 00000; 00000; 00000; 00000; 00000; 00000; 00000; 00000
;
01413700;J MHC CINTURA P;Ventas;; 00032; 00078; 00087; 00077; 00051; 00038; 00000; 00000; 00000; 000363
01413700;J MHC CINTURA P;Despacho;; 00032; 00072; 00083; 00072; 00048; 00035; 00000; 00000; 00000; 00342
01413700;J MHC CINTURA P;saldo;; 00000; 00006; 00004; 00005; 00003; 00003; 00000; 00000; 00000; 00021
01413700;J MHC CINTURA P;stock;; 00000; 00006; 00000; 00001; 00000; 00001; 00000; 00000; 00000; 00008
01413700;J MHC CINTURA P;corte;; 00000; 00000; 00000; 00000; 00000; 00000; 00000; 00000; 00000; 00000
01413700;J MHC CINTURA P;sugerido;; 00000; 00000; 00004; 00004; 00003; 00002; 00000; 00000; 00000; 00013
;
01414000;J MHC CINTURA P;Ventas;; 00002; 00004; 00004; 00004; 00003; 00002; 00000; 00000; 00000; 000019
01414000;J MHC CINTURA P;Despacho;; 00000; 00000; 00000; 00000; 00000; 00000; 00000; 00000; 00000; 00000
01414000;J MHC CINTURA P;saldo;; 00002; 00004; 00004; 00004; 00003; 00002; 00000; 00000; 00000; 00019
01414000;J MHC CINTURA P;stock;; 00000; 00000; 00000; 00000; 00000; 00000; 00000; 00000; 00000; 00000
01414000;J MHC CINTURA P;corte;; 00000; 00000; 00000; 00000; 00000; 00000; 00000; 00000; 00000; 00000
01414000;J MHC CINTURA P;sugerido;; 00002; 00004; 00004; 00004; 00003; 00002; 00000; 00000; 00000; 00019
;
01414200;J MHC CINTURA P;Ventas;; 00024; 00027; 00028; 00028; 00017; 00015; 00000; 00000; 00000; 000139
01414200;J MHC CINTURA P;Despacho;; 00023; 00024; 00027; 00026; 00016; 00014; 00000; 00000; 00000; 00130
01414200;J MHC CINTURA P;saldo;; 00001; 00003; 00001; 00002; 00001; 00001; 00000; 00000; 00000; 00009
01414200;J MHC CINTURA P;stock;; 00000; 00000; 00000; 00000; 00000; 00000; 00000; 00000; 00000; 00000
01414200;J MHC CINTURA P;corte;; 00000; 00000; 00000; 00000; 00000; 00000; 00000; 00000; 00000; 00000
01414200;J MHC CINTURA P;sugerido;; 00001; 00003; 00001; 00002; 00001; 00001; 00000; 00000; 00000; 00009
;
01414201;J MHC CINTURA P;Ventas;; 00012; 00015; 00015; 00015; 00010; 00008; 00000; 00000; 00000; 000075
01414201;J MHC CINTURA P;Despacho;; 00012; 00015; 00015; 00015; 00010; 00008; 00000; 00000; 00000; 00075
01414201;J MHC CINTURA P;saldo;; 00000; 00000; 00000; 00000; 00000; 00000; 00000; 00000; 00000; 00000
01414201;J MHC CINTURA P;stock;; 00000; 00000; 00000; 00000; 00000; 00000; 00000; 00000; 00000; 00000
01414201;J MHC CINTURA P;corte;; 00000; 00000; 00000; 00000; 00000; 00000; 00000; 00000; 00000; 00000
01414201;J MHC CINTURA P;sugerido;; 00000; 00000; 00000; 00000; 00000; 00000; 00000; 00000; 00000; 00000
;
01414260;J MHC CINTURA P;Ventas;; 00016; 00026; 00029; 00027; 00016; 00008; 00000; 00000; 00000; 000122
01414260;J MHC CINTURA P;Despacho;; 00020; 00032; 00035; 00033; 00018; 00008; 00000; 00000; 00000; 00146
01414260;J MHC CINTURA P;saldo;;-00004;-00006;-00006;-00006;-00002; 00000; 00000; 00000; 00000;-00024
01414260;J MHC CINTURA P;stock;;-00003; 00000;-00005;-00003; 00000; 00000; 00000; 00000; 00000;-00011
01414260;J MHC CINTURA P;corte;; 00000; 00000; 00000; 00000; 00000; 00000; 00000; 00000; 00000; 00000
01414260;J MHC CINTURA P;sugerido;;-00001;-00006;-00001;-00003;-00002; 00000; 00000; 00000; 00000;-00013
;
01414261;J MHC CINTURA P;Ventas;; 00006; 00010; 00010; 00010; 00008; 00004; 00000; 00000; 00000; 000048
01414261;J MHC CINTURA P;Despacho;; 00006; 00010; 00009; 00010; 00008; 00004; 00000; 00000; 00000; 00047
01414261;J MHC CINTURA P;saldo;; 00000; 00000; 00001; 00000; 00000; 00000; 00000; 00000; 00000; 00001
01414261;J MHC CINTURA P;stock;; 00000; 00000; 00000; 00000; 00000; 00000; 00000; 00000; 00000; 00000
01414261;J MHC CINTURA P;corte;; 00000; 00000; 00000; 00000; 00000; 00000; 00000; 00000; 00000; 00000
01414261;J MHC CINTURA P;sugerido;; 00000; 00000; 00001; 00000; 00000; 00000; 00000; 00000; 00000; 00001
;
01414700;J MHC CINTURA P;Ventas;; 00000; 00001; 00003; 00001; 00000; 00000; 00000; 00000; 00000; 000005
01414700;J MHC CINTURA P;Despacho;; 00000; 00000; 00000; 00000; 00000; 00000; 00000; 00000; 00000; 00000
01414700;J MHC CINTURA P;saldo;; 00000; 00001; 00003; 00001; 00000; 00000; 00000; 00000; 00000; 00005
01414700;J MHC CINTURA P;stock;; 00000; 00002; 00000; 00000; 00000; 00000; 00000; 00000; 00000; 00002
01414700;J MHC CINTURA P;corte;; 00000; 00007; 00000; 00000; 00000; 00000; 00000; 00000; 00000; 00007
01414700;J MHC CINTURA P;sugerido;; 00000;-00008; 00003; 00001; 00000; 00000; 00000; 00000; 00000;-00004
;
01414706;J MHC CINTURA P;Ventas;; 00003; 00004; 00004; 00004; 00003; 00003; 00000; 00000; 00000; 000021
01414706;J MHC CINTURA P;Despacho;; 00000; 00000; 00000; 00000; 00000; 00000; 00000; 00000; 00000; 00000
01414706;J MHC CINTURA P;saldo;; 00003; 00004; 00004; 00004; 00003; 00003; 00000; 00000; 00000; 00021
01414706;J MHC CINTURA P;stock;; 00000; 00000; 00000; 00000; 00000; 00000; 00000; 00000; 00000; 00000
01414706;J MHC CINTURA P;corte;; 00000; 00000; 00000; 00000; 00000; 00000; 00000; 00000; 00000; 00000
01414706;J MHC CINTURA P;sugerido;; 00003; 00004; 00004; 00004; 00003; 00003; 00000; 00000; 00000; 00021
;
01414707;J MHC CINTURA P;Ventas;; 00004; 00009; 00012; 00009; 00005; 00003; 00000; 00000; 00000; 000042
01414707;J MHC CINTURA P;Despacho;; 00002; 00004; 00004; 00004; 00002; 00001; 00000; 00000; 00000; 00017
01414707;J MHC CINTURA P;saldo;; 00002; 00005; 00008; 00005; 00003; 00002; 00000; 00000; 00000; 00025
01414707;J MHC CINTURA P;stock;; 00000; 00000; 00000; 00000; 00000; 00000; 00000; 00000; 00000; 00000
01414707;J MHC CINTURA P;corte;; 00000; 00000; 00000; 00000; 00000; 00000; 00000; 00000; 00000; 00000
01414707;J MHC CINTURA P;sugerido;; 00002; 00005; 00008; 00005; 00003; 00002; 00000; 00000; 00000; 00025
;
01414708;J MHC CINTURA P;Ventas;; 00001; 00003; 00006; 00003; 00002; 00001; 00000; 00000; 00000; 000016
01414708;J MHC CINTURA P;Despacho;; 00000; 00003; 00003; 00002; 00001; 00001; 00000; 00000; 00000; 00010
01414708;J MHC CINTURA P;saldo;; 00001; 00000; 00003; 00001; 00001; 00000; 00000; 00000; 00000; 00006
01414708;J MHC CINTURA P;stock;; 00000; 00000; 00000; 00000; 00000; 00000; 00000; 00000; 00000; 00000
01414708;J MHC CINTURA P;corte;; 00000; 00000; 00000; 00000; 00000; 00000; 00000; 00000; 00000; 00000
01414708;J MHC CINTURA P;sugerido;; 00001; 00000; 00003; 00001; 00001; 00000; 00000; 00000; 00000; 00006
;
01414760;J MHC CINTURA P;Ventas;; 00018; 00027; 00027; 00023; 00014; 00009; 00000; 00000; 00000; 000118
01414760;J MHC CINTURA P;Despacho;; 00011; 00015; 00016; 00012; 00008; 00003; 00000; 00000; 00000; 00065
01414760;J MHC CINTURA P;saldo;; 00007; 00012; 00011; 00011; 00006; 00006; 00000; 00000; 00000; 00053
01414760;J MHC CINTURA P;stock;; 00001; 00001; 00001; 00000; 00000; 00000; 00000; 00000; 00000; 00003
01414760;J MHC CINTURA P;corte;; 00000; 00000; 00000; 00000; 00000; 00000; 00000; 00000; 00000; 00000
01414760;J MHC CINTURA P;sugerido;; 00006; 00011; 00010; 00011; 00006; 00006; 00000; 00000; 00000; 00050
;
01414766;J MHC CINTURA P;Ventas;; 00004; 00005; 00005; 00006; 00004; 00004; 00000; 00000; 00000; 000028
01414766;J MHC CINTURA P;Despacho;; 00004; 00004; 00004; 00006; 00004; 00004; 00000; 00000; 00000; 00026
01414766;J MHC CINTURA P;saldo;; 00000; 00001; 00001; 00000; 00000; 00000; 00000; 00000; 00000; 00002
01414766;J MHC CINTURA P;stock;; 00000; 00001; 00001; 00000; 00000; 00000; 00000; 00000; 00000; 00002
01414766;J MHC CINTURA P;corte;; 00000; 00000; 00000; 00000; 00000; 00000; 00000; 00000; 00000; 00000
01414766;J MHC CINTURA P;sugerido;; 00000; 00000; 00000; 00000; 00000; 00000; 00000; 00000; 00000; 00000
;
01414800;J MHC CINTURA T;Ventas;; 00011; 00025; 00027; 00021; 00016; 00007; 00000; 00000; 00000; 000107
01414800;J MHC CINTURA T;Despacho;; 00003; 00012; 00014; 00011; 00008; 00003; 00000; 00000; 00000; 00051
01414800;J MHC CINTURA T;saldo;; 00008; 00013; 00013; 00010; 00008; 00004; 00000; 00000; 00000; 00056
01414800;J MHC CINTURA T;stock;; 00003; 00014;-00001; 00003; 00000;-00001; 00000; 00000; 00000; 00018
01414800;J MHC CINTURA T;corte;; 00020; 00027; 00020; 00020; 00020; 00020; 00000; 00000; 00000; 00127
01414800;J MHC CINTURA T;sugerido;;-00015;-00028;-00006;-00013;-00012;-00015; 00000; 00000; 00000;-00089
;
01414804;J MHC CINTURA T;Ventas;; 00002; 00004; 00004; 00004; 00002; 00001; 00000; 00000; 00000; 000017
01414804;J MHC CINTURA T;Despacho;; 00000; 00000; 00000; 00000; 00000; 00000; 00000; 00000; 00000; 00000
01414804;J MHC CINTURA T;saldo;; 00002; 00004; 00004; 00004; 00002; 00001; 00000; 00000; 00000; 00017
01414804;J MHC CINTURA T;stock;; 00000; 00000; 00000; 00000; 00000; 00000; 00000; 00000; 00000; 00000
01414804;J MHC CINTURA T;corte;; 00000; 00000; 00000; 00000; 00000; 00000; 00000; 00000; 00000; 00000
01414804;J MHC CINTURA T;sugerido;; 00002; 00004; 00004; 00004; 00002; 00001; 00000; 00000; 00000; 00017
;
01414806;J MHC CINTURA T;Ventas;; 00028; 00041; 00041; 00031; 00022; 00009; 00000; 00000; 00000; 000172
01414806;J MHC CINTURA T;Despacho;; 00022; 00031; 00031; 00025; 00018; 00007; 00000; 00000; 00000; 00134
01414806;J MHC CINTURA T;saldo;; 00006; 00010; 00010; 00006; 00004; 00002; 00000; 00000; 00000; 00038
01414806;J MHC CINTURA T;stock;; 00002; 00003; 00004; 00001; 00000; 00000; 00000; 00000; 00000; 00010
01414806;J MHC CINTURA T;corte;; 00000; 00000; 00000; 00000; 00000; 00000; 00000; 00000; 00000; 00000
01414806;J MHC CINTURA T;sugerido;; 00004; 00007; 00006; 00005; 00004; 00002; 00000; 00000; 00000; 00028
;
01414838;J MHC CINTURA T;Ventas;; 00007; 00008; 00008; 00008; 00006; 00001; 00000; 00000; 00000; 000038
01414838;J MHC CINTURA T;Despacho;; 00007; 00008; 00007; 00008; 00006; 00001; 00000; 00000; 00000; 00037
01414838;J MHC CINTURA T;saldo;; 00000; 00000; 00001; 00000; 00000; 00000; 00000; 00000; 00000; 00001
01414838;J MHC CINTURA T;stock;; 00000; 00000; 00000; 00000; 00000; 00000; 00000; 00000; 00000; 00000
01414838;J MHC CINTURA T;corte;; 00000; 00000; 00000; 00000; 00000; 00000; 00000; 00000; 00000; 00000
01414838;J MHC CINTURA T;sugerido;; 00000; 00000; 00001; 00000; 00000; 00000; 00000; 00000; 00000; 00001
;
01414860;J MHC CINTURA T;Ventas;; 00017; 00024; 00023; 00020; 00014; 00006; 00000; 00000; 00000; 000104
01414860;J MHC CINTURA T;Despacho;; 00006; 00005; 00016; 00008; 00006; 00004; 00000; 00000; 00000; 00045
01414860;J MHC CINTURA T;saldo;; 00011; 00019; 00007; 00012; 00008; 00002; 00000; 00000; 00000; 00059
01414860;J MHC CINTURA T;stock;; 00001; 00004; 00000; 00002; 00000; 00000; 00000; 00000; 00000; 00007
01414860;J MHC CINTURA T;corte;; 00000; 00000; 00000; 00000; 00000; 00000; 00000; 00000; 00000; 00000
01414860;J MHC CINTURA T;sugerido;; 00010; 00015; 00007; 00010; 00008; 00002; 00000; 00000; 00000; 00052
;
01414900;J MHC MEDIO TOB;Ventas;; 00032; 00040; 00041; 00038; 00023; 00015; 00000; 00000; 00000; 000189
01414900;J MHC MEDIO TOB;Despacho;; 00022; 00024; 00024; 00022; 00013; 00009; 00000; 00000; 00000; 00114
01414900;J MHC MEDIO TOB;saldo;; 00010; 00016; 00017; 00016; 00010; 00006; 00000; 00000; 00000; 00075
01414900;J MHC MEDIO TOB;stock;; 00000; 00000; 00000; 00000; 00008; 00000; 00000; 00000; 00000; 00008
01414900;J MHC MEDIO TOB;corte;; 00000; 00000; 00000; 00000; 00000; 00000; 00000; 00000; 00000; 00000
01414900;J MHC MEDIO TOB;sugerido;; 00010; 00016; 00017; 00016; 00002; 00006; 00000; 00000; 00000; 00067
;
01414960;J MHC MEDIO TOB;Ventas;; 00024; 00037; 00037; 00034; 00025; 00013; 00000; 00000; 00000; 000170
01414960;J MHC MEDIO TOB;Despacho;; 00005; 00010; 00010; 00010; 00008; 00005; 00000; 00000; 00000; 00048
01414960;J MHC MEDIO TOB;saldo;; 00019; 00027; 00027; 00024; 00017; 00008; 00000; 00000; 00000; 00122
01414960;J MHC MEDIO TOB;stock;; 00002; 00001; 00001; 00001; 00002; 00002; 00000; 00000; 00000; 00009
01414960;J MHC MEDIO TOB;corte;; 00000; 00000; 00000; 00000; 00000; 00000; 00000; 00000; 00000; 00000
01414960;J MHC MEDIO TOB;sugerido;; 00017; 00026; 00026; 00023; 00015; 00006; 00000; 00000; 00000; 00113
;
01415000;J MHC CINTURA F;Ventas;; 00010; 00012; 00012; 00010; 00008; 00004; 00000; 00000; 00000; 000056
01415000;J MHC CINTURA F;Despacho;; 00000; 00000; 00000; 00000; 00000; 00000; 00000; 00000; 00000; 00000
01415000;J MHC CINTURA F;saldo;; 00010; 00012; 00012; 00010; 00008; 00004; 00000; 00000; 00000; 00056
01415000;J MHC CINTURA F;stock;; 00000; 00004; 00000; 00000; 00000; 00000; 00000; 00000; 00000; 00004
01415000;J MHC CINTURA F;corte;; 00000; 00000; 00000; 00000; 00000; 00000; 00000; 00000; 00000; 00000
01415000;J MHC CINTURA F;sugerido;; 00010; 00008; 00012; 00010; 00008; 00004; 00000; 00000; 00000; 00052
;
01415100;J MHC CINTURA P;Ventas;; 00014; 00020; 00019; 00013; 00008; 00004; 00000; 00000; 00000; 000078
01415100;J MHC CINTURA P;Despacho;; 00000; 00000; 00000; 00000; 00000; 00000; 00000; 00000; 00000; 00000
01415100;J MHC CINTURA P;saldo;; 00014; 00020; 00019; 00013; 00008; 00004; 00000; 00000; 00000; 00078
01415100;J MHC CINTURA P;stock;; 00000; 00000; 00000; 00000; 00000; 00000; 00000; 00000; 00000; 00000
01415100;J MHC CINTURA P;corte;; 00000; 00000; 00000; 00000; 00000; 00000; 00000; 00000; 00000; 00000
01415100;J MHC CINTURA P;sugerido;; 00014; 00020; 00019; 00013; 00008; 00004; 00000; 00000; 00000; 00078
;
01415500;J MHC MEDIO REC;Ventas;; 00064; 00104; 00110; 00103; 00067; 00039; 00000; 00000; 00000; 000487
01415500;J MHC MEDIO REC;Despacho;; 00056; 00103; 00112; 00097; 00066; 00038; 00000; 00000; 00000; 00472
01415500;J MHC MEDIO REC;saldo;; 00008; 00001;-00002; 00006; 00001; 00001; 00000; 00000; 00000; 00015
01415500;J MHC MEDIO REC;stock;; 00001; 00005; 00000; 00006; 00000; 00001; 00000; 00000; 00000; 00013
01415500;J MHC MEDIO REC;corte;; 00000; 00000; 00000; 00000; 00000; 00000; 00000; 00000; 00000; 00000
01415500;J MHC MEDIO REC;sugerido;; 00007;-00004;-00002; 00000; 00001; 00000; 00000; 00000; 00000; 00002
;
01415501;J MHC MEDIO REC;Ventas;; 00016; 00030; 00030; 00027; 00020; 00012; 00000; 00000; 00000; 000135
01415501;J MHC MEDIO REC;Despacho;; 00015; 00029; 00029; 00024; 00013; 00009; 00000; 00000; 00000; 00119
01415501;J MHC MEDIO REC;saldo;; 00001; 00001; 00001; 00003; 00007; 00003; 00000; 00000; 00000; 00016
01415501;J MHC MEDIO REC;stock;; 00000; 00000; 00001; 00000; 00002; 00000; 00000; 00000; 00000; 00003
01415501;J MHC MEDIO REC;corte;; 00000; 00000; 00000; 00000; 00000; 00000; 00000; 00000; 00000; 00000
01415501;J MHC MEDIO REC;sugerido;; 00001; 00001; 00000; 00003; 00005; 00003; 00000; 00000; 00000; 00013
;
01415502;J MHC MEDIO REC;Ventas;; 00006; 00011; 00011; 00011; 00008; 00005; 00000; 00000; 00000; 000052
01415502;J MHC MEDIO REC;Despacho;; 00004; 00008; 00010; 00007; 00008; 00005; 00000; 00000; 00000; 00042
01415502;J MHC MEDIO REC;saldo;; 00002; 00003; 00001; 00004; 00000; 00000; 00000; 00000; 00000; 00010
01415502;J MHC MEDIO REC;stock;; 00001; 00003; 00001; 00004; 00000; 00000; 00000; 00000; 00000; 00009
01415502;J MHC MEDIO REC;corte;; 00000; 00000; 00000; 00000; 00000; 00000; 00000; 00000; 00000; 00000
01415502;J MHC MEDIO REC;sugerido;; 00001; 00000; 00000; 00000; 00000; 00000; 00000; 00000; 00000; 00001
;
01415700;J MHC CINTURA P;Ventas;; 00026; 00038; 00046; 00040; 00027; 00021; 00000; 00000; 00000; 000198
01415700;J MHC CINTURA P;Despacho;; 00012; 00019; 00020; 00018; 00016; 00009; 00000; 00000; 00000; 00094
01415700;J MHC CINTURA P;saldo;; 00014; 00019; 00026; 00022; 00011; 00012; 00000; 00000; 00000; 00104
01415700;J MHC CINTURA P;stock;; 00000; 00001; 00000; 00001;-00001; 00000; 00000; 00000; 00000; 00001
01415700;J MHC CINTURA P;corte;; 00000; 00007;-00001;-00003; 00000; 00005; 00000; 00000; 00000; 00008
01415700;J MHC CINTURA P;sugerido;; 00014; 00011; 00027; 00024; 00012; 00007; 00000; 00000; 00000; 00095
;
01415701;J MHC CINTURA P;Ventas;; 00018; 00026; 00027; 00022; 00015; 00009; 00000; 00000; 00000; 000117
01415701;J MHC CINTURA P;Despacho;; 00018; 00026; 00027; 00022; 00015; 00009; 00000; 00000; 00000; 00117
01415701;J MHC CINTURA P;saldo;; 00000; 00000; 00000; 00000; 00000; 00000; 00000; 00000; 00000; 00000
01415701;J MHC CINTURA P;stock;; 00000; 00000; 00000; 00000; 00000; 00000; 00000; 00000; 00000; 00000
01415701;J MHC CINTURA P;corte;; 00000; 00000; 00000; 00000; 00000; 00000; 00000; 00000; 00000; 00000
01415701;J MHC CINTURA P;sugerido;; 00000; 00000; 00000; 00000; 00000; 00000; 00000; 00000; 00000; 00000
;
01415702;J MHC CINTURA P;Ventas;; 00002; 00004; 00004; 00004; 00004; 00002; 00000; 00000; 00000; 000020
01415702;J MHC CINTURA P;Despacho;; 00000; 00000; 00000; 00000; 00000; 00000; 00000; 00000; 00000; 00000
01415702;J MHC CINTURA P;saldo;; 00002; 00004; 00004; 00004; 00004; 00002; 00000; 00000; 00000; 00020
01415702;J MHC CINTURA P;stock;; 00000; 00000; 00000; 00000; 00000; 00000; 00000; 00000; 00000; 00000
01415702;J MHC CINTURA P;corte;; 00000; 00000; 00000; 00000; 00000; 00000; 00000; 00000; 00000; 00000
01415702;J MHC CINTURA P;sugerido;; 00002; 00004; 00004; 00004; 00004; 00002; 00000; 00000; 00000; 00020
;
01415800;J MHC CINTURA R;Ventas;; 00072; 00125; 00138; 00116; 00077; 00038; 00000; 00000; 00000; 000566
01415800;J MHC CINTURA R;Despacho;; 00044; 00067; 00081; 00074; 00046; 00026; 00000; 00000; 00000; 00338
01415800;J MHC CINTURA R;saldo;; 00028; 00058; 00057; 00042; 00031; 00012; 00000; 00000; 00000; 00228
01415800;J MHC CINTURA R;stock;; 00004;-00002; 00006;-00001;-00003; 00011; 00000; 00000; 00000; 00015
01415800;J MHC CINTURA R;corte;; 00000; 00000; 00000; 00000; 00000; 00000; 00000; 00000; 00000; 00000
01415800;J MHC CINTURA R;sugerido;; 00024; 00060; 00051; 00043; 00034; 00001; 00000; 00000; 00000; 00213
;
01415801;J MHC CINTURA R;Ventas;; 00008; 00010; 00010; 00010; 00008; 00006; 00000; 00000; 00000; 000052
01415801;J MHC CINTURA R;Despacho;; 00008; 00010; 00010; 00010; 00008; 00006; 00000; 00000; 00000; 00052
01415801;J MHC CINTURA R;saldo;; 00000; 00000; 00000; 00000; 00000; 00000; 00000; 00000; 00000; 00000
01415801;J MHC CINTURA R;stock;; 00000; 00000; 00000; 00000; 00000; 00000; 00000; 00000; 00000; 00000
01415801;J MHC CINTURA R;corte;; 00000; 00000; 00000; 00000; 00000; 00000; 00000; 00000; 00000; 00000
01415801;J MHC CINTURA R;sugerido;; 00000; 00000; 00000; 00000; 00000; 00000; 00000; 00000; 00000; 00000
;
01415890;J MHC CINTURA R;Ventas;; 00005; 00008; 00007; 00006; 00002; 00002; 00000; 00000; 00000; 000030
01415890;J MHC CINTURA R;Despacho;; 00000; 00000; 00000; 00000; 00000; 00000; 00000; 00000; 00000; 00000
01415890;J MHC CINTURA R;saldo;; 00005; 00008; 00007; 00006; 00002; 00002; 00000; 00000; 00000; 00030
01415890;J MHC CINTURA R;stock;; 00000; 00001; 00000; 00000; 00000; 00000; 00000; 00000; 00000; 00001
01415890;J MHC CINTURA R;corte;; 00000; 00000; 00000; 00000; 00000; 00000; 00000; 00000; 00000; 00000
01415890;J MHC CINTURA R;sugerido;; 00005; 00007; 00007; 00006; 00002; 00002; 00000; 00000; 00000; 00029
;
01416500;J MHC CADERA PI;Ventas;; 00033; 00061; 00062; 00054; 00037; 00023; 00000; 00000; 00000; 000270
01416500;J MHC CADERA PI;Despacho;; 00031; 00059; 00060; 00053; 00036; 00021; 00000; 00000; 00000; 00260
01416500;J MHC CADERA PI;saldo;; 00002; 00002; 00002; 00001; 00001; 00002; 00000; 00000; 00000; 00010
01416500;J MHC CADERA PI;stock;; 00000; 00003; 00000; 00000; 00000; 00001; 00000; 00000; 00000; 00004
01416500;J MHC CADERA PI;corte;; 00000; 00004; 00000; 00001;-00018; 00018; 00000; 00000; 00000; 00005
01416500;J MHC CADERA PI;sugerido;; 00002;-00005; 00002; 00000; 00019;-00017; 00000; 00000; 00000; 00001
;
01416600;J MHC CINTURA P;Ventas;; 00047; 00082; 00087; 00081; 00055; 00034; 00000; 00000; 00000; 000386
01416600;J MHC CINTURA P;Despacho;; 00031; 00065; 00069; 00065; 00042; 00026; 00000; 00000; 00000; 00298
01416600;J MHC CINTURA P;saldo;; 00016; 00017; 00018; 00016; 00013; 00008; 00000; 00000; 00000; 00088
01416600;J MHC CINTURA P;stock;; 00000; 00004; 00002; 00003; 00000; 00000; 00000; 00000; 00000; 00009
01416600;J MHC CINTURA P;corte;; 00032; 00036; 00054; 00046; 00036; 00024; 00000; 00000; 00000; 00228
01416600;J MHC CINTURA P;sugerido;;-00016;-00023;-00038;-00033;-00023;-00016; 00000; 00000; 00000;-00149
;
01416601;J MHC CINTURA P;Ventas;; 00005; 00010; 00011; 00010; 00007; 00005; 00000; 00000; 00000; 000048
01416601;J MHC CINTURA P;Despacho;; 00005; 00009; 00011; 00009; 00007; 00005; 00000; 00000; 00000; 00046
01416601;J MHC CINTURA P;saldo;; 00000; 00001; 00000; 00001; 00000; 00000; 00000; 00000; 00000; 00002
01416601;J MHC CINTURA P;stock;; 00000; 00000; 00000; 00001; 00000; 00000; 00000; 00000; 00000; 00001
01416601;J MHC CINTURA P;corte;; 00000; 00000; 00000; 00000; 00000; 00000; 00000; 00000; 00000; 00000
01416601;J MHC CINTURA P;sugerido;; 00000; 00001; 00000; 00000; 00000; 00000; 00000; 00000; 00000; 00001
;
01416790;J MHC CINTURA F;Ventas;; 00005; 00008; 00007; 00006; 00002; 00002; 00000; 00000; 00000; 000030
01416790;J MHC CINTURA F;Despacho;; 00000; 00000; 00000; 00000; 00000; 00000; 00000; 00000; 00000; 00000
01416790;J MHC CINTURA F;saldo;; 00005; 00008; 00007; 00006; 00002; 00002; 00000; 00000; 00000; 00030
01416790;J MHC CINTURA F;stock;; 00000; 00000; 00000; 00000; 00000; 00000; 00000; 00000; 00000; 00000
01416790;J MHC CINTURA F;corte;; 00000; 00000; 00000; 00000; 00000; 00000; 00000; 00000; 00000; 00000
01416790;J MHC CINTURA F;sugerido;; 00005; 00008; 00007; 00006; 00002; 00002; 00000; 00000; 00000; 00030
;
01416800;J M HC CINTURA ;Ventas;; 00037; 00063; 00069; 00059; 00044; 00029; 00000; 00000; 00000; 000301
01416800;J M HC CINTURA ;Despacho;; 00032; 00059; 00063; 00054; 00040; 00025; 00000; 00000; 00000; 00273
01416800;J M HC CINTURA ;saldo;; 00005; 00004; 00006; 00005; 00004; 00004; 00000; 00000; 00000; 00028
01416800;J M HC CINTURA ;stock;; 00001; 00000; 00001; 00002; 00000; 00000; 00000; 00000; 00000; 00004
01416800;J M HC CINTURA ;corte;; 00000; 00000; 00000; 00000; 00000; 00000; 00000; 00000; 00000; 00000
01416800;J M HC CINTURA ;sugerido;; 00004; 00004; 00005; 00003; 00004; 00004; 00000; 00000; 00000; 00024
;
01416860;J M HC CINTURA ;Ventas;; 00003; 00006; 00006; 00006; 00003; 00002; 00000; 00000; 00000; 000026
01416860;J M HC CINTURA ;Despacho;; 00001; 00002; 00002; 00002; 00001; 00001; 00000; 00000; 00000; 00009
01416860;J M HC CINTURA ;saldo;; 00002; 00004; 00004; 00004; 00002; 00001; 00000; 00000; 00000; 00017
01416860;J M HC CINTURA ;stock;; 00000; 00000; 00000; 00000; 00000; 00000; 00000; 00000; 00000; 00000
01416860;J M HC CINTURA ;corte;; 00000; 00000; 00000; 00000; 00000; 00000; 00000; 00000; 00000; 00000
01416860;J M HC CINTURA ;sugerido;; 00002; 00004; 00004; 00004; 00002; 00001; 00000; 00000; 00000; 00017
;
01416900;J MHC CINTURA F;Ventas;; 00049; 00077; 00080; 00068; 00045; 00032; 00000; 00000; 00000; 000351
01416900;J MHC CINTURA F;Despacho;; 00047; 00071; 00074; 00062; 00039; 00028; 00000; 00000; 00000; 00321
01416900;J MHC CINTURA F;saldo;; 00002; 00006; 00006; 00006; 00006; 00004; 00000; 00000; 00000; 00030
01416900;J MHC CINTURA F;stock;; 00000; 00004; 00000; 00000; 00000; 00000; 00000; 00000; 00000; 00004
01416900;J MHC CINTURA F;corte;; 00000; 00000; 00010; 00000; 00000; 00000; 00000; 00000; 00000; 00010
01416900;J MHC CINTURA F;sugerido;; 00002; 00002;-00004; 00006; 00006; 00004; 00000; 00000; 00000; 00016
;
01416901;J MHC CINTURA F;Ventas;; 00060; 00092; 00098; 00091; 00063; 00038; 00000; 00000; 00000; 000442
01416901;J MHC CINTURA F;Despacho;; 00043; 00066; 00076; 00068; 00046; 00026; 00000; 00000; 00000; 00325
01416901;J MHC CINTURA F;saldo;; 00017; 00026; 00022; 00023; 00017; 00012; 00000; 00000; 00000; 00117
01416901;J MHC CINTURA F;stock;; 00003; 00011; 00002; 00005; 00004; 00004; 00000; 00000; 00000; 00029
01416901;J MHC CINTURA F;corte;; 00000; 00000; 00000; 00000; 00000; 00000; 00000; 00000; 00000; 00000
01416901;J MHC CINTURA F;sugerido;; 00014; 00015; 00020; 00018; 00013; 00008; 00000; 00000; 00000; 00088
;
01416990;J MHC CINTURA F;Ventas;; 00014; 00020; 00018; 00015; 00012; 00008; 00000; 00000; 00000; 000087
01416990;J MHC CINTURA F;Despacho;; 00013; 00019; 00014; 00015; 00011; 00007; 00000; 00000; 00000; 00079
01416990;J MHC CINTURA F;saldo;; 00001; 00001; 00004; 00000; 00001; 00001; 00000; 00000; 00000; 00008
01416990;J MHC CINTURA F;stock;; 00001; 00000; 00000; 00000; 00000; 00000; 00000; 00000; 00000; 00001
01416990;J MHC CINTURA F;corte;; 00000; 00000; 00000; 00000; 00000; 00000; 00000; 00000; 00000; 00000
01416990;J MHC CINTURA F;sugerido;; 00000; 00001; 00004; 00000; 00001; 00001; 00000; 00000; 00000; 00007
;
01417000;J MHC CINTURA P;Ventas;; 00034; 00049; 00051; 00046; 00030; 00019; 00000; 00000; 00000; 000229
01417000;J MHC CINTURA P;Despacho;; 00022; 00043; 00046; 00040; 00026; 00016; 00000; 00000; 00000; 00193
01417000;J MHC CINTURA P;saldo;; 00012; 00006; 00005; 00006; 00004; 00003; 00000; 00000; 00000; 00036
01417000;J MHC CINTURA P;stock;; 00001; 00002; 00001; 00022; 00002; 00002; 00000; 00000; 00000; 00030
01417000;J MHC CINTURA P;corte;; 00003; 00025; 00014; 00009; 00005; 00006; 00000; 00000; 00000; 00062
01417000;J MHC CINTURA P;sugerido;; 00008;-00021;-00010;-00025;-00003;-00005; 00000; 00000; 00000;-00056
;
01417001;J MHC CINTURA P;Ventas;; 00044; 00067; 00074; 00061; 00043; 00028; 00000; 00000; 00000; 000317
01417001;J MHC CINTURA P;Despacho;; 00036; 00057; 00065; 00053; 00036; 00025; 00000; 00000; 00000; 00272
01417001;J MHC CINTURA P;saldo;; 00008; 00010; 00009; 00008; 00007; 00003; 00000; 00000; 00000; 00045
01417001;J MHC CINTURA P;stock;; 00000; 00000; 00000; 00000; 00002; 00000; 00000; 00000; 00000; 00002
01417001;J MHC CINTURA P;corte;; 00000; 00000; 00000; 00000; 00000; 00000; 00000; 00000; 00000; 00000
01417001;J MHC CINTURA P;sugerido;; 00008; 00010; 00009; 00008; 00005; 00003; 00000; 00000; 00000; 00043
;
01417600;J MHC CINTURA R;Ventas;; 00036; 00056; 00056; 00054; 00040; 00025; 00000; 00000; 00000; 000267
01417600;J MHC CINTURA R;Despacho;; 00030; 00046; 00046; 00046; 00034; 00023; 00000; 00000; 00000; 00225
01417600;J MHC CINTURA R;saldo;; 00006; 00010; 00010; 00008; 00006; 00002; 00000; 00000; 00000; 00042
01417600;J MHC CINTURA R;stock;; 00000; 00000; 00000; 00000; 00001; 00000; 00000; 00000; 00000; 00001
01417600;J MHC CINTURA R;corte;; 00000; 00008; 00000; 00000; 00000; 00000; 00000; 00000; 00000; 00008
01417600;J MHC CINTURA R;sugerido;; 00006; 00002; 00010; 00008; 00005; 00002; 00000; 00000; 00000; 00033
;
01417601;J MHC CINTURA R;Ventas;; 00006; 00009; 00009; 00008; 00005; 00003; 00000; 00000; 00000; 000040
01417601;J MHC CINTURA R;Despacho;; 00002; 00003; 00004; 00004; 00002; 00002; 00000; 00000; 00000; 00017
01417601;J MHC CINTURA R;saldo;; 00004; 00006; 00005; 00004; 00003; 00001; 00000; 00000; 00000; 00023
01417601;J MHC CINTURA R;stock;; 00000; 00001; 00000; 00000; 00000; 00000; 00000; 00000; 00000; 00001
01417601;J MHC CINTURA R;corte;; 00000; 00000; 00000; 00000; 00000; 00000; 00000; 00000; 00000; 00000
01417601;J MHC CINTURA R;sugerido;; 00004; 00005; 00005; 00004; 00003; 00001; 00000; 00000; 00000; 00022
;
01417700;J MHC CINTURA F;Ventas;; 00011; 00019; 00019; 00021; 00008; 00008; 00000; 00000; 00000; 000086
01417700;J MHC CINTURA F;Despacho;; 00004; 00006; 00008; 00008; 00006; 00008; 00000; 00000; 00000; 00040
01417700;J MHC CINTURA F;saldo;; 00007; 00013; 00011; 00013; 00002; 00000; 00000; 00000; 00000; 00046
01417700;J MHC CINTURA F;stock;; 00000; 00004; 00000; 00000; 00000; 00000; 00000; 00000; 00000; 00004
01417700;J MHC CINTURA F;corte;; 00006;-00039; 00020; 00021; 00007; 00007; 00000; 00000; 00000; 00022
01417700;J MHC CINTURA F;sugerido;; 00001; 00048;-00009;-00008;-00005;-00007; 00000; 00000; 00000; 00020
;
01417704;J MHC CINTURA F;Ventas;; 00011; 00022; 00022; 00022; 00010; 00009; 00000; 00000; 00000; 000096
01417704;J MHC CINTURA F;Despacho;; 00009; 00014; 00014; 00014; 00006; 00006; 00000; 00000; 00000; 00063
01417704;J MHC CINTURA F;saldo;; 00002; 00008; 00008; 00008; 00004; 00003; 00000; 00000; 00000; 00033
01417704;J MHC CINTURA F;stock;; 00000; 00000; 00000; 00000; 00000; 00000; 00000; 00000; 00000; 00000
01417704;J MHC CINTURA F;corte;; 00000; 00000; 00000; 00000; 00000; 00000; 00000; 00000; 00000; 00000
01417704;J MHC CINTURA F;sugerido;; 00002; 00008; 00008; 00008; 00004; 00003; 00000; 00000; 00000; 00033
;
01417707;J MHC CINTURA F;Ventas;; 00010; 00020; 00020; 00020; 00008; 00007; 00000; 00000; 00000; 000085
01417707;J MHC CINTURA F;Despacho;; 00000; 00000; 00000; 00000; 00000; 00000; 00000; 00000; 00000; 00000
01417707;J MHC CINTURA F;saldo;; 00010; 00020; 00020; 00020; 00008; 00007; 00000; 00000; 00000; 00085
01417707;J MHC CINTURA F;stock;; 00000; 00000; 00000; 00000; 00000; 00000; 00000; 00000; 00000; 00000
01417707;J MHC CINTURA F;corte;; 00000; 00000; 00000; 00000; 00000; 00000; 00000; 00000; 00000; 00000
01417707;J MHC CINTURA F;sugerido;; 00010; 00020; 00020; 00020; 00008; 00007; 00000; 00000; 00000; 00085
;
01417708;J MHC CINTURA F;Ventas;; 00008; 00016; 00016; 00016; 00002; 00002; 00000; 00000; 00000; 000060
01417708;J MHC CINTURA F;Despacho;; 00007; 00010; 00014; 00011; 00001; 00001; 00000; 00000; 00000; 00044
01417708;J MHC CINTURA F;saldo;; 00001; 00006; 00002; 00005; 00001; 00001; 00000; 00000; 00000; 00016
01417708;J MHC CINTURA F;stock;; 00003; 00000; 00000; 00000; 00000; 00001; 00000; 00000; 00000; 00004
01417708;J MHC CINTURA F;corte;; 00000; 00000; 00000; 00000; 00000; 00000; 00000; 00000; 00000; 00000
01417708;J MHC CINTURA F;sugerido;;-00002; 00006; 00002; 00005; 00001; 00000; 00000; 00000; 00000; 00012
;
01417809;J MHC CINTURA R;Ventas;; 00001; 00002; 00002; 00002; 00001; 00001; 00000; 00000; 00000; 000009
01417809;J MHC CINTURA R;Despacho;; 00000; 00000; 00000; 00000; 00000; 00000; 00000; 00000; 00000; 00000
01417809;J MHC CINTURA R;saldo;; 00001; 00002; 00002; 00002; 00001; 00001; 00000; 00000; 00000; 00009
01417809;J MHC CINTURA R;stock;; 00000; 00000; 00000; 00000; 00000; 00000; 00000; 00000; 00000; 00000
01417809;J MHC CINTURA R;corte;; 00000; 00000; 00000; 00000; 00000; 00000; 00000; 00000; 00000; 00000
01417809;J MHC CINTURA R;sugerido;; 00001; 00002; 00002; 00002; 00001; 00001; 00000; 00000; 00000; 00009
;
01418500;J MHC CINTURA F;Ventas;; 00019; 00032; 00032; 00028; 00022; 00010; 00000; 00000; 00000; 000143
01418500;J MHC CINTURA F;Despacho;; 00009; 00018; 00018; 00017; 00012; 00005; 00000; 00000; 00000; 00079
01418500;J MHC CINTURA F;saldo;; 00010; 00014; 00014; 00011; 00010; 00005; 00000; 00000; 00000; 00064
01418500;J MHC CINTURA F;stock;; 00000; 00000; 00000; 00000; 00000; 00000; 00000; 00000; 00000; 00000
01418500;J MHC CINTURA F;corte;; 00000; 00000; 00000; 00000; 00000; 00000; 00000; 00000; 00000; 00000
01418500;J MHC CINTURA F;sugerido;; 00010; 00014; 00014; 00011; 00010; 00005; 00000; 00000; 00000; 00064
;
01418506;J MHC CINTURA F;Ventas;; 00002; 00005; 00006; 00005; 00003; 00002; 00000; 00000; 00000; 000023
01418506;J MHC CINTURA F;Despacho;; 00002; 00005; 00006; 00005; 00003; 00002; 00000; 00000; 00000; 00023
01418506;J MHC CINTURA F;saldo;; 00000; 00000; 00000; 00000; 00000; 00000; 00000; 00000; 00000; 00000
01418506;J MHC CINTURA F;stock;; 00000; 00000; 00000; 00000; 00000; 00000; 00000; 00000; 00000; 00000
01418506;J MHC CINTURA F;corte;; 00000; 00000; 00000; 00000; 00000; 00000; 00000; 00000; 00000; 00000
01418506;J MHC CINTURA F;sugerido;; 00000; 00000; 00000; 00000; 00000; 00000; 00000; 00000; 00000; 00000
;
01418600;J MHC CINTURA F;Ventas;; 00001; 00004; 00004; 00004; 00001; 00001; 00000; 00000; 00000; 000015
01418600;J MHC CINTURA F;Despacho;; 00000; 00000; 00000; 00000; 00000; 00000; 00000; 00000; 00000; 00000
01418600;J MHC CINTURA F;saldo;; 00001; 00004; 00004; 00004; 00001; 00001; 00000; 00000; 00000; 00015
01418600;J MHC CINTURA F;stock;; 00000; 00000; 00000; 00000; 00000; 00000; 00000; 00000; 00000; 00000
01418600;J MHC CINTURA F;corte;; 00000; 00000; 00000; 00000; 00000; 00000; 00000; 00000; 00000; 00000
01418600;J MHC CINTURA F;sugerido;; 00001; 00004; 00004; 00004; 00001; 00001; 00000; 00000; 00000; 00015
;
01418800;J MHC CINTURA P;Ventas;; 00001; 00002; 00002; 00002; 00002; 00001; 00000; 00000; 00000; 000010
01418800;J MHC CINTURA P;Despacho;; 00001; 00002; 00002; 00002; 00002; 00001; 00000; 00000; 00000; 00010
01418800;J MHC CINTURA P;saldo;; 00000; 00000; 00000; 00000; 00000; 00000; 00000; 00000; 00000; 00000
01418800;J MHC CINTURA P;stock;; 00000; 00000; 00000; 00000; 00000; 00000; 00000; 00000; 00000; 00000
01418800;J MHC CINTURA P;corte;; 00000; 00000; 00000; 00000; 00000; 00000; 00000; 00000; 00000; 00000
01418800;J MHC CINTURA P;sugerido;; 00000; 00000; 00000; 00000; 00000; 00000; 00000; 00000; 00000; 00000
;
01418860;J MHC CINTURA P;Ventas;; 00011; 00017; 00017; 00015; 00009; 00002; 00000; 00000; 00000; 000071
01418860;J MHC CINTURA P;Despacho;; 00003; 00005; 00005; 00005; 00003; 00000; 00000; 00000; 00000; 00021
01418860;J MHC CINTURA P;saldo;; 00008; 00012; 00012; 00010; 00006; 00002; 00000; 00000; 00000; 00050
01418860;J MHC CINTURA P;stock;; 00008; 00012; 00012; 00009; 00006; 00000; 00000; 00000; 00000; 00047
01418860;J MHC CINTURA P;corte;; 00000; 00000; 00000; 00000; 00000; 00000; 00000; 00000; 00000; 00000
01418860;J MHC CINTURA P;sugerido;; 00000; 00000; 00000; 00001; 00000; 00002; 00000; 00000; 00000; 00003
;
01418890;J MHC CINTURA P;Ventas;; 00011; 00013; 00013; 00011; 00008; 00002; 00000; 00000; 00000; 000058
01418890;J MHC CINTURA P;Despacho;; 00005; 00005; 00005; 00005; 00004; 00002; 00000; 00000; 00000; 00026
01418890;J MHC CINTURA P;saldo;; 00006; 00008; 00008; 00006; 00004; 00000; 00000; 00000; 00000; 00032
01418890;J MHC CINTURA P;stock;; 00006; 00008; 00005; 00004; 00002; 00000; 00000; 00000; 00000; 00025
01418890;J MHC CINTURA P;corte;; 00000; 00000; 00000; 00000; 00000; 00000; 00000; 00000; 00000; 00000
01418890;J MHC CINTURA P;sugerido;; 00000; 00000; 00003; 00002; 00002; 00000; 00000; 00000; 00000; 00007
;
01418900;J MHC CINTURA R;Ventas;; 00026; 00040; 00041; 00035; 00025; 00017; 00000; 00000; 00000; 000184
01418900;J MHC CINTURA R;Despacho;; 00020; 00033; 00034; 00030; 00022; 00015; 00000; 00000; 00000; 00154
01418900;J MHC CINTURA R;saldo;; 00006; 00007; 00007; 00005; 00003; 00002; 00000; 00000; 00000; 00030
01418900;J MHC CINTURA R;stock;; 00002; 00002; 00002; 00001; 00002; 00000; 00000; 00000; 00000; 00009
01418900;J MHC CINTURA R;corte;; 00000; 00000; 00000; 00000; 00000; 00000; 00000; 00000; 00000; 00000
01418900;J MHC CINTURA R;sugerido;; 00004; 00005; 00005; 00004; 00001; 00002; 00000; 00000; 00000; 00021
;
01418901;J MHC CINTURA R;Ventas;; 00004; 00008; 00008; 00008; 00006; 00004; 00000; 00000; 00000; 000038
01418901;J MHC CINTURA R;Despacho;; 00004; 00007; 00007; 00004; 00005; 00004; 00000; 00000; 00000; 00031
01418901;J MHC CINTURA R;saldo;; 00000; 00001; 00001; 00004; 00001; 00000; 00000; 00000; 00000; 00007
01418901;J MHC CINTURA R;stock;; 00000; 00000; 00001; 00004; 00001; 00000; 00000; 00000; 00000; 00006
01418901;J MHC CINTURA R;corte;; 00000; 00000; 00000; 00000; 00000; 00000; 00000; 00000; 00000; 00000
01418901;J MHC CINTURA R;sugerido;; 00000; 00001; 00000; 00000; 00000; 00000; 00000; 00000; 00000; 00001
;
01418902;J MHC CINTURA R;Ventas;; 00006; 00008; 00008; 00007; 00005; 00004; 00000; 00000; 00000; 000038
01418902;J MHC CINTURA R;Despacho;; 00004; 00007; 00007; 00006; 00004; 00004; 00000; 00000; 00000; 00032
01418902;J MHC CINTURA R;saldo;; 00002; 00001; 00001; 00001; 00001; 00000; 00000; 00000; 00000; 00006
01418902;J MHC CINTURA R;stock;; 00000; 00001; 00001; 00001; 00001; 00000; 00000; 00000; 00000; 00004
01418902;J MHC CINTURA R;corte;; 00000; 00000; 00000; 00000; 00000; 00000; 00000; 00000; 00000; 00000
01418902;J MHC CINTURA R;sugerido;; 00002; 00000; 00000; 00000; 00000; 00000; 00000; 00000; 00000; 00002
;
01419500;J MHC CINTURA W;Ventas;; 00002; 00004; 00004; 00003; 00001; 00001; 00000; 00000; 00000; 000015
01419500;J MHC CINTURA W;Despacho;; 00000; 00000; 00000; 00000; 00000; 00000; 00000; 00000; 00000; 00000
01419500;J MHC CINTURA W;saldo;; 00002; 00004; 00004; 00003; 00001; 00001; 00000; 00000; 00000; 00015
01419500;J MHC CINTURA W;stock;; 00000; 00000; 00000; 00000; 00000; 00000; 00000; 00000; 00000; 00000
01419500;J MHC CINTURA W;corte;; 00000; 00000; 00000; 00000; 00000; 00000; 00000; 00000; 00000; 00000
01419500;J MHC CINTURA W;sugerido;; 00002; 00004; 00004; 00003; 00001; 00001; 00000; 00000; 00000; 00015
;
01419560;J MHC CINTURA W;Ventas;; 00003; 00008; 00008; 00006; 00004; 00003; 00000; 00000; 00000; 000032
01419560;J MHC CINTURA W;Despacho;; 00000; 00000; 00000; 00000; 00000; 00000; 00000; 00000; 00000; 00000
01419560;J MHC CINTURA W;saldo;; 00003; 00008; 00008; 00006; 00004; 00003; 00000; 00000; 00000; 00032
01419560;J MHC CINTURA W;stock;; 00000; 00000; 00000; 00000; 00000; 00000; 00000; 00000; 00000; 00000
01419560;J MHC CINTURA W;corte;; 00000; 00000; 00000; 00000; 00000; 00000; 00000; 00000; 00000; 00000
01419560;J MHC CINTURA W;sugerido;; 00003; 00008; 00008; 00006; 00004; 00003; 00000; 00000; 00000; 00032
;
01419890;J MHC  CINTURA ;Ventas;; 00003; 00004; 00004; 00004; 00002; 00001; 00000; 00000; 00000; 000018
01419890;J MHC  CINTURA ;Despacho;; 00000; 00000; 00000; 00000; 00000; 00000; 00000; 00000; 00000; 00000
01419890;J MHC  CINTURA ;saldo;; 00003; 00004; 00004; 00004; 00002; 00001; 00000; 00000; 00000; 00018
01419890;J MHC  CINTURA ;stock;; 00000; 00000; 00000; 00000; 00000; 00000; 00000; 00000; 00000; 00000
01419890;J MHC  CINTURA ;corte;; 00000; 00000; 00000; 00000; 00000; 00000; 00000; 00000; 00000; 00000
01419890;J MHC  CINTURA ;sugerido;; 00003; 00004; 00004; 00004; 00002; 00001; 00000; 00000; 00000; 00018
;
01420100;J MHC CINTURA P;Ventas;; 00094; 00189; 00203; 00191; 00124; 00103; 00000; 00000; 00000; 000904
01420100;J MHC CINTURA P;Despacho;; 00084; 00172; 00179; 00167; 00109; 00071; 00000; 00000; 00000; 00782
01420100;J MHC CINTURA P;saldo;; 00010; 00017; 00024; 00024; 00015; 00032; 00000; 00000; 00000; 00122
01420100;J MHC CINTURA P;stock;; 00018; 00012; 00048; 00022; 00012; 00009; 00000; 00000; 00000; 00121
01420100;J MHC CINTURA P;corte;; 00000; 00007; 00000; 00000; 00001; 00000; 00000; 00000; 00000; 00008
01420100;J MHC CINTURA P;sugerido;;-00008;-00002;-00024; 00002; 00002; 00023; 00000; 00000; 00000;-00007
;
01420101;J MHC CINTURA P;Ventas;; 00032; 00055; 00061; 00056; 00038; 00024; 00000; 00000; 00000; 000266
01420101;J MHC CINTURA P;Despacho;; 00038; 00061; 00068; 00063; 00045; 00028; 00000; 00000; 00000; 00303
01420101;J MHC CINTURA P;saldo;;-00006;-00006;-00007;-00007;-00007;-00004; 00000; 00000; 00000;-00037
01420101;J MHC CINTURA P;stock;; 00000; 00000; 00000; 00000; 00000; 00000; 00000; 00000; 00000; 00000
01420101;J MHC CINTURA P;corte;; 00000; 00000; 00000; 00000; 00000; 00000; 00000; 00000; 00000; 00000
01420101;J MHC CINTURA P;sugerido;;-00006;-00006;-00007;-00007;-00007;-00004; 00000; 00000; 00000;-00037
;
01420160;J MHC CINTURA P;Ventas;; 00033; 00062; 00068; 00068; 00046; 00035; 00000; 00000; 00000; 000312
01420160;J MHC CINTURA P;Despacho;; 00024; 00043; 00053; 00052; 00036; 00028; 00000; 00000; 00000; 00236
01420160;J MHC CINTURA P;saldo;; 00009; 00019; 00015; 00016; 00010; 00007; 00000; 00000; 00000; 00076
01420160;J MHC CINTURA P;stock;; 00002; 00001; 00002; 00002; 00001; 00001; 00000; 00000; 00000; 00009
01420160;J MHC CINTURA P;corte;; 00000; 00000; 00000; 00000; 00000; 00000; 00000; 00000; 00000; 00000
01420160;J MHC CINTURA P;sugerido;; 00007; 00018; 00013; 00014; 00009; 00006; 00000; 00000; 00000; 00067
;
01420200;J MHC CINTURA R;Ventas;; 00104; 00209; 00224; 00221; 00143; 00114; 00000; 00000; 00000; 001015
01420200;J MHC CINTURA R;Despacho;; 00063; 00166; 00181; 00184; 00127; 00095; 00000; 00000; 00000; 00816
01420200;J MHC CINTURA R;saldo;; 00041; 00043; 00043; 00037; 00016; 00019; 00000; 00000; 00000; 00199
01420200;J MHC CINTURA R;stock;; 00001; 00003; 00006; 00002; 00005; 00008; 00000; 00000; 00000; 00025
01420200;J MHC CINTURA R;corte;; 00000; 00000; 00000; 00000; 00000; 00000; 00000; 00000; 00000; 00000
01420200;J MHC CINTURA R;sugerido;; 00040; 00040; 00037; 00035; 00011; 00011; 00000; 00000; 00000; 00174
;
01420201;J MHC CINTURA R;Ventas;; 00012; 00015; 00015; 00015; 00010; 00007; 00000; 00000; 00000; 000074
01420201;J MHC CINTURA R;Despacho;; 00000; 00000; 00000; 00000; 00000; 00000; 00000; 00000; 00000; 00000
01420201;J MHC CINTURA R;saldo;; 00012; 00015; 00015; 00015; 00010; 00007; 00000; 00000; 00000; 00074
01420201;J MHC CINTURA R;stock;; 00000; 00000; 00000; 00000; 00000; 00000; 00000; 00000; 00000; 00000
01420201;J MHC CINTURA R;corte;; 00000; 00000; 00000; 00000; 00000; 00000; 00000; 00000; 00000; 00000
01420201;J MHC CINTURA R;sugerido;; 00012; 00015; 00015; 00015; 00010; 00007; 00000; 00000; 00000; 00074
;
01420300;J MHC MEDIO TOB;Ventas;; 00004; 00009; 00009; 00007; 00002; 00001; 00000; 00000; 00000; 000032
01420300;J MHC MEDIO TOB;Despacho;; 00003; 00005; 00006; 00005; 00001; 00000; 00000; 00000; 00000; 00020
01420300;J MHC MEDIO TOB;saldo;; 00001; 00004; 00003; 00002; 00001; 00001; 00000; 00000; 00000; 00012
01420300;J MHC MEDIO TOB;stock;; 00010; 00010; 00010; 00010; 00010; 00010; 00000; 00000; 00000; 00060
01420300;J MHC MEDIO TOB;corte;; 00000; 00000; 00000; 00000; 00000; 00000; 00000; 00000; 00000; 00000
01420300;J MHC MEDIO TOB;sugerido;;-00009;-00006;-00007;-00008;-00009;-00009; 00000; 00000; 00000;-00048
;
01420301;J MHC MEDIO TOB;Ventas;; 00040; 00079; 00079; 00078; 00045; 00040; 00000; 00000; 00000; 000361
01420301;J MHC MEDIO TOB;Despacho;; 00038; 00073; 00072; 00073; 00042; 00039; 00000; 00000; 00000; 00337
01420301;J MHC MEDIO TOB;saldo;; 00002; 00006; 00007; 00005; 00003; 00001; 00000; 00000; 00000; 00024
01420301;J MHC MEDIO TOB;stock;;-00002; 00005; 00007; 00008; 00010; 00000; 00000; 00000; 00000; 00028
01420301;J MHC MEDIO TOB;corte;; 00000; 00000; 00000; 00000; 00000; 00000; 00000; 00000; 00000; 00000
01420301;J MHC MEDIO TOB;sugerido;; 00004; 00001; 00000;-00003;-00007; 00001; 00000; 00000; 00000;-00004
;
01420400;J MHC MEDIO FLA;Ventas;; 00059; 00088; 00094; 00087; 00057; 00049; 00000; 00000; 00000; 000434
01420400;J MHC MEDIO FLA;Despacho;; 00036; 00068; 00075; 00070; 00045; 00030; 00000; 00000; 00000; 00324
01420400;J MHC MEDIO FLA;saldo;; 00023; 00020; 00019; 00017; 00012; 00019; 00000; 00000; 00000; 00110
01420400;J MHC MEDIO FLA;stock;; 00026; 00015; 00012; 00014; 00016; 00018; 00000; 00000; 00000; 00101
01420400;J MHC MEDIO FLA;corte;; 00000; 00000; 00000; 00000; 00000; 00000; 00000; 00000; 00000; 00000
01420400;J MHC MEDIO FLA;sugerido;;-00003; 00005; 00007; 00003;-00004; 00001; 00000; 00000; 00000; 00009
;
01420401;J MHC MEDIO FLA;Ventas;; 00002; 00006; 00009; 00008; 00007; 00005; 00000; 00000; 00000; 000037
01420401;J MHC MEDIO FLA;Despacho;; 00000; 00006; 00008; 00008; 00006; 00005; 00000; 00000; 00000; 00033
01420401;J MHC MEDIO FLA;saldo;; 00002; 00000; 00001; 00000; 00001; 00000; 00000; 00000; 00000; 00004
01420401;J MHC MEDIO FLA;stock;; 00000; 00000; 00000; 00000; 00001; 00000; 00000; 00000; 00000; 00001
01420401;J MHC MEDIO FLA;corte;; 00000; 00000; 00000; 00000; 00000; 00000; 00000; 00000; 00000; 00000
01420401;J MHC MEDIO FLA;sugerido;; 00002; 00000; 00001; 00000; 00000; 00000; 00000; 00000; 00000; 00003
;
01420402;J MHC MEDIO FLA;Ventas;; 00042; 00089; 00095; 00092; 00058; 00048; 00000; 00000; 00000; 000424
01420402;J MHC MEDIO FLA;Despacho;; 00037; 00069; 00064; 00076; 00050; 00046; 00000; 00000; 00000; 00342
01420402;J MHC MEDIO FLA;saldo;; 00005; 00020; 00031; 00016; 00008; 00002; 00000; 00000; 00000; 00082
01420402;J MHC MEDIO FLA;stock;; 00004; 00013; 00012; 00012; 00014; 00009; 00000; 00000; 00000; 00064
01420402;J MHC MEDIO FLA;corte;; 00000; 00000; 00000; 00000; 00000; 00000; 00000; 00000; 00000; 00000
01420402;J MHC MEDIO FLA;sugerido;; 00001; 00007; 00019; 00004;-00006;-00007; 00000; 00000; 00000; 00018
;
01420500;J MHC CINTURA O;Ventas;; 00070; 00140; 00154; 00144; 00096; 00076; 00000; 00000; 00000; 000680
01420500;J MHC CINTURA O;Despacho;; 00074; 00145; 00147; 00139; 00096; 00075; 00000; 00000; 00000; 00676
01420500;J MHC CINTURA O;saldo;;-00004;-00005; 00007; 00005; 00000; 00001; 00000; 00000; 00000; 00004
01420500;J MHC CINTURA O;stock;; 00003; 00011; 00005; 00007; 00005; 00001; 00000; 00000; 00000; 00032
01420500;J MHC CINTURA O;corte;; 00000; 00000; 00000; 00000; 00000; 00000; 00000; 00000; 00000; 00000
01420500;J MHC CINTURA O;sugerido;;-00007;-00016; 00002;-00002;-00005; 00000; 00000; 00000; 00000;-00028
;
01420501;J MHC CINTURA O;Ventas;; 00035; 00075; 00088; 00087; 00064; 00053; 00000; 00000; 00000; 000402
01420501;J MHC CINTURA O;Despacho;; 00027; 00066; 00079; 00077; 00052; 00050; 00000; 00000; 00000; 00351
01420501;J MHC CINTURA O;saldo;; 00008; 00009; 00009; 00010; 00012; 00003; 00000; 00000; 00000; 00051
01420501;J MHC CINTURA O;stock;; 00007; 00004; 00004; 00004; 00009; 00002; 00000; 00000; 00000; 00030
01420501;J MHC CINTURA O;corte;; 00000; 00000; 00000; 00000; 00000; 00000; 00000; 00000; 00000; 00000
01420501;J MHC CINTURA O;sugerido;; 00001; 00005; 00005; 00006; 00003; 00001; 00000; 00000; 00000; 00021
;
01420502;J MHC CINTURA O;Ventas;; 00000; 00004; 00008; 00008; 00007; 00005; 00000; 00000; 00000; 000032
01420502;J MHC CINTURA O;Despacho;; 00000; 00004; 00008; 00008; 00007; 00005; 00000; 00000; 00000; 00032
01420502;J MHC CINTURA O;saldo;; 00000; 00000; 00000; 00000; 00000; 00000; 00000; 00000; 00000; 00000
01420502;J MHC CINTURA O;stock;; 00000; 00000; 00000; 00000; 00000; 00000; 00000; 00000; 00000; 00000
01420502;J MHC CINTURA O;corte;; 00000; 00000; 00000; 00000; 00000; 00000; 00000; 00000; 00000; 00000
01420502;J MHC CINTURA O;sugerido;; 00000; 00000; 00000; 00000; 00000; 00000; 00000; 00000; 00000; 00000
;
01420600;J MHC CINTURA P;Ventas;; 00078; 00120; 00127; 00088; 00068; 00047; 00000; 00000; 00000; 000528
01420600;J MHC CINTURA P;Despacho;; 00078; 00097; 00109; 00099; 00071; 00050; 00000; 00000; 00000; 00504
01420600;J MHC CINTURA P;saldo;; 00000; 00023; 00018;-00011;-00003;-00003; 00000; 00000; 00000; 00024
01420600;J MHC CINTURA P;stock;; 00001; 00005;-00005; 00003; 00011; 00004; 00000; 00000; 00000; 00019
01420600;J MHC CINTURA P;corte;; 00000; 00000; 00000; 00000; 00000; 00000; 00000; 00000; 00000; 00000
01420600;J MHC CINTURA P;sugerido;;-00001; 00018; 00023;-00014;-00014;-00007; 00000; 00000; 00000; 00005
;
01420700;J MHC MEDIO OXF;Ventas;; 00000; 00004; 00008; 00008; 00007; 00005; 00000; 00000; 00000; 000032
01420700;J MHC MEDIO OXF;Despacho;; 00000; 00000; 00000; 00000; 00000; 00000; 00000; 00000; 00000; 00000
01420700;J MHC MEDIO OXF;saldo;; 00000; 00004; 00008; 00008; 00007; 00005; 00000; 00000; 00000; 00032
01420700;J MHC MEDIO OXF;stock;; 00000; 00000; 00000; 00000; 00000; 00000; 00000; 00000; 00000; 00000
01420700;J MHC MEDIO OXF;corte;; 00000; 00000; 00000; 00000; 00000; 00000; 00000; 00000; 00000; 00000
01420700;J MHC MEDIO OXF;sugerido;; 00000; 00004; 00008; 00008; 00007; 00005; 00000; 00000; 00000; 00032
;
01420800;J MHC CINTURA F;Ventas;; 00006; 00014; 00019; 00016; 00011; 00007; 00000; 00000; 00000; 000073
01420800;J MHC CINTURA F;Despacho;; 00005; 00012; 00016; 00014; 00010; 00007; 00000; 00000; 00000; 00064
01420800;J MHC CINTURA F;saldo;; 00001; 00002; 00003; 00002; 00001; 00000; 00000; 00000; 00000; 00009
01420800;J MHC CINTURA F;stock;; 00006; 00010; 00014; 00013; 00006; 00006; 00000; 00000; 00000; 00055
01420800;J MHC CINTURA F;corte;; 00000; 00000; 00000; 00000; 00000; 00000; 00000; 00000; 00000; 00000
01420800;J MHC CINTURA F;sugerido;;-00005;-00008;-00011;-00011;-00005;-00006; 00000; 00000; 00000;-00046
;
01420801;J MHC CINTURA F;Ventas;; 00000; 00004; 00008; 00008; 00007; 00005; 00000; 00000; 00000; 000032
01420801;J MHC CINTURA F;Despacho;; 00000; 00004; 00008; 00008; 00006; 00005; 00000; 00000; 00000; 00031
01420801;J MHC CINTURA F;saldo;; 00000; 00000; 00000; 00000; 00001; 00000; 00000; 00000; 00000; 00001
01420801;J MHC CINTURA F;stock;; 00000; 00000; 00000; 00000; 00001; 00000; 00000; 00000; 00000; 00001
01420801;J MHC CINTURA F;corte;; 00000; 00000; 00000; 00000; 00000; 00000; 00000; 00000; 00000; 00000
01420801;J MHC CINTURA F;sugerido;; 00000; 00000; 00000; 00000; 00000; 00000; 00000; 00000; 00000; 00000
;
01420802;J MHC CINTURA F;Ventas;; 00000; 00007; 00011; 00011; 00010; 00008; 00000; 00000; 00000; 000047
01420802;J MHC CINTURA F;Despacho;; 00000; 00003; 00002; 00001; 00002; 00002; 00000; 00000; 00000; 00010
01420802;J MHC CINTURA F;saldo;; 00000; 00004; 00009; 00010; 00008; 00006; 00000; 00000; 00000; 00037
01420802;J MHC CINTURA F;stock;; 00000; 00001; 00006; 00007; 00004; 00003; 00000; 00000; 00000; 00021
01420802;J MHC CINTURA F;corte;; 00000; 00000; 00000; 00000; 00000; 00000; 00000; 00000; 00000; 00000
01420802;J MHC CINTURA F;sugerido;; 00000; 00003; 00003; 00003; 00004; 00003; 00000; 00000; 00000; 00016
;
01420900;J MHC MEDIO PIT;Ventas;; 00065; 00128; 00120; 00114; 00091; 00071; 00000; 00000; 00000; 000589
01420900;J MHC MEDIO PIT;Despacho;; 00044; 00095; 00090; 00086; 00068; 00052; 00000; 00000; 00000; 00435
01420900;J MHC MEDIO PIT;saldo;; 00021; 00033; 00030; 00028; 00023; 00019; 00000; 00000; 00000; 00154
01420900;J MHC MEDIO PIT;stock;; 00001;-00003; 00001;-00001; 00001; 00003; 00000; 00000; 00000; 00002
01420900;J MHC MEDIO PIT;corte;; 00000; 00010; 00000; 00000; 00000; 00000; 00000; 00000; 00000; 00010
01420900;J MHC MEDIO PIT;sugerido;; 00020; 00026; 00029; 00029; 00022; 00016; 00000; 00000; 00000; 00142
;
01421000;J MHC MEDIO OXF;Ventas;; 00015; 00044; 00049; 00048; 00032; 00027; 00000; 00000; 00000; 000215
01421000;J MHC MEDIO OXF;Despacho;; 00005; 00014; 00019; 00018; 00012; 00007; 00000; 00000; 00000; 00075
01421000;J MHC MEDIO OXF;saldo;; 00010; 00030; 00030; 00030; 00020; 00020; 00000; 00000; 00000; 00140
01421000;J MHC MEDIO OXF;stock;; 00005; 00018; 00015; 00015; 00010; 00010; 00000; 00000; 00000; 00073
01421000;J MHC MEDIO OXF;corte;; 00000; 00000; 00000; 00000; 00000; 00000; 00000; 00000; 00000; 00000
01421000;J MHC MEDIO OXF;sugerido;; 00005; 00012; 00015; 00015; 00010; 00010; 00000; 00000; 00000; 00067
;
01421001;J MHC MEDIO  OX;Ventas;; 00005; 00009; 00010; 00008; 00005; 00003; 00000; 00000; 00000; 000040
01421001;J MHC MEDIO  OX;Despacho;; 00005; 00009; 00010; 00008; 00005; 00003; 00000; 00000; 00000; 00040
01421001;J MHC MEDIO  OX;saldo;; 00000; 00000; 00000; 00000; 00000; 00000; 00000; 00000; 00000; 00000
01421001;J MHC MEDIO  OX;stock;; 00000;-00001; 00002; 00001; 00001; 00002; 00000; 00000; 00000; 00005
01421001;J MHC MEDIO  OX;corte;; 00000; 00000; 00000; 00000; 00000; 00000; 00000; 00000; 00000; 00000
01421001;J MHC MEDIO  OX;sugerido;; 00000; 00001;-00002;-00001;-00001;-00002; 00000; 00000; 00000;-00005
;
01421100;J MHC CINTURA F;Ventas;; 00028; 00046; 00057; 00054; 00034; 00025; 00000; 00000; 00000; 000244
01421100;J MHC CINTURA F;Despacho;; 00024; 00038; 00047; 00033; 00034; 00018; 00000; 00000; 00000; 00194
01421100;J MHC CINTURA F;saldo;; 00004; 00008; 00010; 00021; 00000; 00007; 00000; 00000; 00000; 00050
01421100;J MHC CINTURA F;stock;; 00000;-00001; 00000; 00011; 00009; 00004; 00000; 00000; 00000; 00023
01421100;J MHC CINTURA F;corte;; 00000; 00000; 00000; 00000; 00000; 00000; 00000; 00000; 00000; 00000
01421100;J MHC CINTURA F;sugerido;; 00004; 00009; 00010; 00010;-00009; 00003; 00000; 00000; 00000; 00027
;
01421101;J MHC CINTURA F;Ventas;; 00019; 00051; 00055; 00052; 00034; 00032; 00000; 00000; 00000; 000243
01421101;J MHC CINTURA F;Despacho;; 00011; 00043; 00047; 00046; 00029; 00029; 00000; 00000; 00000; 00205
01421101;J MHC CINTURA F;saldo;; 00008; 00008; 00008; 00006; 00005; 00003; 00000; 00000; 00000; 00038
01421101;J MHC CINTURA F;stock;; 00000; 00001; 00001; 00000; 00001; 00000; 00000; 00000; 00000; 00003
01421101;J MHC CINTURA F;corte;; 00000; 00000; 00000; 00000; 00000; 00000; 00000; 00000; 00000; 00000
01421101;J MHC CINTURA F;sugerido;; 00008; 00007; 00007; 00006; 00004; 00003; 00000; 00000; 00000; 00035
;
01421200;J MHC CINTURA P;Ventas;; 00002; 00003; 00003; 00003; 00002; 00001; 00000; 00000; 00000; 000014
01421200;J MHC CINTURA P;Despacho;; 00000; 00000; 00000; 00000; 00000; 00000; 00000; 00000; 00000; 00000
01421200;J MHC CINTURA P;saldo;; 00002; 00003; 00003; 00003; 00002; 00001; 00000; 00000; 00000; 00014
01421200;J MHC CINTURA P;stock;; 00000;-00001; 00000; 00000; 00000; 00000; 00000; 00000; 00000;-00001
01421200;J MHC CINTURA P;corte;; 00000; 00000; 00000; 00000; 00000; 00000; 00000; 00000; 00000; 00000
01421200;J MHC CINTURA P;sugerido;; 00002; 00004; 00003; 00003; 00002; 00001; 00000; 00000; 00000; 00015
;
01421300;J MHC CINTURA O;Ventas;; 00027; 00057; 00063; 00070; 00040; 00044; 00000; 00000; 00000; 000301
01421300;J MHC CINTURA O;Despacho;; 00024; 00045; 00051; 00045; 00031; 00024; 00000; 00000; 00000; 00220
01421300;J MHC CINTURA O;saldo;; 00003; 00012; 00012; 00025; 00009; 00020; 00000; 00000; 00000; 00081
01421300;J MHC CINTURA O;stock;;-00001;-00004;-00005;-00003;-00002;-00006; 00000; 00000; 00000;-00021
01421300;J MHC CINTURA O;corte;; 00000; 00000; 00000; 00000; 00000; 00000; 00000; 00000; 00000; 00000
01421300;J MHC CINTURA O;sugerido;; 00004; 00016; 00017; 00028; 00011; 00026; 00000; 00000; 00000; 00102
;
01421301;J MHC CINTURA O;Ventas;; 00028; 00057; 00064; 00060; 00041; 00032; 00000; 00000; 00000; 000282
01421301;J MHC CINTURA O;Despacho;; 00026; 00051; 00061; 00055; 00039; 00025; 00000; 00000; 00000; 00257
01421301;J MHC CINTURA O;saldo;; 00002; 00006; 00003; 00005; 00002; 00007; 00000; 00000; 00000; 00025
01421301;J MHC CINTURA O;stock;; 00005; 00005; 00011; 00007; 00006; 00001; 00000; 00000; 00000; 00035
01421301;J MHC CINTURA O;corte;; 00000; 00000; 00000; 00000; 00000; 00000; 00000; 00000; 00000; 00000
01421301;J MHC CINTURA O;sugerido;;-00003; 00001;-00008;-00002;-00004; 00006; 00000; 00000; 00000;-00010
;
01421302;J MHC CINTURA O;Ventas;; 00002; 00003; 00003; 00003; 00002; 00002; 00000; 00000; 00000; 000015
01421302;J MHC CINTURA O;Despacho;; 00000; 00000; 00000; 00000; 00000; 00000; 00000; 00000; 00000; 00000
01421302;J MHC CINTURA O;saldo;; 00002; 00003; 00003; 00003; 00002; 00002; 00000; 00000; 00000; 00015
01421302;J MHC CINTURA O;stock;; 00000; 00000; 00000; 00000; 00000; 00000; 00000; 00000; 00000; 00000
01421302;J MHC CINTURA O;corte;; 00000; 00000; 00000; 00000; 00000; 00000; 00000; 00000; 00000; 00000
01421302;J MHC CINTURA O;sugerido;; 00002; 00003; 00003; 00003; 00002; 00002; 00000; 00000; 00000; 00015
;
01421400;J MHC CINTURA O;Ventas;; 00070; 00154; 00163; 00153; 00100; 00082; 00000; 00000; 00000; 000722
01421400;J MHC CINTURA O;Despacho;; 00061; 00107; 00121; 00119; 00082; 00051; 00000; 00000; 00000; 00541
01421400;J MHC CINTURA O;saldo;; 00009; 00047; 00042; 00034; 00018; 00031; 00000; 00000; 00000; 00181
01421400;J MHC CINTURA O;stock;; 00000; 00000;-00005;-00005;-00001; 00026; 00000; 00000; 00000; 00015
01421400;J MHC CINTURA O;corte;; 00000; 00000; 00000; 00000; 00000; 00000; 00000; 00000; 00000; 00000
01421400;J MHC CINTURA O;sugerido;; 00009; 00047; 00047; 00039; 00019; 00005; 00000; 00000; 00000; 00166
;
01421401;J MHC CINTURA O;Ventas;; 00021; 00033; 00040; 00039; 00027; 00020; 00000; 00000; 00000; 000180
01421401;J MHC CINTURA O;Despacho;; 00013; 00028; 00034; 00034; 00024; 00019; 00000; 00000; 00000; 00152
01421401;J MHC CINTURA O;saldo;; 00008; 00005; 00006; 00005; 00003; 00001; 00000; 00000; 00000; 00028
01421401;J MHC CINTURA O;stock;; 00001; 00004; 00007; 00002; 00002; 00001; 00000; 00000; 00000; 00017
01421401;J MHC CINTURA O;corte;; 00000; 00000; 00000; 00000; 00000; 00000; 00000; 00000; 00000; 00000
01421401;J MHC CINTURA O;sugerido;; 00007; 00001;-00001; 00003; 00001; 00000; 00000; 00000; 00000; 00011
;
01421402;J MHC CINTURA O;Ventas;; 00019; 00046; 00047; 00045; 00035; 00027; 00000; 00000; 00000; 000219
01421402;J MHC CINTURA O;Despacho;; 00016; 00038; 00041; 00040; 00031; 00023; 00000; 00000; 00000; 00189
01421402;J MHC CINTURA O;saldo;; 00003; 00008; 00006; 00005; 00004; 00004; 00000; 00000; 00000; 00030
01421402;J MHC CINTURA O;stock;; 00009; 00017; 00013; 00010; 00016; 00011; 00000; 00000; 00000; 00076
01421402;J MHC CINTURA O;corte;; 00000; 00000; 00000; 00000; 00000; 00000; 00000; 00000; 00000; 00000
01421402;J MHC CINTURA O;sugerido;;-00006;-00009;-00007;-00005;-00012;-00007; 00000; 00000; 00000;-00046
;
01421460;J MHC CINTURA O;Ventas;; 00027; 00042; 00040; 00034; 00015; 00011; 00000; 00000; 00000; 000169
01421460;J MHC CINTURA O;Despacho;; 00010; 00029; 00030; 00020; 00010; 00007; 00000; 00000; 00000; 00106
01421460;J MHC CINTURA O;saldo;; 00017; 00013; 00010; 00014; 00005; 00004; 00000; 00000; 00000; 00063
01421460;J MHC CINTURA O;stock;; 00000; 00000; 00000; 00000; 00000; 00000; 00000; 00000; 00000; 00000
01421460;J MHC CINTURA O;corte;; 00000; 00000; 00000; 00000; 00000; 00000; 00000; 00000; 00000; 00000
01421460;J MHC CINTURA O;sugerido;; 00017; 00013; 00010; 00014; 00005; 00004; 00000; 00000; 00000; 00063
;
01421700;J MHC CINTURA F;Ventas;; 00002; 00005; 00006; 00004; 00002; 00000; 00000; 00000; 00000; 000019
01421700;J MHC CINTURA F;Despacho;; 00000; 00000; 00000; 00000; 00000; 00000; 00000; 00000; 00000; 00000
01421700;J MHC CINTURA F;saldo;; 00002; 00005; 00006; 00004; 00002; 00000; 00000; 00000; 00000; 00019
01421700;J MHC CINTURA F;stock;; 00000; 00000; 00000; 00000; 00000; 00000; 00000; 00000; 00000; 00000
01421700;J MHC CINTURA F;corte;; 00000; 00000; 00000; 00000; 00000; 00000; 00000; 00000; 00000; 00000
01421700;J MHC CINTURA F;sugerido;; 00002; 00005; 00006; 00004; 00002; 00000; 00000; 00000; 00000; 00019
;
01421800;J MHC CINTURA F;Ventas;; 00073; 00149; 00164; 00157; 00108; 00086; 00000; 00000; 00000; 000737
01421800;J MHC CINTURA F;Despacho;; 00067; 00144; 00166; 00158; 00110; 00085; 00000; 00000; 00000; 00730
01421800;J MHC CINTURA F;saldo;; 00006; 00005;-00002;-00001;-00002; 00001; 00000; 00000; 00000; 00007
01421800;J MHC CINTURA F;stock;;-00056;-00119;-00135;-00123;-00094; 00007; 00000; 00000; 00000;-00520
01421800;J MHC CINTURA F;corte;; 00000; 00000; 00000; 00000; 00000; 00000; 00000; 00000; 00000; 00000
01421800;J MHC CINTURA F;sugerido;; 00062; 00124; 00133; 00122; 00092;-00006; 00000; 00000; 00000; 00527
;
01421801;J MHC CINTURA F;Ventas;; 00051; 00095; 00103; 00096; 00071; 00052; 00000; 00000; 00000; 000468
01421801;J MHC CINTURA F;Despacho;; 00039; 00084; 00087; 00082; 00055; 00037; 00000; 00000; 00000; 00384
01421801;J MHC CINTURA F;saldo;; 00012; 00011; 00016; 00014; 00016; 00015; 00000; 00000; 00000; 00084
01421801;J MHC CINTURA F;stock;; 00004; 00000; 00011; 00006; 00014; 00012; 00000; 00000; 00000; 00047
01421801;J MHC CINTURA F;corte;; 00000; 00000; 00000; 00000; 00000; 00000; 00000; 00000; 00000; 00000
01421801;J MHC CINTURA F;sugerido;; 00008; 00011; 00005; 00008; 00002; 00003; 00000; 00000; 00000; 00037
;
01421802;J MHC CINTURA F;Ventas;; 00000; 00004; 00008; 00008; 00007; 00005; 00000; 00000; 00000; 000032
01421802;J MHC CINTURA F;Despacho;; 00000; 00000; 00000; 00000; 00000; 00000; 00000; 00000; 00000; 00000
01421802;J MHC CINTURA F;saldo;; 00000; 00004; 00008; 00008; 00007; 00005; 00000; 00000; 00000; 00032
01421802;J MHC CINTURA F;stock;; 00000; 00000; 00000; 00000; 00000; 00000; 00000; 00000; 00000; 00000
01421802;J MHC CINTURA F;corte;; 00000; 00000; 00000; 00000; 00000; 00000; 00000; 00000; 00000; 00000
01421802;J MHC CINTURA F;sugerido;; 00000; 00004; 00008; 00008; 00007; 00005; 00000; 00000; 00000; 00032
;
01421900;J MHC CINTURA P;Ventas;; 00015; 00036; 00035; 00033; 00017; 00012; 00000; 00000; 00000; 000148
01421900;J MHC CINTURA P;Despacho;; 00013; 00028; 00026; 00025; 00014; 00008; 00000; 00000; 00000; 00114
01421900;J MHC CINTURA P;saldo;; 00002; 00008; 00009; 00008; 00003; 00004; 00000; 00000; 00000; 00034
01421900;J MHC CINTURA P;stock;; 00000; 00000; 00006; 00000; 00006; 00000; 00000; 00000; 00000; 00012
01421900;J MHC CINTURA P;corte;; 00000; 00000; 00020; 00030; 00020; 00030; 00000; 00000; 00000; 00100
01421900;J MHC CINTURA P;sugerido;; 00002; 00008;-00017;-00022;-00023;-00026; 00000; 00000; 00000;-00078
;
01421901;J MHC CINTURA P;Ventas;; 00006; 00011; 00014; 00013; 00011; 00008; 00000; 00000; 00000; 000063
01421901;J MHC CINTURA P;Despacho;; 00004; 00007; 00014; 00010; 00009; 00006; 00000; 00000; 00000; 00050
01421901;J MHC CINTURA P;saldo;; 00002; 00004; 00000; 00003; 00002; 00002; 00000; 00000; 00000; 00013
01421901;J MHC CINTURA P;stock;; 00003; 00010; 00004; 00007; 00006; 00002; 00000; 00000; 00000; 00032
01421901;J MHC CINTURA P;corte;; 00000; 00000; 00000; 00000; 00000; 00000; 00000; 00000; 00000; 00000
01421901;J MHC CINTURA P;sugerido;;-00001;-00006;-00004;-00004;-00004; 00000; 00000; 00000; 00000;-00019
;
01421902;J MHC CINTURA P;Ventas;; 00003; 00004; 00002; 00002; 00001; 00000; 00000; 00000; 00000; 000012
01421902;J MHC CINTURA P;Despacho;; 00003; 00004; 00002; 00002; 00001; 00000; 00000; 00000; 00000; 00012
01421902;J MHC CINTURA P;saldo;; 00000; 00000; 00000; 00000; 00000; 00000; 00000; 00000; 00000; 00000
01421902;J MHC CINTURA P;stock;; 00002; 00006; 00006; 00005; 00004; 00000; 00000; 00000; 00000; 00023
01421902;J MHC CINTURA P;corte;; 00000; 00000; 00000; 00000; 00000; 00000; 00000; 00000; 00000; 00000
01421902;J MHC CINTURA P;sugerido;;-00002;-00006;-00006;-00005;-00004; 00000; 00000; 00000; 00000;-00023
;
01422000;J MHC CINTURA P;Ventas;; 00040; 00073; 00083; 00076; 00051; 00032; 00000; 00000; 00000; 000355
01422000;J MHC CINTURA P;Despacho;; 00039; 00068; 00073; 00060; 00043; 00020; 00000; 00000; 00000; 00303
01422000;J MHC CINTURA P;saldo;; 00001; 00005; 00010; 00016; 00008; 00012; 00000; 00000; 00000; 00052
01422000;J MHC CINTURA P;stock;; 00028; 00006; 00016; 00015; 00011; 00014; 00000; 00000; 00000; 00090
01422000;J MHC CINTURA P;corte;; 00000; 00000; 00000; 00000; 00000; 00000; 00000; 00000; 00000; 00000
01422000;J MHC CINTURA P;sugerido;;-00027;-00001;-00006; 00001;-00003;-00002; 00000; 00000; 00000;-00038
;
01422001;J MHC CINTURA P;Ventas;; 00008; 00010; 00010; 00009; 00007; 00004; 00000; 00000; 00000; 000048
01422001;J MHC CINTURA P;Despacho;; 00000; 00000; 00000; 00000; 00000; 00000; 00000; 00000; 00000; 00000
01422001;J MHC CINTURA P;saldo;; 00008; 00010; 00010; 00009; 00007; 00004; 00000; 00000; 00000; 00048
01422001;J MHC CINTURA P;stock;; 00000; 00000; 00000; 00000; 00000; 00000; 00000; 00000; 00000; 00000
01422001;J MHC CINTURA P;corte;; 00000; 00000; 00000; 00000; 00000; 00000; 00000; 00000; 00000; 00000
01422001;J MHC CINTURA P;sugerido;; 00008; 00010; 00010; 00009; 00007; 00004; 00000; 00000; 00000; 00048
;
01422100;J MHC CINTURA T;Ventas;; 00037; 00099; 00101; 00097; 00067; 00064; 00000; 00000; 00000; 000465
01422100;J MHC CINTURA T;Despacho;; 00036; 00098; 00101; 00096; 00065; 00052; 00000; 00000; 00000; 00448
01422100;J MHC CINTURA T;saldo;; 00001; 00001; 00000; 00001; 00002; 00012; 00000; 00000; 00000; 00017
01422100;J MHC CINTURA T;stock;; 00003; 00009; 00007; 00017; 00023; 00019; 00000; 00000; 00000; 00078
01422100;J MHC CINTURA T;corte;; 00000; 00000; 00000; 00000; 00000; 00000; 00000; 00000; 00000; 00000
01422100;J MHC CINTURA T;sugerido;;-00002;-00008;-00007;-00016;-00021;-00007; 00000; 00000; 00000;-00061
;
01422101;J MHC CINTURA T;Ventas;; 00023; 00036; 00039; 00033; 00024; 00019; 00000; 00000; 00000; 000174
01422101;J MHC CINTURA T;Despacho;; 00018; 00025; 00034; 00031; 00022; 00013; 00000; 00000; 00000; 00143
01422101;J MHC CINTURA T;saldo;; 00005; 00011; 00005; 00002; 00002; 00006; 00000; 00000; 00000; 00031
01422101;J MHC CINTURA T;stock;; 00014; 00013; 00014;-00002;-00003; 00002; 00000; 00000; 00000; 00038
01422101;J MHC CINTURA T;corte;; 00000; 00000; 00000; 00000; 00000; 00000; 00000; 00000; 00000; 00000
01422101;J MHC CINTURA T;sugerido;;-00009;-00002;-00009; 00004; 00005; 00004; 00000; 00000; 00000;-00007
;
01422190;J MHC CINTURA  ;Ventas;; 00005; 00013; 00012; 00012; 00009; 00007; 00000; 00000; 00000; 000058
01422190;J MHC CINTURA  ;Despacho;; 00003; 00011; 00008; 00009; 00007; 00006; 00000; 00000; 00000; 00044
01422190;J MHC CINTURA  ;saldo;; 00002; 00002; 00004; 00003; 00002; 00001; 00000; 00000; 00000; 00014
01422190;J MHC CINTURA  ;stock;; 00002; 00001; 00006; 00005; 00003; 00003; 00000; 00000; 00000; 00020
01422190;J MHC CINTURA  ;corte;; 00000; 00000; 00000; 00000; 00000; 00000; 00000; 00000; 00000; 00000
01422190;J MHC CINTURA  ;sugerido;; 00000; 00001;-00002;-00002;-00001;-00002; 00000; 00000; 00000;-00006
;
01422200;J MHC MEDIO  PI;Ventas;; 00068; 00116; 00128; 00123; 00077; 00058; 00000; 00000; 00000; 000570
01422200;J MHC MEDIO  PI;Despacho;; 00041; 00059; 00072; 00066; 00039; 00017; 00000; 00000; 00000; 00294
01422200;J MHC MEDIO  PI;saldo;; 00027; 00057; 00056; 00057; 00038; 00041; 00000; 00000; 00000; 00276
01422200;J MHC MEDIO  PI;stock;; 00033; 00080; 00077; 00078; 00067; 00042; 00000; 00000; 00000; 00377
01422200;J MHC MEDIO  PI;corte;; 00000; 00000; 00000; 00000; 00000; 00000; 00000; 00000; 00000; 00000
01422200;J MHC MEDIO  PI;sugerido;;-00006;-00023;-00021;-00021;-00029;-00001; 00000; 00000; 00000;-00101
;
01422300;J MHC  MEDIO FL;Ventas;; 00065; 00113; 00114; 00106; 00070; 00049; 00000; 00000; 00000; 000517
01422300;J MHC  MEDIO FL;Despacho;; 00069; 00120; 00122; 00114; 00075; 00050; 00000; 00000; 00000; 00550
01422300;J MHC  MEDIO FL;saldo;;-00004;-00007;-00008;-00008;-00005;-00001; 00000; 00000; 00000;-00033
01422300;J MHC  MEDIO FL;stock;; 00008;-00003;-00005; 00004; 00002;-00002; 00000; 00000; 00000; 00004
01422300;J MHC  MEDIO FL;corte;; 00000; 00000; 00000; 00000; 00000; 00000; 00000; 00000; 00000; 00000
01422300;J MHC  MEDIO FL;sugerido;;-00012;-00004;-00003;-00012;-00007; 00001; 00000; 00000; 00000;-00037
;
01422400;J MHC MEDIO OXF;Ventas;; 00020; 00038; 00039; 00036; 00028; 00021; 00000; 00000; 00000; 000182
01422400;J MHC MEDIO OXF;Despacho;; 00013; 00030; 00030; 00027; 00019; 00011; 00000; 00000; 00000; 00130
01422400;J MHC MEDIO OXF;saldo;; 00007; 00008; 00009; 00009; 00009; 00010; 00000; 00000; 00000; 00052
01422400;J MHC MEDIO OXF;stock;; 00001; 00000; 00001; 00000;-00001; 00000; 00000; 00000; 00000; 00001
01422400;J MHC MEDIO OXF;corte;; 00000; 00000; 00000; 00000; 00000; 00000; 00000; 00000; 00000; 00000
01422400;J MHC MEDIO OXF;sugerido;; 00006; 00008; 00008; 00009; 00010; 00010; 00000; 00000; 00000; 00051
;
01422401;J MHC MEDIO OXF;Ventas;; 00006; 00010; 00014; 00013; 00011; 00008; 00000; 00000; 00000; 000062
01422401;J MHC MEDIO OXF;Despacho;; 00003; 00007; 00011; 00011; 00008; 00006; 00000; 00000; 00000; 00046
01422401;J MHC MEDIO OXF;saldo;; 00003; 00003; 00003; 00002; 00003; 00002; 00000; 00000; 00000; 00016
01422401;J MHC MEDIO OXF;stock;; 00003; 00003; 00003; 00002; 00003; 00002; 00000; 00000; 00000; 00016
01422401;J MHC MEDIO OXF;corte;; 00000; 00000; 00000; 00000; 00000; 00000; 00000; 00000; 00000; 00000
01422401;J MHC MEDIO OXF;sugerido;; 00000; 00000; 00000; 00000; 00000; 00000; 00000; 00000; 00000; 00000
;
01422500;J MHC CINTURA F;Ventas;; 00076; 00128; 00137; 00133; 00099; 00067; 00000; 00000; 00000; 000640
01422500;J MHC CINTURA F;Despacho;; 00084; 00137; 00169; 00159; 00106; 00063; 00000; 00000; 00000; 00718
01422500;J MHC CINTURA F;saldo;;-00008;-00009;-00032;-00026;-00007; 00004; 00000; 00000; 00000;-00078
01422500;J MHC CINTURA F;stock;;-00002;-00002;-00012;-00004; 00000;-00001; 00000; 00000; 00000;-00021
01422500;J MHC CINTURA F;corte;; 00000; 00000; 00000; 00000; 00000; 00000; 00000; 00000; 00000; 00000
01422500;J MHC CINTURA F;sugerido;;-00006;-00007;-00020;-00022;-00007; 00005; 00000; 00000; 00000;-00057
;
01422501;J MHC CINTURA F;Ventas;; 00000; 00004; 00008; 00008; 00007; 00005; 00000; 00000; 00000; 000032
01422501;J MHC CINTURA F;Despacho;; 00000; 00000; 00000; 00000; 00000; 00000; 00000; 00000; 00000; 00000
01422501;J MHC CINTURA F;saldo;; 00000; 00004; 00008; 00008; 00007; 00005; 00000; 00000; 00000; 00032
01422501;J MHC CINTURA F;stock;; 00000; 00000; 00000; 00000; 00000; 00000; 00000; 00000; 00000; 00000
01422501;J MHC CINTURA F;corte;; 00000; 00000; 00000; 00000; 00000; 00000; 00000; 00000; 00000; 00000
01422501;J MHC CINTURA F;sugerido;; 00000; 00004; 00008; 00008; 00007; 00005; 00000; 00000; 00000; 00032
;
01422600;J MHC MEDIO PIT;Ventas;; 00049; 00113; 00128; 00123; 00078; 00064; 00000; 00000; 00000; 000555
01422600;J MHC MEDIO PIT;Despacho;; 00049; 00099; 00111; 00105; 00068; 00052; 00000; 00000; 00000; 00484
01422600;J MHC MEDIO PIT;saldo;; 00000; 00014; 00017; 00018; 00010; 00012; 00000; 00000; 00000; 00071
01422600;J MHC MEDIO PIT;stock;; 00003; 00014; 00001; 00009; 00002; 00000; 00000; 00000; 00000; 00029
01422600;J MHC MEDIO PIT;corte;; 00000; 00000; 00000; 00000; 00000; 00000; 00000; 00000; 00000; 00000
01422600;J MHC MEDIO PIT;sugerido;;-00003; 00000; 00016; 00009; 00008; 00012; 00000; 00000; 00000; 00042
;
01422601;J MHC MEDIO PIT;Ventas;; 00042; 00069; 00070; 00065; 00048; 00031; 00000; 00000; 00000; 000325
01422601;J MHC MEDIO PIT;Despacho;; 00022; 00035; 00036; 00035; 00028; 00014; 00000; 00000; 00000; 00170
01422601;J MHC MEDIO PIT;saldo;; 00020; 00034; 00034; 00030; 00020; 00017; 00000; 00000; 00000; 00155
01422601;J MHC MEDIO PIT;stock;; 00005; 00002; 00002; 00000; 00011; 00007; 00000; 00000; 00000; 00027
01422601;J MHC MEDIO PIT;corte;; 00000; 00000; 00000; 00000; 00000; 00000; 00000; 00000; 00000; 00000
01422601;J MHC MEDIO PIT;sugerido;; 00015; 00032; 00032; 00030; 00009; 00010; 00000; 00000; 00000; 00128
;
01422700;J MHC CINT.RECT;Ventas;; 00048; 00104; 00114; 00111; 00081; 00059; 00001; 00000; 00000; 000518
01422700;J MHC CINT.RECT;Despacho;; 00046; 00099; 00104; 00095; 00066; 00047; 00000; 00000; 00000; 00457
01422700;J MHC CINT.RECT;saldo;; 00002; 00005; 00010; 00016; 00015; 00012; 00001; 00000; 00000; 00061
01422700;J MHC CINT.RECT;stock;; 00005; 00005;-00005; 00001; 00002; 00005; 00000; 00000; 00000; 00013
01422700;J MHC CINT.RECT;corte;; 00000; 00000; 00000; 00000; 00000; 00000; 00000; 00000; 00000; 00000
01422700;J MHC CINT.RECT;sugerido;;-00003; 00000; 00015; 00015; 00013; 00007; 00001; 00000; 00000; 00048
;
01422701;J MHC CINTURA R;Ventas;; 00045; 00101; 00110; 00109; 00080; 00065; 00000; 00000; 00000; 000510
01422701;J MHC CINTURA R;Despacho;; 00034; 00083; 00088; 00090; 00069; 00043; 00000; 00000; 00000; 00407
01422701;J MHC CINTURA R;saldo;; 00011; 00018; 00022; 00019; 00011; 00022; 00000; 00000; 00000; 00103
01422701;J MHC CINTURA R;stock;; 00005; 00003; 00002; 00008; 00015; 00016; 00000; 00000; 00000; 00049
01422701;J MHC CINTURA R;corte;; 00000; 00000; 00000; 00000; 00000; 00000; 00000; 00000; 00000; 00000
01422701;J MHC CINTURA R;sugerido;; 00006; 00015; 00020; 00011;-00004; 00006; 00000; 00000; 00000; 00054
;
01422702;J MHC CINTURA R;Ventas;; 00002; 00003; 00002; 00002; 00002; 00001; 00000; 00000; 00000; 000012
01422702;J MHC CINTURA R;Despacho;; 00002; 00003; 00002; 00002; 00002; 00001; 00000; 00000; 00000; 00012
01422702;J MHC CINTURA R;saldo;; 00000; 00000; 00000; 00000; 00000; 00000; 00000; 00000; 00000; 00000
01422702;J MHC CINTURA R;stock;; 00000; 00000; 00000; 00000; 00000; 00000; 00000; 00000; 00000; 00000
01422702;J MHC CINTURA R;corte;; 00000; 00000; 00000; 00000; 00000; 00000; 00000; 00000; 00000; 00000
01422702;J MHC CINTURA R;sugerido;; 00000; 00000; 00000; 00000; 00000; 00000; 00000; 00000; 00000; 00000
;
01422800;J MHC MEDIO FLA;Ventas;; 00065; 00132; 00145; 00121; 00090; 00054; 00000; 00000; 00000; 000607
01422800;J MHC MEDIO FLA;Despacho;; 00052; 00115; 00112; 00100; 00068; 00048; 00000; 00000; 00000; 00495
01422800;J MHC MEDIO FLA;saldo;; 00013; 00017; 00033; 00021; 00022; 00006; 00000; 00000; 00000; 00112
01422800;J MHC MEDIO FLA;stock;;-00004;-00016; 00032;-00006; 00026;-00003; 00000; 00000; 00000; 00029
01422800;J MHC MEDIO FLA;corte;; 00000; 00000; 00000; 00000; 00000; 00000; 00000; 00000; 00000; 00000
01422800;J MHC MEDIO FLA;sugerido;; 00017; 00033; 00001; 00027;-00004; 00009; 00000; 00000; 00000; 00083
;
01422900;J MHC CINTURA P;Ventas;; 00046; 00107; 00116; 00113; 00082; 00062; 00000; 00000; 00000; 000526
01422900;J MHC CINTURA P;Despacho;; 00039; 00091; 00099; 00098; 00075; 00048; 00000; 00000; 00000; 00450
01422900;J MHC CINTURA P;saldo;; 00007; 00016; 00017; 00015; 00007; 00014; 00000; 00000; 00000; 00076
01422900;J MHC CINTURA P;stock;; 00033; 00006; 00004; 00004; 00003; 00000; 00000; 00000; 00000; 00050
01422900;J MHC CINTURA P;corte;; 00000; 00000; 00000; 00000; 00000; 00000; 00000; 00000; 00000; 00000
01422900;J MHC CINTURA P;sugerido;;-00026; 00010; 00013; 00011; 00004; 00014; 00000; 00000; 00000; 00026
;
01423000;J MHC CINTURA P;Ventas;; 00068; 00094; 00094; 00090; 00071; 00044; 00000; 00000; 00000; 000461
01423000;J MHC CINTURA P;Despacho;; 00066; 00080; 00097; 00095; 00057; 00039; 00000; 00000; 00000; 00434
01423000;J MHC CINTURA P;saldo;; 00002; 00014;-00003;-00005; 00014; 00005; 00000; 00000; 00000; 00027
01423000;J MHC CINTURA P;stock;; 00016; 00011; 00007; 00006; 00022; 00011; 00000; 00000; 00000; 00073
01423000;J MHC CINTURA P;corte;; 00000; 00000; 00000; 00000; 00000; 00000; 00000; 00000; 00000; 00000
01423000;J MHC CINTURA P;sugerido;;-00014; 00003;-00010;-00011;-00008;-00006; 00000; 00000; 00000;-00046
;
01423200;J MHC CINTURA O;Ventas;; 00025; 00044; 00043; 00041; 00026; 00030; 00000; 00000; 00000; 000209
01423200;J MHC CINTURA O;Despacho;; 00025; 00036; 00037; 00036; 00022; 00020; 00000; 00000; 00000; 00176
01423200;J MHC CINTURA O;saldo;; 00000; 00008; 00006; 00005; 00004; 00010; 00000; 00000; 00000; 00033
01423200;J MHC CINTURA O;stock;; 00001;-00001; 00006; 00002; 00003; 00004; 00000; 00000; 00000; 00015
01423200;J MHC CINTURA O;corte;; 00000; 00000; 00000; 00000; 00000; 00000; 00000; 00000; 00000; 00000
01423200;J MHC CINTURA O;sugerido;;-00001; 00009; 00000; 00003; 00001; 00006; 00000; 00000; 00000; 00018
;
01423304;J MHC CINTURA T;Ventas;; 00022; 00040; 00043; 00040; 00026; 00014; 00000; 00000; 00000; 000185
01423304;J MHC CINTURA T;Despacho;; 00018; 00029; 00035; 00030; 00023; 00015; 00000; 00000; 00000; 00150
01423304;J MHC CINTURA T;saldo;; 00004; 00011; 00008; 00010; 00003;-00001; 00000; 00000; 00000; 00035
01423304;J MHC CINTURA T;stock;; 00000; 00007; 00007; 00007; 00008; 00005; 00000; 00000; 00000; 00034
01423304;J MHC CINTURA T;corte;; 00000; 00000; 00000; 00000; 00000; 00000; 00000; 00000; 00000; 00000
01423304;J MHC CINTURA T;sugerido;; 00004; 00004; 00001; 00003;-00005;-00006; 00000; 00000; 00000; 00001
;
01423308;J MHC CINTURA T;Ventas;; 00019; 00036; 00037; 00035; 00027; 00012; 00000; 00000; 00000; 000166
01423308;J MHC CINTURA T;Despacho;; 00011; 00027; 00029; 00024; 00024; 00010; 00000; 00000; 00000; 00125
01423308;J MHC CINTURA T;saldo;; 00008; 00009; 00008; 00011; 00003; 00002; 00000; 00000; 00000; 00041
01423308;J MHC CINTURA T;stock;; 00004; 00006; 00002; 00005; 00002; 00001; 00000; 00000; 00000; 00020
01423308;J MHC CINTURA T;corte;; 00000; 00000; 00000; 00000; 00000; 00000; 00000; 00000; 00000; 00000
01423308;J MHC CINTURA T;sugerido;; 00004; 00003; 00006; 00006; 00001; 00001; 00000; 00000; 00000; 00021
;
01423309;J MHC CINTURA T;Ventas;; 00006; 00008; 00006; 00006; 00004; 00002; 00000; 00000; 00000; 000032
01423309;J MHC CINTURA T;Despacho;; 00006; 00008; 00006; 00007; 00002; 00002; 00000; 00000; 00000; 00031
01423309;J MHC CINTURA T;saldo;; 00000; 00000; 00000;-00001; 00002; 00000; 00000; 00000; 00000; 00001
01423309;J MHC CINTURA T;stock;; 00001; 00003; 00003; 00003; 00002; 00002; 00000; 00000; 00000; 00014
01423309;J MHC CINTURA T;corte;; 00000; 00000; 00000; 00000; 00000; 00000; 00000; 00000; 00000; 00000
01423309;J MHC CINTURA T;sugerido;;-00001;-00003;-00003;-00004; 00000;-00002; 00000; 00000; 00000;-00013
;
01423316;J MHC CINTURA T;Ventas;; 00028; 00048; 00049; 00048; 00019; 00014; 00000; 00000; 00000; 000206
01423316;J MHC CINTURA T;Despacho;; 00010; 00020; 00021; 00019; 00012; 00006; 00000; 00000; 00000; 00088
01423316;J MHC CINTURA T;saldo;; 00018; 00028; 00028; 00029; 00007; 00008; 00000; 00000; 00000; 00118
01423316;J MHC CINTURA T;stock;; 00001; 00004; 00004; 00004; 00003; 00002; 00000; 00000; 00000; 00018
01423316;J MHC CINTURA T;corte;; 00000; 00000; 00000; 00000; 00000; 00000; 00000; 00000; 00000; 00000
01423316;J MHC CINTURA T;sugerido;; 00017; 00024; 00024; 00025; 00004; 00006; 00000; 00000; 00000; 00100
;
01423348;J MHC CINTURA T;Ventas;; 00020; 00028; 00028; 00027; 00020; 00017; 00000; 00000; 00000; 000140
01423348;J MHC CINTURA T;Despacho;; 00010; 00016; 00016; 00015; 00013; 00009; 00000; 00000; 00000; 00079
01423348;J MHC CINTURA T;saldo;; 00010; 00012; 00012; 00012; 00007; 00008; 00000; 00000; 00000; 00061
01423348;J MHC CINTURA T;stock;; 00000; 00002; 00002; 00001;-00001; 00000; 00000; 00000; 00000; 00004
01423348;J MHC CINTURA T;corte;; 00000; 00000; 00000; 00000; 00000; 00000; 00000; 00000; 00000; 00000
01423348;J MHC CINTURA T;sugerido;; 00010; 00010; 00010; 00011; 00008; 00008; 00000; 00000; 00000; 00057
;
01423400;J MHC CINTURA F;Ventas;; 00003; 00004; 00002; 00002; 00001; 00000; 00000; 00000; 00000; 000012
01423400;J MHC CINTURA F;Despacho;; 00000; 00000; 00000; 00000; 00000; 00000; 00000; 00000; 00000; 00000
01423400;J MHC CINTURA F;saldo;; 00003; 00004; 00002; 00002; 00001; 00000; 00000; 00000; 00000; 00012
01423400;J MHC CINTURA F;stock;; 00000; 00000; 00000; 00000; 00000; 00000; 00000; 00000; 00000; 00000
01423400;J MHC CINTURA F;corte;; 00000; 00008; 00000; 00000; 00000; 00000; 00000; 00000; 00000; 00008
01423400;J MHC CINTURA F;sugerido;; 00003;-00004; 00002; 00002; 00001; 00000; 00000; 00000; 00000; 00004
;
01423404;J MHC CINTURA F;Ventas;; 00052; 00094; 00101; 00096; 00057; 00035; 00000; 00000; 00000; 000435
01423404;J MHC CINTURA F;Despacho;; 00035; 00070; 00075; 00072; 00046; 00032; 00000; 00000; 00000; 00330
01423404;J MHC CINTURA F;saldo;; 00017; 00024; 00026; 00024; 00011; 00003; 00000; 00000; 00000; 00105
01423404;J MHC CINTURA F;stock;; 00013; 00031; 00024; 00027; 00020; 00020; 00000; 00000; 00000; 00135
01423404;J MHC CINTURA F;corte;; 00000; 00000; 00000; 00000; 00000; 00000; 00000; 00000; 00000; 00000
01423404;J MHC CINTURA F;sugerido;; 00004;-00007; 00002;-00003;-00009;-00017; 00000; 00000; 00000;-00030
;
01423408;J MHC CINTURA F;Ventas;; 00052; 00100; 00090; 00087; 00051; 00027; 00000; 00000; 00000; 000407
01423408;J MHC CINTURA F;Despacho;; 00040; 00103; 00091; 00089; 00054; 00012; 00000; 00000; 00000; 00389
01423408;J MHC CINTURA F;saldo;; 00012;-00003;-00001;-00002;-00003; 00015; 00000; 00000; 00000; 00018
01423408;J MHC CINTURA F;stock;; 00002; 00003; 00002; 00001; 00004; 00000; 00000; 00000; 00000; 00012
01423408;J MHC CINTURA F;corte;; 00000; 00000; 00000; 00000; 00000; 00000; 00000; 00000; 00000; 00000
01423408;J MHC CINTURA F;sugerido;; 00010;-00006;-00003;-00003;-00007; 00015; 00000; 00000; 00000; 00006
;
01423409;J MHC CINTURA F;Ventas;; 00014; 00027; 00029; 00031; 00016; 00010; 00000; 00000; 00000; 000127
01423409;J MHC CINTURA F;Despacho;; 00007; 00013; 00014; 00012; 00008; 00005; 00000; 00000; 00000; 00059
01423409;J MHC CINTURA F;saldo;; 00007; 00014; 00015; 00019; 00008; 00005; 00000; 00000; 00000; 00068
01423409;J MHC CINTURA F;stock;; 00001; 00001; 00001; 00000; 00002; 00000; 00000; 00000; 00000; 00005
01423409;J MHC CINTURA F;corte;; 00000; 00000; 00000; 00000; 00000; 00000; 00000; 00000; 00000; 00000
01423409;J MHC CINTURA F;sugerido;; 00006; 00013; 00014; 00019; 00006; 00005; 00000; 00000; 00000; 00063
;
01423416;J MHC CINTURA F;Ventas;; 00040; 00062; 00068; 00062; 00035; 00016; 00000; 00000; 00000; 000283
01423416;J MHC CINTURA F;Despacho;; 00025; 00038; 00045; 00038; 00024; 00008; 00000; 00000; 00000; 00178
01423416;J MHC CINTURA F;saldo;; 00015; 00024; 00023; 00024; 00011; 00008; 00000; 00000; 00000; 00105
01423416;J MHC CINTURA F;stock;; 00000; 00002;-00001; 00002; 00001; 00001; 00000; 00000; 00000; 00005
01423416;J MHC CINTURA F;corte;; 00000; 00000; 00000; 00000; 00000; 00000; 00000; 00000; 00000; 00000
01423416;J MHC CINTURA F;sugerido;; 00015; 00022; 00024; 00022; 00010; 00007; 00000; 00000; 00000; 00100
;
01423448;J MHC CINTURA F;Ventas;; 00027; 00044; 00044; 00044; 00025; 00014; 00000; 00000; 00000; 000198
01423448;J MHC CINTURA F;Despacho;; 00019; 00031; 00030; 00027; 00017; 00007; 00000; 00000; 00000; 00131
01423448;J MHC CINTURA F;saldo;; 00008; 00013; 00014; 00017; 00008; 00007; 00000; 00000; 00000; 00067
01423448;J MHC CINTURA F;stock;; 00000; 00000; 00000; 00000; 00004; 00000; 00000; 00000; 00000; 00004
01423448;J MHC CINTURA F;corte;; 00000; 00000; 00000; 00000; 00000; 00000; 00000; 00000; 00000; 00000
01423448;J MHC CINTURA F;sugerido;; 00008; 00013; 00014; 00017; 00004; 00007; 00000; 00000; 00000; 00063
;
01423500;J MHC CINTURA P;Ventas;; 00091; 00166; 00167; 00164; 00113; 00076; 00000; 00000; 00000; 000777
01423500;J MHC CINTURA P;Despacho;; 00092; 00159; 00166; 00151; 00104; 00070; 00000; 00000; 00000; 00742
01423500;J MHC CINTURA P;saldo;;-00001; 00007; 00001; 00013; 00009; 00006; 00000; 00000; 00000; 00035
01423500;J MHC CINTURA P;stock;; 00004; 00021; 00019; 00021; 00020; 00012; 00000; 00000; 00000; 00097
01423500;J MHC CINTURA P;corte;; 00000; 00000; 00000; 00000; 00000; 00000; 00000; 00000; 00000; 00000
01423500;J MHC CINTURA P;sugerido;;-00005;-00014;-00018;-00008;-00011;-00006; 00000; 00000; 00000;-00062
;
01423501;J MHC CINTURA P;Ventas;; 00027; 00049; 00055; 00053; 00039; 00028; 00000; 00000; 00000; 000251
01423501;J MHC CINTURA P;Despacho;; 00027; 00043; 00054; 00049; 00039; 00023; 00000; 00000; 00000; 00235
01423501;J MHC CINTURA P;saldo;; 00000; 00006; 00001; 00004; 00000; 00005; 00000; 00000; 00000; 00016
01423501;J MHC CINTURA P;stock;; 00002; 00003; 00000; 00003; 00000; 00006; 00000; 00000; 00000; 00014
01423501;J MHC CINTURA P;corte;; 00000; 00000; 00000; 00000; 00000; 00000; 00000; 00000; 00000; 00000
01423501;J MHC CINTURA P;sugerido;;-00002; 00003; 00001; 00001; 00000;-00001; 00000; 00000; 00000; 00002
;
01423600;J MHC CINTURA P;Ventas;; 00072; 00139; 00145; 00141; 00089; 00062; 00000; 00000; 00000; 000648
01423600;J MHC CINTURA P;Despacho;; 00041; 00081; 00082; 00083; 00058; 00035; 00000; 00000; 00000; 00380
01423600;J MHC CINTURA P;saldo;; 00031; 00058; 00063; 00058; 00031; 00027; 00000; 00000; 00000; 00268
01423600;J MHC CINTURA P;stock;; 00001;-00004;-00001; 00001; 00000; 00000; 00000; 00000; 00000;-00003
01423600;J MHC CINTURA P;corte;; 00000; 00000; 00000; 00000; 00000; 00000; 00000; 00000; 00000; 00000
01423600;J MHC CINTURA P;sugerido;; 00030; 00062; 00064; 00057; 00031; 00027; 00000; 00000; 00000; 00271
;
01423601;J MHC CINTURA P;Ventas;; 00010; 00012; 00012; 00012; 00004; 00004; 00000; 00000; 00000; 000054
01423601;J MHC CINTURA P;Despacho;; 00007; 00007; 00012; 00007; 00004; 00004; 00000; 00000; 00000; 00041
01423601;J MHC CINTURA P;saldo;; 00003; 00005; 00000; 00005; 00000; 00000; 00000; 00000; 00000; 00013
01423601;J MHC CINTURA P;stock;; 00000; 00000; 00000; 00000; 00000; 00000; 00000; 00000; 00000; 00000
01423601;J MHC CINTURA P;corte;; 00000; 00000; 00000; 00000; 00000; 00000; 00000; 00000; 00000; 00000
01423601;J MHC CINTURA P;sugerido;; 00003; 00005; 00000; 00005; 00000; 00000; 00000; 00000; 00000; 00013
;
01423800;J MHC CINTURA P;Ventas;; 00015; 00035; 00039; 00029; 00017; 00014; 00000; 00000; 00000; 000149
01423800;J MHC CINTURA P;Despacho;; 00011; 00028; 00033; 00023; 00014; 00012; 00000; 00000; 00000; 00121
01423800;J MHC CINTURA P;saldo;; 00004; 00007; 00006; 00006; 00003; 00002; 00000; 00000; 00000; 00028
01423800;J MHC CINTURA P;stock;; 00000; 00003;-00006; 00006; 00000; 00000; 00000; 00000; 00000; 00003
01423800;J MHC CINTURA P;corte;; 00000; 00000; 00000; 00000; 00000; 00000; 00000; 00000; 00000; 00000
01423800;J MHC CINTURA P;sugerido;; 00004; 00004; 00012; 00000; 00003; 00002; 00000; 00000; 00000; 00025
;
01423900;J MHC CINTURA F;Ventas;; 00068; 00132; 00136; 00140; 00086; 00068; 00000; 00000; 00000; 000630
01423900;J MHC CINTURA F;Despacho;; 00058; 00119; 00122; 00122; 00087; 00061; 00000; 00000; 00000; 00569
01423900;J MHC CINTURA F;saldo;; 00010; 00013; 00014; 00018;-00001; 00007; 00000; 00000; 00000; 00061
01423900;J MHC CINTURA F;stock;; 00013; 00020; 00009; 00014; 00003;-00003; 00000; 00000; 00000; 00056
01423900;J MHC CINTURA F;corte;; 00000; 00000; 00000; 00000; 00000; 00000; 00000; 00000; 00000; 00000
01423900;J MHC CINTURA F;sugerido;;-00003;-00007; 00005; 00004;-00004; 00010; 00000; 00000; 00000; 00005
;
01424000;J MHC CINTURA P;Ventas;; 00075; 00127; 00137; 00128; 00102; 00077; 00000; 00000; 00000; 000646
01424000;J MHC CINTURA P;Despacho;; 00070; 00106; 00114; 00107; 00092; 00065; 00000; 00000; 00000; 00554
01424000;J MHC CINTURA P;saldo;; 00005; 00021; 00023; 00021; 00010; 00012; 00000; 00000; 00000; 00092
01424000;J MHC CINTURA P;stock;; 00005; 00006; 00006; 00006; 00001; 00002; 00000; 00000; 00000; 00026
01424000;J MHC CINTURA P;corte;; 00000; 00000; 00000; 00000; 00000; 00000; 00000; 00000; 00000; 00000
01424000;J MHC CINTURA P;sugerido;; 00000; 00015; 00017; 00015; 00009; 00010; 00000; 00000; 00000; 00066
;
01424200;J MHC CINTURA P;Ventas;; 00024; 00040; 00044; 00056; 00023; 00020; 00000; 00000; 00000; 000207
01424200;J MHC CINTURA P;Despacho;; 00017; 00030; 00035; 00041; 00017; 00012; 00000; 00000; 00000; 00152
01424200;J MHC CINTURA P;saldo;; 00007; 00010; 00009; 00015; 00006; 00008; 00000; 00000; 00000; 00055
01424200;J MHC CINTURA P;stock;; 00003; 00006; 00002; 00000; 00001; 00002; 00000; 00000; 00000; 00014
01424200;J MHC CINTURA P;corte;; 00000; 00000; 00000; 00000; 00000; 00000; 00000; 00000; 00000; 00000
01424200;J MHC CINTURA P;sugerido;; 00004; 00004; 00007; 00015; 00005; 00006; 00000; 00000; 00000; 00041
;
01424300;J MHC CINTURA P;Ventas;; 00052; 00097; 00096; 00087; 00060; 00046; 00000; 00000; 00000; 000438
01424300;J MHC CINTURA P;Despacho;; 00044; 00079; 00084; 00077; 00055; 00038; 00000; 00000; 00000; 00377
01424300;J MHC CINTURA P;saldo;; 00008; 00018; 00012; 00010; 00005; 00008; 00000; 00000; 00000; 00061
01424300;J MHC CINTURA P;stock;; 00001; 00005; 00005; 00006; 00001; 00006; 00000; 00000; 00000; 00024
01424300;J MHC CINTURA P;corte;; 00000; 00000; 00000; 00000; 00000; 00000; 00000; 00000; 00000; 00000
01424300;J MHC CINTURA P;sugerido;; 00007; 00013; 00007; 00004; 00004; 00002; 00000; 00000; 00000; 00037
;
01424400;J MHC CINTURA P;Ventas;; 00040; 00058; 00069; 00049; 00030; 00016; 00000; 00000; 00000; 000262
01424400;J MHC CINTURA P;Despacho;; 00027; 00044; 00050; 00045; 00026; 00007; 00000; 00000; 00000; 00199
01424400;J MHC CINTURA P;saldo;; 00013; 00014; 00019; 00004; 00004; 00009; 00000; 00000; 00000; 00063
01424400;J MHC CINTURA P;stock;; 00017; 00013; 00009; 00018; 00000; 00000; 00000; 00000; 00000; 00057
01424400;J MHC CINTURA P;corte;; 00000; 00000; 00000; 00000; 00000; 00000; 00000; 00000; 00000; 00000
01424400;J MHC CINTURA P;sugerido;;-00004; 00001; 00010;-00014; 00004; 00009; 00000; 00000; 00000; 00006
;
01424500;J MHC CINTURA P;Ventas;; 00014; 00030; 00028; 00027; 00018; 00016; 00000; 00000; 00000; 000133
01424500;J MHC CINTURA P;Despacho;; 00014; 00028; 00028; 00027; 00018; 00008; 00000; 00000; 00000; 00123
01424500;J MHC CINTURA P;saldo;; 00000; 00002; 00000; 00000; 00000; 00008; 00000; 00000; 00000; 00010
01424500;J MHC CINTURA P;stock;; 00001; 00001; 00008;-00001; 00002; 00000; 00000; 00000; 00000; 00011
01424500;J MHC CINTURA P;corte;; 00000; 00000; 00000; 00000; 00000; 00000; 00000; 00000; 00000; 00000
01424500;J MHC CINTURA P;sugerido;;-00001; 00001;-00008; 00001;-00002; 00008; 00000; 00000; 00000;-00001
;
01424600;J MHC CINTURA T;Ventas;; 00018; 00035; 00036; 00035; 00019; 00013; 00000; 00000; 00000; 000156
01424600;J MHC CINTURA T;Despacho;; 00014; 00029; 00029; 00029; 00015; 00011; 00000; 00000; 00000; 00127
01424600;J MHC CINTURA T;saldo;; 00004; 00006; 00007; 00006; 00004; 00002; 00000; 00000; 00000; 00029
01424600;J MHC CINTURA T;stock;; 00003;-00001; 00018; 00013; 00014; 00000; 00000; 00000; 00000; 00047
01424600;J MHC CINTURA T;corte;; 00000; 00000; 00000; 00000; 00000; 00000; 00000; 00000; 00000; 00000
01424600;J MHC CINTURA T;sugerido;; 00001; 00007;-00011;-00007;-00010; 00002; 00000; 00000; 00000;-00018
;
01424700;J MHC CINTURA R;Ventas;; 00076; 00123; 00121; 00130; 00083; 00080; 00000; 00000; 00000; 000613
01424700;J MHC CINTURA R;Despacho;; 00068; 00109; 00106; 00111; 00074; 00068; 00000; 00000; 00000; 00536
01424700;J MHC CINTURA R;saldo;; 00008; 00014; 00015; 00019; 00009; 00012; 00000; 00000; 00000; 00077
01424700;J MHC CINTURA R;stock;; 00015; 00020; 00049; 00019; 00037; 00002; 00000; 00000; 00000; 00142
01424700;J MHC CINTURA R;corte;; 00000; 00000; 00000; 00000; 00000; 00000; 00000; 00000; 00000; 00000
01424700;J MHC CINTURA R;sugerido;;-00007;-00006;-00034; 00000;-00028; 00010; 00000; 00000; 00000;-00065
;
01424701;J MHC CINTURA R;Ventas;; 00028; 00040; 00050; 00037; 00026; 00015; 00000; 00000; 00000; 000196
01424701;J MHC CINTURA R;Despacho;; 00022; 00030; 00037; 00029; 00022; 00011; 00000; 00000; 00000; 00151
01424701;J MHC CINTURA R;saldo;; 00006; 00010; 00013; 00008; 00004; 00004; 00000; 00000; 00000; 00045
01424701;J MHC CINTURA R;stock;;-00007;-00008;-00002;-00009; 00003;-00005; 00000; 00000; 00000;-00028
01424701;J MHC CINTURA R;corte;; 00000; 00000; 00000; 00000; 00000; 00000; 00000; 00000; 00000; 00000
01424701;J MHC CINTURA R;sugerido;; 00013; 00018; 00015; 00017; 00001; 00009; 00000; 00000; 00000; 00073
;
01424800;J MHC CINTURA R;Ventas;; 00032; 00070; 00071; 00070; 00053; 00041; 00000; 00000; 00000; 000337
01424800;J MHC CINTURA R;Despacho;; 00031; 00069; 00071; 00069; 00055; 00041; 00000; 00000; 00000; 00336
01424800;J MHC CINTURA R;saldo;; 00001; 00001; 00000; 00001;-00002; 00000; 00000; 00000; 00000; 00001
01424800;J MHC CINTURA R;stock;; 00005; 00008; 00008; 00008; 00010; 00007; 00000; 00000; 00000; 00046
01424800;J MHC CINTURA R;corte;; 00000; 00000; 00000; 00000; 00000; 00000; 00000; 00000; 00000; 00000
01424800;J MHC CINTURA R;sugerido;;-00004;-00007;-00008;-00007;-00012;-00007; 00000; 00000; 00000;-00045
;
01424801;J MHC CINTURA R;Ventas;; 00026; 00051; 00059; 00055; 00040; 00031; 00000; 00000; 00000; 000262
01424801;J MHC CINTURA R;Despacho;; 00025; 00043; 00054; 00045; 00036; 00026; 00000; 00000; 00000; 00229
01424801;J MHC CINTURA R;saldo;; 00001; 00008; 00005; 00010; 00004; 00005; 00000; 00000; 00000; 00033
01424801;J MHC CINTURA R;stock;; 00001; 00009; 00002; 00009; 00009; 00006; 00000; 00000; 00000; 00036
01424801;J MHC CINTURA R;corte;; 00000; 00000; 00000; 00000; 00000; 00000; 00000; 00000; 00000; 00000
01424801;J MHC CINTURA R;sugerido;; 00000;-00001; 00003; 00001;-00005;-00001; 00000; 00000; 00000;-00003
;
01424900;J MHC CINTURA P;Ventas;; 00067; 00116; 00130; 00118; 00088; 00066; 00000; 00000; 00000; 000585
01424900;J MHC CINTURA P;Despacho;; 00031; 00066; 00073; 00073; 00051; 00043; 00000; 00000; 00000; 00337
01424900;J MHC CINTURA P;saldo;; 00036; 00050; 00057; 00045; 00037; 00023; 00000; 00000; 00000; 00248
01424900;J MHC CINTURA P;stock;; 00017; 00031; 00037; 00027; 00024; 00009; 00000; 00000; 00000; 00145
01424900;J MHC CINTURA P;corte;; 00000; 00000; 00000; 00000; 00000; 00000; 00000; 00000; 00000; 00000
01424900;J MHC CINTURA P;sugerido;; 00019; 00019; 00020; 00018; 00013; 00014; 00000; 00000; 00000; 00103
;
01424960;J MHC CINTURA P;Ventas;; 00006; 00009; 00011; 00009; 00007; 00004; 00000; 00000; 00000; 000046
01424960;J MHC CINTURA P;Despacho;; 00006; 00008; 00009; 00007; 00006; 00003; 00000; 00000; 00000; 00039
01424960;J MHC CINTURA P;saldo;; 00000; 00001; 00002; 00002; 00001; 00001; 00000; 00000; 00000; 00007
01424960;J MHC CINTURA P;stock;; 00000; 00001; 00002; 00002; 00001; 00001; 00000; 00000; 00000; 00007
01424960;J MHC CINTURA P;corte;; 00000; 00000; 00000; 00000; 00000; 00000; 00000; 00000; 00000; 00000
01424960;J MHC CINTURA P;sugerido;; 00000; 00000; 00000; 00000; 00000; 00000; 00000; 00000; 00000; 00000
;
01425160;J MHC CINTURA R;Ventas;; 00015; 00025; 00020; 00024; 00009; 00007; 00000; 00000; 00000; 000100
01425160;J MHC CINTURA R;Despacho;; 00015; 00025; 00020; 00024; 00009; 00007; 00000; 00000; 00000; 00100
01425160;J MHC CINTURA R;saldo;; 00000; 00000; 00000; 00000; 00000; 00000; 00000; 00000; 00000; 00000
01425160;J MHC CINTURA R;stock;; 00000;-00025;-00020;-00024;-00009;-00007; 00000; 00000; 00000;-00085
01425160;J MHC CINTURA R;corte;; 00000; 00000; 00000; 00000; 00000; 00000; 00000; 00000; 00000; 00000
01425160;J MHC CINTURA R;sugerido;; 00000; 00025; 00020; 00024; 00009; 00007; 00000; 00000; 00000; 00085
;
01425200;J MHC CINTURA W;Ventas;; 00003; 00005; 00007; 00008; 00007; 00004; 00000; 00000; 00000; 000034
01425200;J MHC CINTURA W;Despacho;; 00000; 00000; 00000; 00000; 00000; 00000; 00000; 00000; 00000; 00000
01425200;J MHC CINTURA W;saldo;; 00003; 00005; 00007; 00008; 00007; 00004; 00000; 00000; 00000; 00034
01425200;J MHC CINTURA W;stock;; 00000; 00000; 00000; 00000; 00000; 00000; 00000; 00000; 00000; 00000
01425200;J MHC CINTURA W;corte;; 00000; 00000; 00000; 00000; 00000; 00000; 00000; 00000; 00000; 00000
01425200;J MHC CINTURA W;sugerido;; 00003; 00005; 00007; 00008; 00007; 00004; 00000; 00000; 00000; 00034
;
01425500;J MHC CINTURA F;Ventas;; 00001; 00003; 00004; 00003; 00003; 00002; 00000; 00000; 00000; 000016
01425500;J MHC CINTURA F;Despacho;; 00000; 00000; 00000; 00000; 00000; 00000; 00000; 00000; 00000; 00000
01425500;J MHC CINTURA F;saldo;; 00001; 00003; 00004; 00003; 00003; 00002; 00000; 00000; 00000; 00016
01425500;J MHC CINTURA F;stock;; 00000; 00000; 00000; 00000; 00000; 00000; 00000; 00000; 00000; 00000
01425500;J MHC CINTURA F;corte;; 00000; 00000; 00000; 00000; 00000; 00000; 00000; 00000; 00000; 00000
01425500;J MHC CINTURA F;sugerido;; 00001; 00003; 00004; 00003; 00003; 00002; 00000; 00000; 00000; 00016
;
01425600;J MHC CINTURA P;Ventas;; 00023; 00033; 00032; 00033; 00023; 00023; 00000; 00000; 00000; 000167
01425600;J MHC CINTURA P;Despacho;; 00019; 00029; 00029; 00030; 00020; 00019; 00000; 00000; 00000; 00146
01425600;J MHC CINTURA P;saldo;; 00004; 00004; 00003; 00003; 00003; 00004; 00000; 00000; 00000; 00021
01425600;J MHC CINTURA P;stock;; 00001;-00001; 00000; 00000; 00000; 00001; 00000; 00000; 00000; 00001
01425600;J MHC CINTURA P;corte;; 00000; 00000; 00000; 00000; 00000; 00000; 00000; 00000; 00000; 00000
01425600;J MHC CINTURA P;sugerido;; 00003; 00005; 00003; 00003; 00003; 00003; 00000; 00000; 00000; 00020
;
01425704;J MHC CINTURA R;Ventas;; 00007; 00013; 00016; 00013; 00008; 00005; 00000; 00000; 00000; 000062
01425704;J MHC CINTURA R;Despacho;; 00000; 00000; 00000; 00000; 00000; 00000; 00000; 00000; 00000; 00000
01425704;J MHC CINTURA R;saldo;; 00007; 00013; 00016; 00013; 00008; 00005; 00000; 00000; 00000; 00062
01425704;J MHC CINTURA R;stock;; 00000; 00000; 00000; 00000; 00000; 00000; 00000; 00000; 00000; 00000
01425704;J MHC CINTURA R;corte;; 00000; 00000; 00000; 00000; 00000; 00000; 00000; 00000; 00000; 00000
01425704;J MHC CINTURA R;sugerido;; 00007; 00013; 00016; 00013; 00008; 00005; 00000; 00000; 00000; 00062
;
01425708;J MHC CINTURA R;Ventas;; 00006; 00008; 00004; 00004; 00002; 00000; 00000; 00000; 00000; 000024
01425708;J MHC CINTURA R;Despacho;; 00000; 00000; 00000; 00000; 00000; 00000; 00000; 00000; 00000; 00000
01425708;J MHC CINTURA R;saldo;; 00006; 00008; 00004; 00004; 00002; 00000; 00000; 00000; 00000; 00024
01425708;J MHC CINTURA R;stock;; 00000; 00000; 00000; 00000; 00000; 00000; 00000; 00000; 00000; 00000
01425708;J MHC CINTURA R;corte;; 00000; 00000; 00000; 00000; 00000; 00000; 00000; 00000; 00000; 00000
01425708;J MHC CINTURA R;sugerido;; 00006; 00008; 00004; 00004; 00002; 00000; 00000; 00000; 00000; 00024
;
01425709;J MHC CINTURA R;Ventas;; 00006; 00008; 00004; 00004; 00002; 00000; 00000; 00000; 00000; 000024
01425709;J MHC CINTURA R;Despacho;; 00000; 00000; 00000; 00000; 00000; 00000; 00000; 00000; 00000; 00000
01425709;J MHC CINTURA R;saldo;; 00006; 00008; 00004; 00004; 00002; 00000; 00000; 00000; 00000; 00024
01425709;J MHC CINTURA R;stock;; 00000; 00000; 00000; 00000; 00000; 00000; 00000; 00000; 00000; 00000
01425709;J MHC CINTURA R;corte;; 00000; 00000; 00000; 00000; 00000; 00000; 00000; 00000; 00000; 00000
01425709;J MHC CINTURA R;sugerido;; 00006; 00008; 00004; 00004; 00002; 00000; 00000; 00000; 00000; 00024
;
01425716;J MHC CINTURA R;Ventas;; 00006; 00010; 00009; 00009; 00005; 00003; 00000; 00000; 00000; 000042
01425716;J MHC CINTURA R;Despacho;; 00000; 00000; 00000; 00000; 00000; 00000; 00000; 00000; 00000; 00000
01425716;J MHC CINTURA R;saldo;; 00006; 00010; 00009; 00009; 00005; 00003; 00000; 00000; 00000; 00042
01425716;J MHC CINTURA R;stock;; 00000; 00000; 00000; 00000; 00000; 00000; 00000; 00000; 00000; 00000
01425716;J MHC CINTURA R;corte;; 00000; 00000; 00000; 00000; 00000; 00000; 00000; 00000; 00000; 00000
01425716;J MHC CINTURA R;sugerido;; 00006; 00010; 00009; 00009; 00005; 00003; 00000; 00000; 00000; 00042
;
01425748;J MHC CINTURA R;Ventas;; 00009; 00014; 00011; 00011; 00007; 00004; 00000; 00000; 00000; 000056
01425748;J MHC CINTURA R;Despacho;; 00000; 00000; 00000; 00000; 00000; 00000; 00000; 00000; 00000; 00000
01425748;J MHC CINTURA R;saldo;; 00009; 00014; 00011; 00011; 00007; 00004; 00000; 00000; 00000; 00056
01425748;J MHC CINTURA R;stock;; 00000; 00000; 00000; 00000; 00000; 00000; 00000; 00000; 00000; 00000
01425748;J MHC CINTURA R;corte;; 00000; 00000; 00000; 00000; 00000; 00000; 00000; 00000; 00000; 00000
01425748;J MHC CINTURA R;sugerido;; 00009; 00014; 00011; 00011; 00007; 00004; 00000; 00000; 00000; 00056
;
01430100;J MHC MEDIO FLA;Ventas;; 00050; 00076; 00093; 00078; 00052; 00030; 00000; 00000; 00000; 000379
01430100;J MHC MEDIO FLA;Despacho;; 00050; 00073; 00091; 00076; 00051; 00030; 00000; 00000; 00000; 00371
01430100;J MHC MEDIO FLA;saldo;; 00000; 00003; 00002; 00002; 00001; 00000; 00000; 00000; 00000; 00008
01430100;J MHC MEDIO FLA;stock;; 00001; 00002;-00001; 00003; 00001; 00001; 00000; 00000; 00000; 00007
01430100;J MHC MEDIO FLA;corte;; 00000; 00000; 00000; 00000; 00000; 00000; 00000; 00000; 00000; 00000
01430100;J MHC MEDIO FLA;sugerido;;-00001; 00001; 00003;-00001; 00000;-00001; 00000; 00000; 00000; 00001
;
01430160;J MHC MEDIO FLA;Ventas;; 00002; 00003; 00002; 00002; 00001; 00000; 00000; 00000; 00000; 000010
01430160;J MHC MEDIO FLA;Despacho;; 00002; 00003; 00002; 00002; 00001; 00000; 00000; 00000; 00000; 00010
01430160;J MHC MEDIO FLA;saldo;; 00000; 00000; 00000; 00000; 00000; 00000; 00000; 00000; 00000; 00000
01430160;J MHC MEDIO FLA;stock;;-00002;-00003;-00002;-00002;-00001; 00000; 00000; 00000; 00000;-00010
01430160;J MHC MEDIO FLA;corte;; 00000; 00000; 00000; 00000; 00000; 00000; 00000; 00000; 00000; 00000
01430160;J MHC MEDIO FLA;sugerido;; 00002; 00003; 00002; 00002; 00001; 00000; 00000; 00000; 00000; 00010
;
01430300;J MHC CINTURA O;Ventas;; 00005; 00009; 00008; 00008; 00006; 00002; 00000; 00000; 00000; 000038
01430300;J MHC CINTURA O;Despacho;; 00000; 00000; 00000; 00000; 00000; 00000; 00000; 00000; 00000; 00000
01430300;J MHC CINTURA O;saldo;; 00005; 00009; 00008; 00008; 00006; 00002; 00000; 00000; 00000; 00038
01430300;J MHC CINTURA O;stock;; 00000; 00000; 00000; 00000; 00000; 00000; 00000; 00000; 00000; 00000
01430300;J MHC CINTURA O;corte;; 00000; 00005; 00000; 00000; 00000; 00000; 00000; 00000; 00000; 00005
01430300;J MHC CINTURA O;sugerido;; 00005; 00004; 00008; 00008; 00006; 00002; 00000; 00000; 00000; 00033
;
01430900;J MHC CINTURA F;Ventas;; 00060; 00094; 00098; 00093; 00059; 00034; 00000; 00000; 00000; 000438
01430900;J MHC CINTURA F;Despacho;; 00061; 00096; 00099; 00094; 00058; 00035; 00000; 00000; 00000; 00443
01430900;J MHC CINTURA F;saldo;;-00001;-00002;-00001;-00001; 00001;-00001; 00000; 00000; 00000;-00005
01430900;J MHC CINTURA F;stock;; 00004; 00003; 00003; 00005; 00010;-00010; 00000; 00000; 00000; 00015
01430900;J MHC CINTURA F;corte;; 00000; 00000; 00000; 00000; 00000; 00000; 00000; 00000; 00000; 00000
01430900;J MHC CINTURA F;sugerido;;-00005;-00005;-00004;-00006;-00009; 00009; 00000; 00000; 00000;-00020
;
01431000;J MHC CINTURA T;Ventas;; 00031; 00059; 00063; 00059; 00040; 00021; 00000; 00000; 00000; 000273
01431000;J MHC CINTURA T;Despacho;; 00017; 00049; 00048; 00046; 00037; 00017; 00000; 00000; 00000; 00214
01431000;J MHC CINTURA T;saldo;; 00014; 00010; 00015; 00013; 00003; 00004; 00000; 00000; 00000; 00059
01431000;J MHC CINTURA T;stock;; 00007; 00019; 00019; 00015; 00006; 00019; 00000; 00000; 00000; 00085
01431000;J MHC CINTURA T;corte;; 00000; 00000; 00000; 00000; 00000; 00000; 00000; 00000; 00000; 00000
01431000;J MHC CINTURA T;sugerido;; 00007;-00009;-00004;-00002;-00003;-00015; 00000; 00000; 00000;-00026
;
01431100;J MHC CINTURA R;Ventas;; 00028; 00058; 00062; 00058; 00034; 00023; 00000; 00000; 00000; 000263
01431100;J MHC CINTURA R;Despacho;; 00028; 00057; 00061; 00058; 00034; 00023; 00000; 00000; 00000; 00261
01431100;J MHC CINTURA R;saldo;; 00000; 00001; 00001; 00000; 00000; 00000; 00000; 00000; 00000; 00002
01431100;J MHC CINTURA R;stock;; 00002; 00004; 00003; 00005; 00008; 00014; 00000; 00000; 00000; 00036
01431100;J MHC CINTURA R;corte;; 00000; 00005; 00000; 00000; 00000; 00000; 00000; 00000; 00000; 00005
01431100;J MHC CINTURA R;sugerido;;-00002;-00008;-00002;-00005;-00008;-00014; 00000; 00000; 00000;-00039
;
01431200;J MHC CINTURA F;Ventas;; 00000; 00000; 00000; 00001; 00000; 00000; 00000; 00000; 00000; 000001
01431200;J MHC CINTURA F;Despacho;; 00000; 00000; 00000; 00000; 00000; 00000; 00000; 00000; 00000; 00000
01431200;J MHC CINTURA F;saldo;; 00000; 00000; 00000; 00001; 00000; 00000; 00000; 00000; 00000; 00001
01431200;J MHC CINTURA F;stock;; 00000; 00000; 00000; 00000; 00000; 00000; 00000; 00000; 00000; 00000
01431200;J MHC CINTURA F;corte;; 00000; 00000; 00000; 00000; 00000; 00000; 00000; 00000; 00000; 00000
01431200;J MHC CINTURA F;sugerido;; 00000; 00000; 00000; 00001; 00000; 00000; 00000; 00000; 00000; 00001
;
01431300;J MHC CINTURA F;Ventas;; 00038; 00060; 00071; 00063; 00041; 00026; 00000; 00000; 00000; 000299
01431300;J MHC CINTURA F;Despacho;; 00026; 00055; 00073; 00058; 00042; 00029; 00000; 00000; 00000; 00283
01431300;J MHC CINTURA F;saldo;; 00012; 00005;-00002; 00005;-00001;-00003; 00000; 00000; 00000; 00016
01431300;J MHC CINTURA F;stock;; 00003; 00005; 00013; 00008; 00003; 00006; 00000; 00000; 00000; 00038
01431300;J MHC CINTURA F;corte;; 00025; 00046; 00029; 00039; 00029; 00023; 00000; 00000; 00000; 00191
01431300;J MHC CINTURA F;sugerido;;-00016;-00046;-00044;-00042;-00033;-00032; 00000; 00000; 00000;-00213
;
01431400;J MHC CINTURA R;Ventas;; 00038; 00066; 00077; 00075; 00054; 00031; 00000; 00000; 00000; 000341
01431400;J MHC CINTURA R;Despacho;; 00036; 00064; 00075; 00073; 00054; 00031; 00000; 00000; 00000; 00333
01431400;J MHC CINTURA R;saldo;; 00002; 00002; 00002; 00002; 00000; 00000; 00000; 00000; 00000; 00008
01431400;J MHC CINTURA R;stock;; 00000; 00000; 00002;-00003; 00000; 00000; 00000; 00000; 00000;-00001
01431400;J MHC CINTURA R;corte;; 00000; 00000; 00000; 00000; 00000; 00000; 00000; 00000; 00000; 00000
01431400;J MHC CINTURA R;sugerido;; 00002; 00002; 00000; 00005; 00000; 00000; 00000; 00000; 00000; 00009
;
01431800;J MHC CINTURA W;Ventas;; 00050; 00088; 00114; 00099; 00066; 00040; 00000; 00000; 00000; 000457
01431800;J MHC CINTURA W;Despacho;; 00048; 00082; 00106; 00095; 00060; 00038; 00000; 00000; 00000; 00429
01431800;J MHC CINTURA W;saldo;; 00002; 00006; 00008; 00004; 00006; 00002; 00000; 00000; 00000; 00028
01431800;J MHC CINTURA W;stock;; 00002; 00006; 00008; 00006; 00005; 00001; 00000; 00000; 00000; 00028
01431800;J MHC CINTURA W;corte;; 00000; 00000; 00000; 00000; 00000; 00000; 00000; 00000; 00000; 00000
01431800;J MHC CINTURA W;sugerido;; 00000; 00000; 00000;-00002; 00001; 00001; 00000; 00000; 00000; 00000
;
01431900;J MHC  MEDIO FL;Ventas;; 00034; 00044; 00049; 00048; 00031; 00018; 00000; 00000; 00000; 000224
01431900;J MHC  MEDIO FL;Despacho;; 00023; 00031; 00030; 00030; 00020; 00009; 00000; 00000; 00000; 00143
01431900;J MHC  MEDIO FL;saldo;; 00011; 00013; 00019; 00018; 00011; 00009; 00000; 00000; 00000; 00081
01431900;J MHC  MEDIO FL;stock;; 00001;-00002; 00000; 00000; 00000; 00000; 00000; 00000; 00000;-00001
01431900;J MHC  MEDIO FL;corte;; 00000; 00000; 00000; 00000; 00000; 00000; 00000; 00000; 00000; 00000
01431900;J MHC  MEDIO FL;sugerido;; 00010; 00015; 00019; 00018; 00011; 00009; 00000; 00000; 00000; 00082
;
01432100;J MHC CINTURA O;Ventas;; 00055; 00088; 00098; 00089; 00056; 00034; 00000; 00000; 00000; 000420
01432100;J MHC CINTURA O;Despacho;; 00053; 00083; 00092; 00094; 00057; 00036; 00000; 00000; 00000; 00415
01432100;J MHC CINTURA O;saldo;; 00002; 00005; 00006;-00005;-00001;-00002; 00000; 00000; 00000; 00005
01432100;J MHC CINTURA O;stock;; 00001; 00003; 00003; 00004; 00005; 00003; 00000; 00000; 00000; 00019
01432100;J MHC CINTURA O;corte;; 00000; 00000; 00000; 00000; 00000; 00000; 00000; 00000; 00000; 00000
01432100;J MHC CINTURA O;sugerido;; 00001; 00002; 00003;-00009;-00006;-00005; 00000; 00000; 00000;-00014
;
01432200;J MHC CINTURA F;Ventas;; 00031; 00049; 00053; 00046; 00034; 00016; 00000; 00000; 00000; 000229
01432200;J MHC CINTURA F;Despacho;; 00022; 00045; 00043; 00042; 00030; 00015; 00000; 00000; 00000; 00197
01432200;J MHC CINTURA F;saldo;; 00009; 00004; 00010; 00004; 00004; 00001; 00000; 00000; 00000; 00032
01432200;J MHC CINTURA F;stock;; 00004; 00003; 00003; 00001; 00000; 00003; 00000; 00000; 00000; 00014
01432200;J MHC CINTURA F;corte;; 00000; 00000; 00000; 00000; 00000; 00000; 00000; 00000; 00000; 00000
01432200;J MHC CINTURA F;sugerido;; 00005; 00001; 00007; 00003; 00004;-00002; 00000; 00000; 00000; 00018
;
01432201;J MHC CINTURA F;Ventas;; 00015; 00020; 00021; 00020; 00013; 00005; 00000; 00000; 00000; 000094
01432201;J MHC CINTURA F;Despacho;; 00013; 00019; 00020; 00018; 00012; 00005; 00000; 00000; 00000; 00087
01432201;J MHC CINTURA F;saldo;; 00002; 00001; 00001; 00002; 00001; 00000; 00000; 00000; 00000; 00007
01432201;J MHC CINTURA F;stock;; 00003; 00015; 00008; 00011; 00008; 00004; 00000; 00000; 00000; 00049
01432201;J MHC CINTURA F;corte;; 00000; 00000; 00000; 00000; 00000; 00000; 00000; 00000; 00000; 00000
01432201;J MHC CINTURA F;sugerido;;-00001;-00014;-00007;-00009;-00007;-00004; 00000; 00000; 00000;-00042
;
01432202;J MHC CINTURA F;Ventas;; 00023; 00031; 00034; 00033; 00022; 00017; 00000; 00000; 00000; 000160
01432202;J MHC CINTURA F;Despacho;; 00012; 00017; 00018; 00021; 00011; 00012; 00000; 00000; 00000; 00091
01432202;J MHC CINTURA F;saldo;; 00011; 00014; 00016; 00012; 00011; 00005; 00000; 00000; 00000; 00069
01432202;J MHC CINTURA F;stock;; 00000; 00003; 00005; 00004; 00004; 00002; 00000; 00000; 00000; 00018
01432202;J MHC CINTURA F;corte;; 00000; 00000; 00000; 00000; 00000; 00000; 00000; 00000; 00000; 00000
01432202;J MHC CINTURA F;sugerido;; 00011; 00011; 00011; 00008; 00007; 00003; 00000; 00000; 00000; 00051
;
01432260;J MHC CINTURA F;Ventas;; 00014; 00035; 00043; 00045; 00034; 00018; 00000; 00000; 00000; 000189
01432260;J MHC CINTURA F;Despacho;; 00012; 00029; 00031; 00032; 00022; 00012; 00000; 00000; 00000; 00138
01432260;J MHC CINTURA F;saldo;; 00002; 00006; 00012; 00013; 00012; 00006; 00000; 00000; 00000; 00051
01432260;J MHC CINTURA F;stock;; 00002; 00004; 00004; 00003; 00004; 00001; 00000; 00000; 00000; 00018
01432260;J MHC CINTURA F;corte;; 00000; 00000; 00000; 00000; 00000; 00000; 00000; 00000; 00000; 00000
01432260;J MHC CINTURA F;sugerido;; 00000; 00002; 00008; 00010; 00008; 00005; 00000; 00000; 00000; 00033
;
01432261;J MHC CINTURA F;Ventas;; 00012; 00019; 00024; 00021; 00016; 00011; 00000; 00000; 00000; 000103
01432261;J MHC CINTURA F;Despacho;; 00007; 00018; 00016; 00016; 00015; 00009; 00000; 00000; 00000; 00081
01432261;J MHC CINTURA F;saldo;; 00005; 00001; 00008; 00005; 00001; 00002; 00000; 00000; 00000; 00022
01432261;J MHC CINTURA F;stock;;-00003;-00010;-00012;-00013;-00013;-00007; 00000; 00000; 00000;-00058
01432261;J MHC CINTURA F;corte;; 00000; 00000; 00000; 00000; 00000; 00000; 00000; 00000; 00000; 00000
01432261;J MHC CINTURA F;sugerido;; 00008; 00011; 00020; 00018; 00014; 00009; 00000; 00000; 00000; 00080
;
01432300;J MHC CINTURA R;Ventas;; 00050; 00088; 00102; 00099; 00062; 00042; 00000; 00000; 00000; 000443
01432300;J MHC CINTURA R;Despacho;; 00046; 00082; 00100; 00100; 00059; 00039; 00000; 00000; 00000; 00426
01432300;J MHC CINTURA R;saldo;; 00004; 00006; 00002;-00001; 00003; 00003; 00000; 00000; 00000; 00017
01432300;J MHC CINTURA R;stock;; 00001; 00009; 00001; 00001; 00000; 00001; 00000; 00000; 00000; 00013
01432300;J MHC CINTURA R;corte;; 00000; 00000; 00000; 00000; 00000; 00000; 00000; 00000; 00000; 00000
01432300;J MHC CINTURA R;sugerido;; 00003;-00003; 00001;-00002; 00003; 00002; 00000; 00000; 00000; 00004
;
01432301;J MHC CINTURA R;Ventas;; 00003; 00007; 00007; 00007; 00006; 00004; 00000; 00000; 00000; 000034
01432301;J MHC CINTURA R;Despacho;; 00001; 00002; 00001; 00001; 00000; 00000; 00000; 00000; 00000; 00005
01432301;J MHC CINTURA R;saldo;; 00002; 00005; 00006; 00006; 00006; 00004; 00000; 00000; 00000; 00029
01432301;J MHC CINTURA R;stock;; 00006; 00005; 00009; 00008; 00009; 00006; 00000; 00000; 00000; 00043
01432301;J MHC CINTURA R;corte;; 00000; 00000; 00000; 00000; 00000; 00000; 00000; 00000; 00000; 00000
01432301;J MHC CINTURA R;sugerido;;-00004; 00000;-00003;-00002;-00003;-00002; 00000; 00000; 00000;-00014
;
01432500;J MHC CINTURA W;Ventas;; 00030; 00059; 00064; 00063; 00040; 00023; 00000; 00000; 00000; 000279
01432500;J MHC CINTURA W;Despacho;; 00027; 00057; 00061; 00060; 00037; 00020; 00000; 00000; 00000; 00262
01432500;J MHC CINTURA W;saldo;; 00003; 00002; 00003; 00003; 00003; 00003; 00000; 00000; 00000; 00017
01432500;J MHC CINTURA W;stock;; 00001; 00003; 00003; 00003; 00009; 00023; 00000; 00000; 00000; 00042
01432500;J MHC CINTURA W;corte;; 00000; 00000; 00000; 00000; 00000; 00000; 00000; 00000; 00000; 00000
01432500;J MHC CINTURA W;sugerido;; 00002;-00001; 00000; 00000;-00006;-00020; 00000; 00000; 00000;-00025
;
01432501;J MHC CINTURA W;Ventas;; 00031; 00057; 00066; 00054; 00038; 00023; 00000; 00000; 00000; 000269
01432501;J MHC CINTURA W;Despacho;; 00024; 00050; 00058; 00046; 00033; 00019; 00000; 00000; 00000; 00230
01432501;J MHC CINTURA W;saldo;; 00007; 00007; 00008; 00008; 00005; 00004; 00000; 00000; 00000; 00039
01432501;J MHC CINTURA W;stock;; 00000; 00001; 00000; 00001; 00001; 00001; 00000; 00000; 00000; 00004
01432501;J MHC CINTURA W;corte;; 00000; 00000; 00000; 00000; 00000; 00000; 00000; 00000; 00000; 00000
01432501;J MHC CINTURA W;sugerido;; 00007; 00006; 00008; 00007; 00004; 00003; 00000; 00000; 00000; 00035
;
01432900;J MHC MEDIO OXF;Ventas;; 00040; 00068; 00078; 00071; 00054; 00026; 00000; 00000; 00000; 000337
01432900;J MHC MEDIO OXF;Despacho;; 00040; 00081; 00081; 00070; 00054; 00026; 00000; 00000; 00000; 00352
01432900;J MHC MEDIO OXF;saldo;; 00000;-00013;-00003; 00001; 00000; 00000; 00000; 00000; 00000;-00015
01432900;J MHC MEDIO OXF;stock;; 00006; 00009; 00005; 00006; 00002; 00001; 00000; 00000; 00000; 00029
01432900;J MHC MEDIO OXF;corte;; 00000; 00000; 00000; 00000; 00000; 00000; 00000; 00000; 00000; 00000
01432900;J MHC MEDIO OXF;sugerido;;-00006;-00022;-00008;-00005;-00002;-00001; 00000; 00000; 00000;-00044
;
01433300;J MHC CINTURA W;Ventas;; 00031; 00053; 00061; 00058; 00034; 00019; 00000; 00000; 00000; 000256
01433300;J MHC CINTURA W;Despacho;; 00030; 00053; 00061; 00058; 00033; 00018; 00000; 00000; 00000; 00253
01433300;J MHC CINTURA W;saldo;; 00001; 00000; 00000; 00000; 00001; 00001; 00000; 00000; 00000; 00003
01433300;J MHC CINTURA W;stock;; 00000; 00007; 00005; 00003; 00011; 00016; 00000; 00000; 00000; 00042
01433300;J MHC CINTURA W;corte;; 00000; 00000; 00000; 00000; 00000; 00000; 00000; 00000; 00000; 00000
01433300;J MHC CINTURA W;sugerido;; 00001;-00007;-00005;-00003;-00010;-00015; 00000; 00000; 00000;-00039
;
01433500;J MHC CINTURA P;Ventas;; 00018; 00027; 00033; 00031; 00021; 00015; 00000; 00000; 00000; 000145
01433500;J MHC CINTURA P;Despacho;; 00000; 00000; 00000; 00000; 00000; 00000; 00000; 00000; 00000; 00000
01433500;J MHC CINTURA P;saldo;; 00018; 00027; 00033; 00031; 00021; 00015; 00000; 00000; 00000; 00145
01433500;J MHC CINTURA P;stock;; 00000; 00000; 00000; 00000; 00000; 00000; 00000; 00000; 00000; 00000
01433500;J MHC CINTURA P;corte;; 00000; 00000; 00000; 00000; 00000; 00000; 00000; 00000; 00000; 00000
01433500;J MHC CINTURA P;sugerido;; 00018; 00027; 00033; 00031; 00021; 00015; 00000; 00000; 00000; 00145
;
01433600;J MHC CINTURA P;Ventas;; 00015; 00029; 00035; 00033; 00025; 00015; 00000; 00000; 00000; 000152
01433600;J MHC CINTURA P;Despacho;; 00015; 00029; 00035; 00033; 00025; 00015; 00000; 00000; 00000; 00152
01433600;J MHC CINTURA P;saldo;; 00000; 00000; 00000; 00000; 00000; 00000; 00000; 00000; 00000; 00000
01433600;J MHC CINTURA P;stock;; 00000; 00001; 00000; 00001; 00000; 00000; 00000; 00000; 00000; 00002
01433600;J MHC CINTURA P;corte;; 00000; 00000; 00000; 00000; 00000; 00000; 00000; 00000; 00000; 00000
01433600;J MHC CINTURA P;sugerido;; 00000;-00001; 00000;-00001; 00000; 00000; 00000; 00000; 00000;-00002
;
01433700;J MHC CINTURA F;Ventas;; 00016; 00021; 00035; 00031; 00018; 00013; 00000; 00000; 00000; 000134
01433700;J MHC CINTURA F;Despacho;; 00010; 00021; 00035; 00031; 00018; 00013; 00000; 00000; 00000; 00128
01433700;J MHC CINTURA F;saldo;; 00006; 00000; 00000; 00000; 00000; 00000; 00000; 00000; 00000; 00006
01433700;J MHC CINTURA F;stock;; 00000; 00004; 00009; 00009; 00011; 00011; 00000; 00000; 00000; 00044
01433700;J MHC CINTURA F;corte;; 00000; 00000; 00000; 00000; 00000; 00000; 00000; 00000; 00000; 00000
01433700;J MHC CINTURA F;sugerido;; 00006;-00004;-00009;-00009;-00011;-00011; 00000; 00000; 00000;-00038
;
01433900;J MHC CINTURA F;Ventas;; 00044; 00065; 00063; 00060; 00031; 00024; 00003; 00000; 00000; 000290
01433900;J MHC CINTURA F;Despacho;; 00042; 00072; 00070; 00062; 00031; 00027; 00000; 00000; 00000; 00304
01433900;J MHC CINTURA F;saldo;; 00002;-00007;-00007;-00002; 00000;-00003; 00003; 00000; 00000;-00014
01433900;J MHC CINTURA F;stock;; 00006; 00012; 00012; 00015; 00016; 00018; 00000; 00000; 00000; 00079
01433900;J MHC CINTURA F;corte;; 00000; 00000; 00000; 00000; 00000; 00000; 00000; 00000; 00000; 00000
01433900;J MHC CINTURA F;sugerido;;-00004;-00019;-00019;-00017;-00016;-00021; 00003; 00000; 00000;-00093
;
01433901;J MHC CINTURA F;Ventas;; 00017; 00020; 00019; 00017; 00011; 00008; 00000; 00000; 00000; 000092
01433901;J MHC CINTURA F;Despacho;; 00012; 00016; 00015; 00013; 00009; 00006; 00000; 00000; 00000; 00071
01433901;J MHC CINTURA F;saldo;; 00005; 00004; 00004; 00004; 00002; 00002; 00000; 00000; 00000; 00021
01433901;J MHC CINTURA F;stock;; 00000; 00001; 00003; 00004; 00003; 00001; 00000; 00000; 00000; 00012
01433901;J MHC CINTURA F;corte;; 00000; 00000; 00000; 00000; 00000; 00000; 00000; 00000; 00000; 00000
01433901;J MHC CINTURA F;sugerido;; 00005; 00003; 00001; 00000;-00001; 00001; 00000; 00000; 00000; 00009
;
01434000;J MHC CINTURA P;Ventas;; 00008; 00024; 00027; 00022; 00015; 00006; 00000; 00000; 00000; 000102
01434000;J MHC CINTURA P;Despacho;; 00006; 00024; 00027; 00019; 00009; 00003; 00000; 00000; 00000; 00088
01434000;J MHC CINTURA P;saldo;; 00002; 00000; 00000; 00003; 00006; 00003; 00000; 00000; 00000; 00014
01434000;J MHC CINTURA P;stock;; 00000; 00010; 00011; 00005; 00003; 00003; 00000; 00000; 00000; 00032
01434000;J MHC CINTURA P;corte;; 00000; 00000; 00000; 00000; 00000; 00000; 00000; 00000; 00000; 00000
01434000;J MHC CINTURA P;sugerido;; 00002;-00010;-00011;-00002; 00003; 00000; 00000; 00000; 00000;-00018
;
01434100;J MHC CINTURA F;Ventas;; 00025; 00051; 00059; 00054; 00038; 00021; 00000; 00000; 00000; 000248
01434100;J MHC CINTURA F;Despacho;; 00028; 00060; 00061; 00057; 00036; 00021; 00000; 00000; 00000; 00263
01434100;J MHC CINTURA F;saldo;;-00003;-00009;-00002;-00003; 00002; 00000; 00000; 00000; 00000;-00015
01434100;J MHC CINTURA F;stock;; 00030; 00055; 00068; 00065; 00048; 00044; 00000; 00000; 00000; 00310
01434100;J MHC CINTURA F;corte;; 00000; 00000; 00000; 00000; 00000; 00000; 00000; 00000; 00000; 00000
01434100;J MHC CINTURA F;sugerido;;-00033;-00064;-00070;-00068;-00046;-00044; 00000; 00000; 00000;-00325
;
01434700;J MHC CINTURA P;Ventas;; 00002; 00004; 00004; 00003; 00002; 00002; 00000; 00000; 00000; 000017
01434700;J MHC CINTURA P;Despacho;; 00000; 00000; 00000; 00000; 00000; 00000; 00000; 00000; 00000; 00000
01434700;J MHC CINTURA P;saldo;; 00002; 00004; 00004; 00003; 00002; 00002; 00000; 00000; 00000; 00017
01434700;J MHC CINTURA P;stock;; 00000; 00000; 00000; 00000; 00000; 00000; 00000; 00000; 00000; 00000
01434700;J MHC CINTURA P;corte;; 00000; 00000; 00000; 00000; 00000; 00000; 00000; 00000; 00000; 00000
01434700;J MHC CINTURA P;sugerido;; 00002; 00004; 00004; 00003; 00002; 00002; 00000; 00000; 00000; 00017
;
01434800;JMHC CINTURA PI;Ventas;; 00028; 00037; 00039; 00035; 00022; 00014; 00000; 00000; 00000; 000175
01434800;JMHC CINTURA PI;Despacho;; 00019; 00024; 00026; 00022; 00009; 00003; 00000; 00000; 00000; 00103
01434800;JMHC CINTURA PI;saldo;; 00009; 00013; 00013; 00013; 00013; 00011; 00000; 00000; 00000; 00072
01434800;JMHC CINTURA PI;stock;; 00000; 00002; 00001; 00001; 00000; 00000; 00000; 00000; 00000; 00004
01434800;JMHC CINTURA PI;corte;; 00000; 00000; 00000; 00000; 00000; 00000; 00000; 00000; 00000; 00000
01434800;JMHC CINTURA PI;sugerido;; 00009; 00011; 00012; 00012; 00013; 00011; 00000; 00000; 00000; 00068
;
01434801;JMHC CINTURA PI;Ventas;; 00013; 00019; 00023; 00019; 00014; 00005; 00000; 00000; 00000; 000093
01434801;JMHC CINTURA PI;Despacho;; 00007; 00013; 00013; 00012; 00009; 00004; 00000; 00000; 00000; 00058
01434801;JMHC CINTURA PI;saldo;; 00006; 00006; 00010; 00007; 00005; 00001; 00000; 00000; 00000; 00035
01434801;JMHC CINTURA PI;stock;; 00000; 00005; 00003; 00003; 00002; 00001; 00000; 00000; 00000; 00014
01434801;JMHC CINTURA PI;corte;; 00000; 00000; 00000; 00000; 00000; 00000; 00000; 00000; 00000; 00000
01434801;JMHC CINTURA PI;sugerido;; 00006; 00001; 00007; 00004; 00003; 00000; 00000; 00000; 00000; 00021
;
01434860;JMHC CINTURA PI;Ventas;; 00006; 00010; 00014; 00012; 00011; 00003; 00000; 00000; 00000; 000056
01434860;JMHC CINTURA PI;Despacho;; 00001; 00003; 00003; 00000; 00000; 00000; 00000; 00000; 00000; 00007
01434860;JMHC CINTURA PI;saldo;; 00005; 00007; 00011; 00012; 00011; 00003; 00000; 00000; 00000; 00049
01434860;JMHC CINTURA PI;stock;; 00001; 00000; 00000; 00000; 00000; 00000; 00000; 00000; 00000; 00001
01434860;JMHC CINTURA PI;corte;; 00000; 00000; 00000; 00000; 00000; 00000; 00000; 00000; 00000; 00000
01434860;JMHC CINTURA PI;sugerido;; 00004; 00007; 00011; 00012; 00011; 00003; 00000; 00000; 00000; 00048
;
01434861;JMHC CINTURA PI;Ventas;; 00016; 00022; 00023; 00020; 00015; 00010; 00000; 00000; 00000; 000106
01434861;JMHC CINTURA PI;Despacho;; 00006; 00008; 00007; 00011; 00008; 00005; 00000; 00000; 00000; 00045
01434861;JMHC CINTURA PI;saldo;; 00010; 00014; 00016; 00009; 00007; 00005; 00000; 00000; 00000; 00061
01434861;JMHC CINTURA PI;stock;; 00002; 00000; 00000; 00000; 00001; 00002; 00000; 00000; 00000; 00005
01434861;JMHC CINTURA PI;corte;; 00000; 00000; 00000; 00000; 00000; 00000; 00000; 00000; 00000; 00000
01434861;JMHC CINTURA PI;sugerido;; 00008; 00014; 00016; 00009; 00006; 00003; 00000; 00000; 00000; 00056
;
01435300;J MHC CINTURA F;Ventas;; 00012; 00025; 00036; 00030; 00020; 00011; 00000; 00000; 00000; 000134
01435300;J MHC CINTURA F;Despacho;; 00010; 00022; 00029; 00024; 00017; 00008; 00000; 00000; 00000; 00110
01435300;J MHC CINTURA F;saldo;; 00002; 00003; 00007; 00006; 00003; 00003; 00000; 00000; 00000; 00024
01435300;J MHC CINTURA F;stock;; 00002; 00008; 00006; 00007; 00003; 00004; 00000; 00000; 00000; 00030
01435300;J MHC CINTURA F;corte;; 00000; 00009; 00005; 00009; 00002; 00005; 00000; 00000; 00000; 00030
01435300;J MHC CINTURA F;sugerido;; 00000;-00014;-00004;-00010;-00002;-00006; 00000; 00000; 00000;-00036
;
01435500;J MHC  CINTURA ;Ventas;; 00017; 00026; 00036; 00033; 00021; 00012; 00000; 00000; 00000; 000145
01435500;J MHC  CINTURA ;Despacho;; 00015; 00024; 00034; 00031; 00020; 00011; 00000; 00000; 00000; 00135
01435500;J MHC  CINTURA ;saldo;; 00002; 00002; 00002; 00002; 00001; 00001; 00000; 00000; 00000; 00010
01435500;J MHC  CINTURA ;stock;; 00012; 00026; 00036; 00027; 00022; 00019; 00000; 00000; 00000; 00142
01435500;J MHC  CINTURA ;corte;; 00000; 00000; 00000; 00000; 00000; 00000; 00000; 00000; 00000; 00000
01435500;J MHC  CINTURA ;sugerido;;-00010;-00024;-00034;-00025;-00021;-00018; 00000; 00000; 00000;-00132
;
01435600;J MHC CINTURA F;Ventas;; 00032; 00066; 00074; 00061; 00047; 00020; 00000; 00000; 00000; 000300
01435600;J MHC CINTURA F;Despacho;; 00027; 00052; 00057; 00047; 00038; 00016; 00000; 00000; 00000; 00237
01435600;J MHC CINTURA F;saldo;; 00005; 00014; 00017; 00014; 00009; 00004; 00000; 00000; 00000; 00063
01435600;J MHC CINTURA F;stock;; 00000; 00000; 00000; 00000; 00000; 00000; 00000; 00000; 00000; 00000
01435600;J MHC CINTURA F;corte;; 00000; 00000; 00000; 00000; 00000; 00000; 00000; 00000; 00000; 00000
01435600;J MHC CINTURA F;sugerido;; 00005; 00014; 00017; 00014; 00009; 00004; 00000; 00000; 00000; 00063
;
01435601;J MHC CINTURA F;Ventas;; 00069; 00118; 00146; 00150; 00078; 00056; 00000; 00000; 00000; 000617
01435601;J MHC CINTURA F;Despacho;; 00062; 00113; 00111; 00124; 00069; 00044; 00000; 00000; 00000; 00523
01435601;J MHC CINTURA F;saldo;; 00007; 00005; 00035; 00026; 00009; 00012; 00000; 00000; 00000; 00094
01435601;J MHC CINTURA F;stock;; 00004; 00015; 00031; 00000; 00026; 00014; 00000; 00000; 00000; 00090
01435601;J MHC CINTURA F;corte;; 00000; 00000; 00000; 00000; 00000; 00000; 00000; 00000; 00000; 00000
01435601;J MHC CINTURA F;sugerido;; 00003;-00010; 00004; 00026;-00017;-00002; 00000; 00000; 00000; 00004
;
01436104;J MHC CINTURA F;Ventas;; 00075; 00114; 00121; 00104; 00076; 00047; 00000; 00000; 00000; 000537
01436104;J MHC CINTURA F;Despacho;; 00072; 00103; 00116; 00100; 00070; 00048; 00000; 00000; 00000; 00509
01436104;J MHC CINTURA F;saldo;; 00003; 00011; 00005; 00004; 00006;-00001; 00000; 00000; 00000; 00028
01436104;J MHC CINTURA F;stock;; 00013; 00021; 00021; 00016; 00019; 00012; 00000; 00000; 00000; 00102
01436104;J MHC CINTURA F;corte;; 00000; 00000; 00000; 00000; 00000; 00000; 00000; 00000; 00000; 00000
01436104;J MHC CINTURA F;sugerido;;-00010;-00010;-00016;-00012;-00013;-00013; 00000; 00000; 00000;-00074
;
01436106;J MHC CINTURA F;Ventas;; 00003; 00004; 00004; 00003; 00002; 00000; 00000; 00000; 00000; 000016
01436106;J MHC CINTURA F;Despacho;; 00003; 00004; 00003; 00003; 00002; 00000; 00000; 00000; 00000; 00015
01436106;J MHC CINTURA F;saldo;; 00000; 00000; 00001; 00000; 00000; 00000; 00000; 00000; 00000; 00001
01436106;J MHC CINTURA F;stock;; 00000; 00000; 00000; 00000; 00000; 00000; 00000; 00000; 00000; 00000
01436106;J MHC CINTURA F;corte;; 00000; 00000; 00000; 00000; 00000; 00000; 00000; 00000; 00000; 00000
01436106;J MHC CINTURA F;sugerido;; 00000; 00000; 00001; 00000; 00000; 00000; 00000; 00000; 00000; 00001
;
01436108;J MHC CINTURA F;Ventas;; 00003; 00003; 00003; 00002; 00002; 00000; 00000; 00000; 00000; 000013
01436108;J MHC CINTURA F;Despacho;; 00000; 00000; 00000; 00000; 00000; 00000; 00000; 00000; 00000; 00000
01436108;J MHC CINTURA F;saldo;; 00003; 00003; 00003; 00002; 00002; 00000; 00000; 00000; 00000; 00013
01436108;J MHC CINTURA F;stock;; 00000; 00000; 00000; 00000; 00000; 00000; 00000; 00000; 00000; 00000
01436108;J MHC CINTURA F;corte;; 00000; 00000; 00000; 00000; 00000; 00000; 00000; 00000; 00000; 00000
01436108;J MHC CINTURA F;sugerido;; 00003; 00003; 00003; 00002; 00002; 00000; 00000; 00000; 00000; 00013
;
01436116;J MHC CINTURA F;Ventas;; 00004; 00008; 00011; 00009; 00005; 00001; 00000; 00000; 00000; 000038
01436116;J MHC CINTURA F;Despacho;; 00004; 00005; 00005; 00004; 00001; 00000; 00000; 00000; 00000; 00019
01436116;J MHC CINTURA F;saldo;; 00000; 00003; 00006; 00005; 00004; 00001; 00000; 00000; 00000; 00019
01436116;J MHC CINTURA F;stock;; 00000; 00001; 00001; 00001; 00002; 00003; 00000; 00000; 00000; 00008
01436116;J MHC CINTURA F;corte;; 00000; 00000; 00000; 00000; 00000; 00000; 00000; 00000; 00000; 00000
01436116;J MHC CINTURA F;sugerido;; 00000; 00002; 00005; 00004; 00002;-00002; 00000; 00000; 00000; 00011
;
01436148;J MHC CINTURA F;Ventas;; 00011; 00021; 00028; 00026; 00013; 00010; 00000; 00000; 00000; 000109
01436148;J MHC CINTURA F;Despacho;; 00013; 00020; 00026; 00024; 00011; 00008; 00000; 00000; 00000; 00102
01436148;J MHC CINTURA F;saldo;;-00002; 00001; 00002; 00002; 00002; 00002; 00000; 00000; 00000; 00007
01436148;J MHC CINTURA F;stock;; 00000; 00006; 00006; 00004; 00005; 00007; 00000; 00000; 00000; 00028
01436148;J MHC CINTURA F;corte;; 00000; 00000; 00000; 00000; 00000; 00000; 00000; 00000; 00000; 00000
01436148;J MHC CINTURA F;sugerido;;-00002;-00005;-00004;-00002;-00003;-00005; 00000; 00000; 00000;-00021
;
01436167;J  MHC CINTURA ;Ventas;; 00024; 00037; 00038; 00031; 00022; 00012; 00000; 00000; 00000; 000164
01436167;J  MHC CINTURA ;Despacho;; 00015; 00029; 00028; 00021; 00015; 00006; 00000; 00000; 00000; 00114
01436167;J  MHC CINTURA ;saldo;; 00009; 00008; 00010; 00010; 00007; 00006; 00000; 00000; 00000; 00050
01436167;J  MHC CINTURA ;stock;; 00002; 00001; 00001; 00001; 00001; 00003; 00000; 00000; 00000; 00009
01436167;J  MHC CINTURA ;corte;; 00000; 00000; 00000; 00000; 00000; 00000; 00000; 00000; 00000; 00000
01436167;J  MHC CINTURA ;sugerido;; 00007; 00007; 00009; 00009; 00006; 00003; 00000; 00000; 00000; 00041
;
01436204;J MHC CINTURA P;Ventas;; 00025; 00038; 00039; 00028; 00018; 00008; 00000; 00000; 00000; 000156
01436204;J MHC CINTURA P;Despacho;; 00024; 00038; 00039; 00028; 00018; 00008; 00000; 00000; 00000; 00155
01436204;J MHC CINTURA P;saldo;; 00001; 00000; 00000; 00000; 00000; 00000; 00000; 00000; 00000; 00001
01436204;J MHC CINTURA P;stock;; 00000; 00004; 00004; 00011; 00001; 00012; 00000; 00000; 00000; 00032
01436204;J MHC CINTURA P;corte;; 00000; 00000; 00000; 00000; 00000; 00000; 00000; 00000; 00000; 00000
01436204;J MHC CINTURA P;sugerido;; 00001;-00004;-00004;-00011;-00001;-00012; 00000; 00000; 00000;-00031
;
01436206;J MHC CINTURA P;Ventas;; 00010; 00015; 00016; 00016; 00009; 00008; 00000; 00000; 00000; 000074
01436206;J MHC CINTURA P;Despacho;; 00000; 00000; 00000; 00000; 00000; 00000; 00000; 00000; 00000; 00000
01436206;J MHC CINTURA P;saldo;; 00010; 00015; 00016; 00016; 00009; 00008; 00000; 00000; 00000; 00074
01436206;J MHC CINTURA P;stock;; 00000; 00000; 00000; 00000; 00000; 00000; 00000; 00000; 00000; 00000
01436206;J MHC CINTURA P;corte;; 00000; 00000; 00000; 00000; 00000; 00000; 00000; 00000; 00000; 00000
01436206;J MHC CINTURA P;sugerido;; 00010; 00015; 00016; 00016; 00009; 00008; 00000; 00000; 00000; 00074
;
01436208;J MHC CINTURA P;Ventas;; 00001; 00002; 00002; 00002; 00002; 00001; 00000; 00000; 00000; 000010
01436208;J MHC CINTURA P;Despacho;; 00000; 00000; 00000; 00000; 00000; 00000; 00000; 00000; 00000; 00000
01436208;J MHC CINTURA P;saldo;; 00001; 00002; 00002; 00002; 00002; 00001; 00000; 00000; 00000; 00010
01436208;J MHC CINTURA P;stock;; 00000; 00000; 00000; 00000; 00000; 00000; 00000; 00000; 00000; 00000
01436208;J MHC CINTURA P;corte;; 00000; 00000; 00000; 00000; 00000; 00000; 00000; 00000; 00000; 00000
01436208;J MHC CINTURA P;sugerido;; 00001; 00002; 00002; 00002; 00002; 00001; 00000; 00000; 00000; 00010
;
01436216;J MHC CINTURA P;Ventas;; 00003; 00002; 00002; 00002; 00001; 00004; 00001; 00000; 00000; 000015
01436216;J MHC CINTURA P;Despacho;; 00002; 00001; 00000; 00000; 00000; 00000; 00000; 00000; 00000; 00003
01436216;J MHC CINTURA P;saldo;; 00001; 00001; 00002; 00002; 00001; 00004; 00001; 00000; 00000; 00012
01436216;J MHC CINTURA P;stock;;-00002;-00001; 00000; 00000; 00000; 00000; 00000; 00000; 00000;-00003
01436216;J MHC CINTURA P;corte;; 00000; 00000; 00000; 00000; 00000; 00000; 00000; 00000; 00000; 00000
01436216;J MHC CINTURA P;sugerido;; 00003; 00002; 00002; 00002; 00001; 00004; 00001; 00000; 00000; 00015
;
01436248;J MHC CINTURA P;Ventas;; 00014; 00019; 00019; 00019; 00011; 00008; 00000; 00000; 00000; 000090
01436248;J MHC CINTURA P;Despacho;; 00008; 00012; 00012; 00012; 00008; 00006; 00000; 00000; 00000; 00058
01436248;J MHC CINTURA P;saldo;; 00006; 00007; 00007; 00007; 00003; 00002; 00000; 00000; 00000; 00032
01436248;J MHC CINTURA P;stock;; 00010; 00011; 00016; 00018; 00009; 00009; 00000; 00000; 00000; 00073
01436248;J MHC CINTURA P;corte;; 00000; 00000; 00000; 00000; 00000; 00000; 00000; 00000; 00000; 00000
01436248;J MHC CINTURA P;sugerido;;-00004;-00004;-00009;-00011;-00006;-00007; 00000; 00000; 00000;-00041
;
01436300;J MHC CINTURA  ;Ventas;; 00024; 00036; 00038; 00034; 00022; 00016; 00000; 00000; 00000; 000170
01436300;J MHC CINTURA  ;Despacho;; 00014; 00025; 00021; 00020; 00013; 00010; 00000; 00000; 00000; 00103
01436300;J MHC CINTURA  ;saldo;; 00010; 00011; 00017; 00014; 00009; 00006; 00000; 00000; 00000; 00067
01436300;J MHC CINTURA  ;stock;; 00000; 00001; 00002; 00000; 00001; 00000; 00000; 00000; 00000; 00004
01436300;J MHC CINTURA  ;corte;; 00000; 00000; 00000; 00000; 00000; 00000; 00000; 00000; 00000; 00000
01436300;J MHC CINTURA  ;sugerido;; 00010; 00010; 00015; 00014; 00008; 00006; 00000; 00000; 00000; 00063
;
01436500;J MHC CINTURA R;Ventas;; 00016; 00029; 00042; 00042; 00027; 00013; 00000; 00000; 00000; 000169
01436500;J MHC CINTURA R;Despacho;; 00010; 00020; 00030; 00030; 00020; 00009; 00000; 00000; 00000; 00119
01436500;J MHC CINTURA R;saldo;; 00006; 00009; 00012; 00012; 00007; 00004; 00000; 00000; 00000; 00050
01436500;J MHC CINTURA R;stock;; 00000; 00000; 00000; 00000; 00000; 00001; 00000; 00000; 00000; 00001
01436500;J MHC CINTURA R;corte;; 00000; 00000; 00000; 00000; 00000; 00000; 00000; 00000; 00000; 00000
01436500;J MHC CINTURA R;sugerido;; 00006; 00009; 00012; 00012; 00007; 00003; 00000; 00000; 00000; 00049
;
01436604;J MHC  CINTURA ;Ventas;; 00048; 00074; 00076; 00071; 00042; 00027; 00000; 00000; 00000; 000338
01436604;J MHC  CINTURA ;Despacho;; 00035; 00054; 00054; 00049; 00030; 00020; 00000; 00000; 00000; 00242
01436604;J MHC  CINTURA ;saldo;; 00013; 00020; 00022; 00022; 00012; 00007; 00000; 00000; 00000; 00096
01436604;J MHC  CINTURA ;stock;; 00002; 00003; 00001; 00002; 00001; 00003; 00000; 00000; 00000; 00012
01436604;J MHC  CINTURA ;corte;; 00000; 00000; 00000; 00000; 00000; 00000; 00000; 00000; 00000; 00000
01436604;J MHC  CINTURA ;sugerido;; 00011; 00017; 00021; 00020; 00011; 00004; 00000; 00000; 00000; 00084
;
01436606;J MHC  CINTURA ;Ventas;; 00016; 00024; 00026; 00023; 00021; 00010; 00000; 00000; 00000; 000120
01436606;J MHC  CINTURA ;Despacho;; 00015; 00023; 00023; 00023; 00020; 00010; 00000; 00000; 00000; 00114
01436606;J MHC  CINTURA ;saldo;; 00001; 00001; 00003; 00000; 00001; 00000; 00000; 00000; 00000; 00006
01436606;J MHC  CINTURA ;stock;; 00001; 00001;-00002; 00001;-00003; 00005; 00000; 00000; 00000; 00003
01436606;J MHC  CINTURA ;corte;; 00000; 00000; 00000; 00000; 00000; 00000; 00000; 00000; 00000; 00000
01436606;J MHC  CINTURA ;sugerido;; 00000; 00000; 00005;-00001; 00004;-00005; 00000; 00000; 00000; 00003
;
01436648;J MHC  CINTURA ;Ventas;; 00020; 00030; 00031; 00031; 00019; 00011; 00000; 00000; 00000; 000142
01436648;J MHC  CINTURA ;Despacho;; 00010; 00015; 00016; 00016; 00009; 00006; 00000; 00000; 00000; 00072
01436648;J MHC  CINTURA ;saldo;; 00010; 00015; 00015; 00015; 00010; 00005; 00000; 00000; 00000; 00070
01436648;J MHC  CINTURA ;stock;; 00009; 00012; 00008; 00008; 00006; 00009; 00000; 00000; 00000; 00052
01436648;J MHC  CINTURA ;corte;; 00000; 00000; 00000; 00000; 00000; 00000; 00000; 00000; 00000; 00000
01436648;J MHC  CINTURA ;sugerido;; 00001; 00003; 00007; 00007; 00004;-00004; 00000; 00000; 00000; 00018
;
01436667;J MHC  CINTURA ;Ventas;; 00003; 00003; 00003; 00001; 00000; 00000; 00000; 00000; 00000; 000010
01436667;J MHC  CINTURA ;Despacho;; 00000; 00000; 00000; 00000; 00000; 00000; 00000; 00000; 00000; 00000
01436667;J MHC  CINTURA ;saldo;; 00003; 00003; 00003; 00001; 00000; 00000; 00000; 00000; 00000; 00010
01436667;J MHC  CINTURA ;stock;; 00000; 00000; 00000; 00000; 00000; 00000; 00000; 00000; 00000; 00000
01436667;J MHC  CINTURA ;corte;; 00000; 00000; 00000; 00000; 00000; 00000; 00000; 00000; 00000; 00000
01436667;J MHC  CINTURA ;sugerido;; 00003; 00003; 00003; 00001; 00000; 00000; 00000; 00000; 00000; 00010
;
01437000;J MHC CINTURA W;Ventas;; 00001; 00002; 00003; 00003; 00002; 00001; 00000; 00000; 00000; 000012
01437000;J MHC CINTURA W;Despacho;; 00000; 00000; 00000; 00000; 00000; 00000; 00000; 00000; 00000; 00000
01437000;J MHC CINTURA W;saldo;; 00001; 00002; 00003; 00003; 00002; 00001; 00000; 00000; 00000; 00012
01437000;J MHC CINTURA W;stock;; 00000; 00000; 00000; 00000; 00000; 00000; 00000; 00000; 00000; 00000
01437000;J MHC CINTURA W;corte;; 00034; 00040; 00042; 00039; 00029; 00023; 00000; 00000; 00000; 00207
01437000;J MHC CINTURA W;sugerido;;-00033;-00038;-00039;-00036;-00027;-00022; 00000; 00000; 00000;-00195
;
01437001;J MCH  CINTURA ;Ventas;; 00009; 00011; 00012; 00011; 00008; 00007; 00000; 00000; 00000; 000058
01437001;J MCH  CINTURA ;Despacho;; 00000; 00000; 00000; 00000; 00000; 00000; 00000; 00000; 00000; 00000
01437001;J MCH  CINTURA ;saldo;; 00009; 00011; 00012; 00011; 00008; 00007; 00000; 00000; 00000; 00058
01437001;J MCH  CINTURA ;stock;; 00000; 00000; 00000; 00000; 00000; 00000; 00000; 00000; 00000; 00000
01437001;J MCH  CINTURA ;corte;; 00000; 00000; 00000; 00000; 00000; 00000; 00000; 00000; 00000; 00000
01437001;J MCH  CINTURA ;sugerido;; 00009; 00011; 00012; 00011; 00008; 00007; 00000; 00000; 00000; 00058
;
01437002;J MCH  CINTURA ;Ventas;; 00008; 00012; 00014; 00014; 00008; 00004; 00000; 00000; 00000; 000060
01437002;J MCH  CINTURA ;Despacho;; 00007; 00011; 00013; 00014; 00008; 00003; 00000; 00000; 00000; 00056
01437002;J MCH  CINTURA ;saldo;; 00001; 00001; 00001; 00000; 00000; 00001; 00000; 00000; 00000; 00004
01437002;J MCH  CINTURA ;stock;; 00000; 00000; 00000; 00001; 00000; 00000; 00000; 00000; 00000; 00001
01437002;J MCH  CINTURA ;corte;; 00000; 00000; 00000; 00000; 00000; 00000; 00000; 00000; 00000; 00000
01437002;J MCH  CINTURA ;sugerido;; 00001; 00001; 00001;-00001; 00000; 00001; 00000; 00000; 00000; 00003
;
01437004;J MCH  CINTURA ;Ventas;; 00006; 00009; 00010; 00010; 00009; 00007; 00000; 00000; 00000; 000051
01437004;J MCH  CINTURA ;Despacho;; 00006; 00009; 00010; 00010; 00009; 00007; 00000; 00000; 00000; 00051
01437004;J MCH  CINTURA ;saldo;; 00000; 00000; 00000; 00000; 00000; 00000; 00000; 00000; 00000; 00000
01437004;J MCH  CINTURA ;stock;; 00002; 00005; 00007; 00006; 00004; 00002; 00000; 00000; 00000; 00026
01437004;J MCH  CINTURA ;corte;; 00000; 00000; 00000; 00000; 00000; 00000; 00000; 00000; 00000; 00000
01437004;J MCH  CINTURA ;sugerido;;-00002;-00005;-00007;-00006;-00004;-00002; 00000; 00000; 00000;-00026
;
01437100;J MHC CINTURA P;Ventas;; 00007; 00010; 00010; 00008; 00005; 00001; 00000; 00000; 00000; 000041
01437100;J MHC CINTURA P;Despacho;; 00000; 00000; 00000; 00000; 00000; 00000; 00000; 00000; 00000; 00000
01437100;J MHC CINTURA P;saldo;; 00007; 00010; 00010; 00008; 00005; 00001; 00000; 00000; 00000; 00041
01437100;J MHC CINTURA P;stock;; 00000; 00000; 00000; 00000; 00000; 00000; 00000; 00000; 00000; 00000
01437100;J MHC CINTURA P;corte;; 00000; 00000; 00000; 00000; 00000; 00000; 00000; 00000; 00000; 00000
01437100;J MHC CINTURA P;sugerido;; 00007; 00010; 00010; 00008; 00005; 00001; 00000; 00000; 00000; 00041
;
01437101;J MHC CINTURA P;Ventas;; 00000; 00000; 00002; 00002; 00002; 00001; 00000; 00000; 00000; 000007
01437101;J MHC CINTURA P;Despacho;; 00000; 00000; 00000; 00000; 00000; 00000; 00000; 00000; 00000; 00000
01437101;J MHC CINTURA P;saldo;; 00000; 00000; 00002; 00002; 00002; 00001; 00000; 00000; 00000; 00007
01437101;J MHC CINTURA P;stock;; 00000; 00000; 00000; 00000; 00000; 00000; 00000; 00000; 00000; 00000
01437101;J MHC CINTURA P;corte;; 00000; 00000; 00000; 00000; 00000; 00000; 00000; 00000; 00000; 00000
01437101;J MHC CINTURA P;sugerido;; 00000; 00000; 00002; 00002; 00002; 00001; 00000; 00000; 00000; 00007
;
01437700;J MHC CINTURA P;Ventas;; 00002; 00003; 00003; 00002; 00001; 00000; 00000; 00000; 00000; 000011
01437700;J MHC CINTURA P;Despacho;; 00000; 00000; 00000; 00000; 00000; 00000; 00000; 00000; 00000; 00000
01437700;J MHC CINTURA P;saldo;; 00002; 00003; 00003; 00002; 00001; 00000; 00000; 00000; 00000; 00011
01437700;J MHC CINTURA P;stock;; 00000; 00000; 00000; 00000; 00000; 00000; 00000; 00000; 00000; 00000
01437700;J MHC CINTURA P;corte;; 00000; 00000; 00000; 00000; 00000; 00000; 00000; 00000; 00000; 00000
01437700;J MHC CINTURA P;sugerido;; 00002; 00003; 00003; 00002; 00001; 00000; 00000; 00000; 00000; 00011
;
01437800;J MHC CINTURA  ;Ventas;; 00032; 00049; 00047; 00045; 00027; 00022; 00000; 00000; 00000; 000222
01437800;J MHC CINTURA  ;Despacho;; 00029; 00046; 00044; 00042; 00026; 00021; 00000; 00000; 00000; 00208
01437800;J MHC CINTURA  ;saldo;; 00003; 00003; 00003; 00003; 00001; 00001; 00000; 00000; 00000; 00014
01437800;J MHC CINTURA  ;stock;; 00000; 00000; 00000; 00000; 00000; 00000; 00000; 00000; 00000; 00000
01437800;J MHC CINTURA  ;corte;; 00000; 00000; 00000; 00000; 00000; 00000; 00000; 00000; 00000; 00000
01437800;J MHC CINTURA  ;sugerido;; 00003; 00003; 00003; 00003; 00001; 00001; 00000; 00000; 00000; 00014
;
01437801;J MHC  CINTURA ;Ventas;; 00022; 00029; 00033; 00032; 00021; 00016; 00000; 00000; 00000; 000153
01437801;J MHC  CINTURA ;Despacho;; 00019; 00025; 00030; 00029; 00017; 00013; 00000; 00000; 00000; 00133
01437801;J MHC  CINTURA ;saldo;; 00003; 00004; 00003; 00003; 00004; 00003; 00000; 00000; 00000; 00020
01437801;J MHC  CINTURA ;stock;; 00007; 00007; 00006; 00005; 00005; 00005; 00000; 00000; 00000; 00035
01437801;J MHC  CINTURA ;corte;; 00000; 00000; 00000; 00000; 00000; 00000; 00000; 00000; 00000; 00000
01437801;J MHC  CINTURA ;sugerido;;-00004;-00003;-00003;-00002;-00001;-00002; 00000; 00000; 00000;-00015
;
01437900;J MHC CINTURA P;Ventas;; 00002; 00004; 00004; 00004; 00004; 00002; 00000; 00000; 00000; 000020
01437900;J MHC CINTURA P;Despacho;; 00000; 00000; 00000; 00000; 00000; 00000; 00000; 00000; 00000; 00000
01437900;J MHC CINTURA P;saldo;; 00002; 00004; 00004; 00004; 00004; 00002; 00000; 00000; 00000; 00020
01437900;J MHC CINTURA P;stock;; 00000; 00000; 00000; 00000; 00000; 00000; 00000; 00000; 00000; 00000
01437900;J MHC CINTURA P;corte;; 00000; 00000; 00000; 00000; 00000; 00000; 00000; 00000; 00000; 00000
01437900;J MHC CINTURA P;sugerido;; 00002; 00004; 00004; 00004; 00004; 00002; 00000; 00000; 00000; 00020
;
01438000;J MHC WIDE LEG ;Ventas;; 00044; 00058; 00059; 00059; 00034; 00026; 00000; 00000; 00000; 000280
01438000;J MHC WIDE LEG ;Despacho;; 00034; 00048; 00049; 00049; 00025; 00022; 00000; 00000; 00000; 00227
01438000;J MHC WIDE LEG ;saldo;; 00010; 00010; 00010; 00010; 00009; 00004; 00000; 00000; 00000; 00053
01438000;J MHC WIDE LEG ;stock;;-00018;-00028;-00024;-00034;-00009;-00011; 00000; 00000; 00000;-00124
01438000;J MHC WIDE LEG ;corte;; 00000; 00000; 00000; 00000; 00000; 00000; 00000; 00000; 00000; 00000
01438000;J MHC WIDE LEG ;sugerido;; 00028; 00038; 00034; 00044; 00018; 00015; 00000; 00000; 00000; 00177
;
01438001;J MHC WIDE LEG ;Ventas;; 00011; 00018; 00018; 00016; 00010; 00003; 00000; 00000; 00000; 000076
01438001;J MHC WIDE LEG ;Despacho;; 00000; 00000; 00000; 00000; 00000; 00000; 00000; 00000; 00000; 00000
01438001;J MHC WIDE LEG ;saldo;; 00011; 00018; 00018; 00016; 00010; 00003; 00000; 00000; 00000; 00076
01438001;J MHC WIDE LEG ;stock;; 00000; 00000; 00000; 00000; 00000; 00000; 00000; 00000; 00000; 00000
01438001;J MHC WIDE LEG ;corte;; 00000; 00000; 00000; 00000; 00000; 00000; 00000; 00000; 00000; 00000
01438001;J MHC WIDE LEG ;sugerido;; 00011; 00018; 00018; 00016; 00010; 00003; 00000; 00000; 00000; 00076
;
01438002;J MHC WIDE LEG ;Ventas;; 00008; 00012; 00012; 00012; 00005; 00005; 00000; 00000; 00000; 000054
01438002;J MHC WIDE LEG ;Despacho;; 00008; 00012; 00012; 00012; 00005; 00005; 00000; 00000; 00000; 00054
01438002;J MHC WIDE LEG ;saldo;; 00000; 00000; 00000; 00000; 00000; 00000; 00000; 00000; 00000; 00000
01438002;J MHC WIDE LEG ;stock;; 00039; 00053; 00054; 00061; 00031; 00022; 00000; 00000; 00000; 00260
01438002;J MHC WIDE LEG ;corte;; 00000; 00000; 00000; 00000; 00000; 00000; 00000; 00000; 00000; 00000
01438002;J MHC WIDE LEG ;sugerido;;-00039;-00053;-00054;-00061;-00031;-00022; 00000; 00000; 00000;-00260
;
01438300;J MHC CINTURA W;Ventas;; 00010; 00017; 00019; 00017; 00012; 00006; 00000; 00000; 00000; 000081
01438300;J MHC CINTURA W;Despacho;; 00000; 00000; 00000; 00000; 00000; 00000; 00000; 00000; 00000; 00000
01438300;J MHC CINTURA W;saldo;; 00010; 00017; 00019; 00017; 00012; 00006; 00000; 00000; 00000; 00081
01438300;J MHC CINTURA W;stock;; 00000; 00000; 00000; 00000; 00000; 00000; 00000; 00000; 00000; 00000
01438300;J MHC CINTURA W;corte;; 00000; 00000; 00000; 00000; 00000; 00000; 00000; 00000; 00000; 00000
01438300;J MHC CINTURA W;sugerido;; 00010; 00017; 00019; 00017; 00012; 00006; 00000; 00000; 00000; 00081
;
01440200;J MHC CINTURA F;Ventas;; 00056; 00107; 00114; 00096; 00063; 00047; 00000; 00000; 00000; 000483
01440200;J MHC CINTURA F;Despacho;; 00000; 00000; 00000; 00000; 00000; 00000; 00000; 00000; 00000; 00000
01440200;J MHC CINTURA F;saldo;; 00056; 00107; 00114; 00096; 00063; 00047; 00000; 00000; 00000; 00483
01440200;J MHC CINTURA F;stock;; 00000; 00000; 00000; 00000; 00000; 00000; 00000; 00000; 00000; 00000
01440200;J MHC CINTURA F;corte;; 00062; 00124; 00134; 00124; 00088; 00072; 00000; 00000; 00000; 00604
01440200;J MHC CINTURA F;sugerido;;-00006;-00017;-00020;-00028;-00025;-00025; 00000; 00000; 00000;-00121
;
01440600;J MHC CINTURA P;Ventas;; 00037; 00054; 00066; 00053; 00045; 00031; 00000; 00000; 00000; 000286
01440600;J MHC CINTURA P;Despacho;; 00000; 00000; 00000; 00000; 00000; 00000; 00000; 00000; 00000; 00000
01440600;J MHC CINTURA P;saldo;; 00037; 00054; 00066; 00053; 00045; 00031; 00000; 00000; 00000; 00286
01440600;J MHC CINTURA P;stock;; 00000; 00000; 00000; 00000; 00000; 00000; 00000; 00000; 00000; 00000
01440600;J MHC CINTURA P;corte;; 00060; 00120; 00120; 00120; 00050; 00030; 00000; 00000; 00000; 00500
01440600;J MHC CINTURA P;sugerido;;-00023;-00066;-00054;-00067;-00005; 00001; 00000; 00000; 00000;-00214
;
01441200;J MHC CINTURA B;Ventas;; 00009; 00011; 00011; 00011; 00006; 00005; 00000; 00000; 00000; 000053
01441200;J MHC CINTURA B;Despacho;; 00000; 00000; 00000; 00000; 00000; 00000; 00000; 00000; 00000; 00000
01441200;J MHC CINTURA B;saldo;; 00009; 00011; 00011; 00011; 00006; 00005; 00000; 00000; 00000; 00053
01441200;J MHC CINTURA B;stock;; 00000; 00000; 00000; 00000; 00000; 00000; 00000; 00000; 00000; 00000
01441200;J MHC CINTURA B;corte;; 00000; 00000; 00000; 00000; 00000; 00000; 00000; 00000; 00000; 00000
01441200;J MHC CINTURA B;sugerido;; 00009; 00011; 00011; 00011; 00006; 00005; 00000; 00000; 00000; 00053
;
01441300;J MHC CINTURA P;Ventas;; 00050; 00117; 00125; 00107; 00070; 00045; 00000; 00000; 00000; 000514
01441300;J MHC CINTURA P;Despacho;; 00033; 00090; 00095; 00078; 00051; 00038; 00000; 00000; 00000; 00385
01441300;J MHC CINTURA P;saldo;; 00017; 00027; 00030; 00029; 00019; 00007; 00000; 00000; 00000; 00129
01441300;J MHC CINTURA P;stock;; 00025; 00033; 00035; 00044; 00037; 00033; 00000; 00000; 00000; 00207
01441300;J MHC CINTURA P;corte;; 00000; 00000; 00000; 00000; 00000; 00000; 00000; 00000; 00000; 00000
01441300;J MHC CINTURA P;sugerido;;-00008;-00006;-00005;-00015;-00018;-00026; 00000; 00000; 00000;-00078
;
01441400;J MHC CINTURA O;Ventas;; 00049; 00069; 00071; 00064; 00047; 00023; 00000; 00000; 00000; 000323
01441400;J MHC CINTURA O;Despacho;; 00000; 00000; 00000; 00000; 00000; 00000; 00000; 00000; 00000; 00000
01441400;J MHC CINTURA O;saldo;; 00049; 00069; 00071; 00064; 00047; 00023; 00000; 00000; 00000; 00323
01441400;J MHC CINTURA O;stock;; 00000; 00000; 00000; 00000; 00000; 00000; 00000; 00000; 00000; 00000
01441400;J MHC CINTURA O;corte;; 00050; 00110; 00110; 00110; 00070; 00050; 00000; 00000; 00000; 00500
01441400;J MHC CINTURA O;sugerido;;-00001;-00041;-00039;-00046;-00023;-00027; 00000; 00000; 00000;-00177
;
01441401;J MHC CINTURA O;Ventas;; 00018; 00028; 00028; 00024; 00015; 00008; 00000; 00000; 00000; 000121
01441401;J MHC CINTURA O;Despacho;; 00000; 00000; 00000; 00000; 00000; 00000; 00000; 00000; 00000; 00000
01441401;J MHC CINTURA O;saldo;; 00018; 00028; 00028; 00024; 00015; 00008; 00000; 00000; 00000; 00121
01441401;J MHC CINTURA O;stock;; 00000; 00000; 00000; 00000; 00000; 00000; 00000; 00000; 00000; 00000
01441401;J MHC CINTURA O;corte;; 00000; 00000; 00000; 00000; 00000; 00000; 00000; 00000; 00000; 00000
01441401;J MHC CINTURA O;sugerido;; 00018; 00028; 00028; 00024; 00015; 00008; 00000; 00000; 00000; 00121
;
01441600;J MHC CINTURA W;Ventas;; 00094; 00166; 00177; 00148; 00105; 00074; 00000; 00000; 00000; 000764
01441600;J MHC CINTURA W;Despacho;; 00000; 00000; 00000; 00000; 00000; 00000; 00000; 00000; 00000; 00000
01441600;J MHC CINTURA W;saldo;; 00094; 00166; 00177; 00148; 00105; 00074; 00000; 00000; 00000; 00764
01441600;J MHC CINTURA W;stock;; 00000; 00000; 00000; 00000; 00000; 00000; 00000; 00000; 00000; 00000
01441600;J MHC CINTURA W;corte;; 00170; 00300; 00310; 00300; 00180; 00120; 00000; 00000; 00000; 01380
01441600;J MHC CINTURA W;sugerido;;-00076;-00134;-00133;-00152;-00075;-00046; 00000; 00000; 00000;-00616
;
01441800;J MHC CINTURA P;Ventas;; 00050; 00060; 00062; 00055; 00036; 00022; 00000; 00000; 00000; 000285
01441800;J MHC CINTURA P;Despacho;; 00037; 00052; 00053; 00049; 00030; 00018; 00000; 00000; 00000; 00239
01441800;J MHC CINTURA P;saldo;; 00013; 00008; 00009; 00006; 00006; 00004; 00000; 00000; 00000; 00046
01441800;J MHC CINTURA P;stock;; 00003; 00027; 00037; 00036; 00036; 00012; 00000; 00000; 00000; 00151
01441800;J MHC CINTURA P;corte;; 00000; 00000; 00000; 00000; 00000; 00000; 00000; 00000; 00000; 00000
01441800;J MHC CINTURA P;sugerido;; 00010;-00019;-00028;-00030;-00030;-00008; 00000; 00000; 00000;-00105
;
01441900;J MHC CINTURA B;Ventas;; 00004; 00007; 00007; 00006; 00004; 00003; 00000; 00000; 00000; 000031
01441900;J MHC CINTURA B;Despacho;; 00000; 00000; 00000; 00000; 00000; 00000; 00000; 00000; 00000; 00000
01441900;J MHC CINTURA B;saldo;; 00004; 00007; 00007; 00006; 00004; 00003; 00000; 00000; 00000; 00031
01441900;J MHC CINTURA B;stock;; 00000; 00000; 00000; 00000; 00000; 00000; 00000; 00000; 00000; 00000
01441900;J MHC CINTURA B;corte;; 00000; 00000; 00000; 00000; 00000; 00000; 00000; 00000; 00000; 00000
01441900;J MHC CINTURA B;sugerido;; 00004; 00007; 00007; 00006; 00004; 00003; 00000; 00000; 00000; 00031
;
01441901;J MHC CINTURA B;Ventas;; 00004; 00004; 00004; 00004; 00002; 00002; 00000; 00000; 00000; 000020
01441901;J MHC CINTURA B;Despacho;; 00000; 00000; 00000; 00000; 00000; 00000; 00000; 00000; 00000; 00000
01441901;J MHC CINTURA B;saldo;; 00004; 00004; 00004; 00004; 00002; 00002; 00000; 00000; 00000; 00020
01441901;J MHC CINTURA B;stock;; 00000; 00000; 00000; 00000; 00000; 00000; 00000; 00000; 00000; 00000
01441901;J MHC CINTURA B;corte;; 00000; 00000; 00000; 00000; 00000; 00000; 00000; 00000; 00000; 00000
01441901;J MHC CINTURA B;sugerido;; 00004; 00004; 00004; 00004; 00002; 00002; 00000; 00000; 00000; 00020
;
01442100;J MHC CINTURA P;Ventas;; 00007; 00008; 00009; 00007; 00005; 00001; 00000; 00000; 00000; 000037
01442100;J MHC CINTURA P;Despacho;; 00000; 00000; 00000; 00000; 00000; 00000; 00000; 00000; 00000; 00000
01442100;J MHC CINTURA P;saldo;; 00007; 00008; 00009; 00007; 00005; 00001; 00000; 00000; 00000; 00037
01442100;J MHC CINTURA P;stock;; 00000; 00000; 00000; 00000; 00000; 00000; 00000; 00000; 00000; 00000
01442100;J MHC CINTURA P;corte;; 00000; 00000; 00000; 00000; 00000; 00000; 00000; 00000; 00000; 00000
01442100;J MHC CINTURA P;sugerido;; 00007; 00008; 00009; 00007; 00005; 00001; 00000; 00000; 00000; 00037
;
01442106;J MHC CINTURA P;Ventas;; 00005; 00007; 00007; 00005; 00004; 00002; 00000; 00000; 00000; 000030
01442106;J MHC CINTURA P;Despacho;; 00000; 00000; 00000; 00000; 00000; 00000; 00000; 00000; 00000; 00000
01442106;J MHC CINTURA P;saldo;; 00005; 00007; 00007; 00005; 00004; 00002; 00000; 00000; 00000; 00030
01442106;J MHC CINTURA P;stock;; 00000; 00000; 00000; 00000; 00000; 00000; 00000; 00000; 00000; 00000
01442106;J MHC CINTURA P;corte;; 00000; 00000; 00000; 00000; 00000; 00000; 00000; 00000; 00000; 00000
01442106;J MHC CINTURA P;sugerido;; 00005; 00007; 00007; 00005; 00004; 00002; 00000; 00000; 00000; 00030
;
01442138;J MHC CINTURA P;Ventas;; 00014; 00019; 00021; 00020; 00011; 00007; 00000; 00000; 00000; 000092
01442138;J MHC CINTURA P;Despacho;; 00000; 00000; 00000; 00000; 00000; 00000; 00000; 00000; 00000; 00000
01442138;J MHC CINTURA P;saldo;; 00014; 00019; 00021; 00020; 00011; 00007; 00000; 00000; 00000; 00092
01442138;J MHC CINTURA P;stock;; 00000; 00000; 00000; 00000; 00000; 00000; 00000; 00000; 00000; 00000
01442138;J MHC CINTURA P;corte;; 00000; 00000; 00000; 00000; 00000; 00000; 00000; 00000; 00000; 00000
01442138;J MHC CINTURA P;sugerido;; 00014; 00019; 00021; 00020; 00011; 00007; 00000; 00000; 00000; 00092
;
01442200;J MHC CINTURA C;Ventas;; 00001; 00003; 00003; 00002; 00001; 00000; 00000; 00000; 00000; 000010
01442200;J MHC CINTURA C;Despacho;; 00000; 00000; 00000; 00000; 00000; 00000; 00000; 00000; 00000; 00000
01442200;J MHC CINTURA C;saldo;; 00001; 00003; 00003; 00002; 00001; 00000; 00000; 00000; 00000; 00010
01442200;J MHC CINTURA C;stock;; 00000; 00000; 00000; 00000; 00000; 00000; 00000; 00000; 00000; 00000
01442200;J MHC CINTURA C;corte;; 00000; 00000; 00000; 00000; 00000; 00000; 00000; 00000; 00000; 00000
01442200;J MHC CINTURA C;sugerido;; 00001; 00003; 00003; 00002; 00001; 00000; 00000; 00000; 00000; 00010
;
01442600;J MHC CINTURA  ;Ventas;; 00038; 00054; 00059; 00052; 00036; 00019; 00000; 00000; 00000; 000258
01442600;J MHC CINTURA  ;Despacho;; 00000; 00000; 00000; 00000; 00000; 00000; 00000; 00000; 00000; 00000
01442600;J MHC CINTURA  ;saldo;; 00038; 00054; 00059; 00052; 00036; 00019; 00000; 00000; 00000; 00258
01442600;J MHC CINTURA  ;stock;; 00000; 00000; 00000; 00000; 00000; 00000; 00000; 00000; 00000; 00000
01442600;J MHC CINTURA  ;corte;; 00000; 00000; 00000; 00000; 00000; 00000; 00000; 00000; 00000; 00000
01442600;J MHC CINTURA  ;sugerido;; 00038; 00054; 00059; 00052; 00036; 00019; 00000; 00000; 00000; 00258
;
01442601;J MHC CINTURA  ;Ventas;; 00015; 00021; 00023; 00022; 00015; 00009; 00000; 00000; 00000; 000105
01442601;J MHC CINTURA  ;Despacho;; 00000; 00000; 00000; 00000; 00000; 00000; 00000; 00000; 00000; 00000
01442601;J MHC CINTURA  ;saldo;; 00015; 00021; 00023; 00022; 00015; 00009; 00000; 00000; 00000; 00105
01442601;J MHC CINTURA  ;stock;; 00000; 00000; 00000; 00000; 00000; 00000; 00000; 00000; 00000; 00000
01442601;J MHC CINTURA  ;corte;; 00000; 00000; 00000; 00000; 00000; 00000; 00000; 00000; 00000; 00000
01442601;J MHC CINTURA  ;sugerido;; 00015; 00021; 00023; 00022; 00015; 00009; 00000; 00000; 00000; 00105
;
01443000;J MHC CINTURA F;Ventas;; 00088; 00156; 00162; 00133; 00085; 00059; 00000; 00000; 00000; 000683
01443000;J MHC CINTURA F;Despacho;; 00066; 00139; 00145; 00120; 00074; 00053; 00000; 00000; 00000; 00597
01443000;J MHC CINTURA F;saldo;; 00022; 00017; 00017; 00013; 00011; 00006; 00000; 00000; 00000; 00086
01443000;J MHC CINTURA F;stock;; 00003; 00004; 00021; 00029; 00046; 00035; 00000; 00000; 00000; 00138
01443000;J MHC CINTURA F;corte;; 00000; 00000; 00000; 00000; 00000; 00000; 00000; 00000; 00000; 00000
01443000;J MHC CINTURA F;sugerido;; 00019; 00013;-00004;-00016;-00035;-00029; 00000; 00000; 00000;-00052
;
01443001;J MHC CINTURA F;Ventas;; 00001; 00003; 00003; 00002; 00002; 00001; 00000; 00000; 00000; 000012
01443001;J MHC CINTURA F;Despacho;; 00000; 00000; 00000; 00000; 00000; 00000; 00000; 00000; 00000; 00000
01443001;J MHC CINTURA F;saldo;; 00001; 00003; 00003; 00002; 00002; 00001; 00000; 00000; 00000; 00012
01443001;J MHC CINTURA F;stock;; 00000; 00000; 00000; 00000; 00000; 00000; 00000; 00000; 00000; 00000
01443001;J MHC CINTURA F;corte;; 00000; 00000; 00000; 00000; 00000; 00000; 00000; 00000; 00000; 00000
01443001;J MHC CINTURA F;sugerido;; 00001; 00003; 00003; 00002; 00002; 00001; 00000; 00000; 00000; 00012
;
01443100;J MHC CINTURA W;Ventas;; 00038; 00051; 00054; 00045; 00029; 00015; 00000; 00000; 00000; 000232
01443100;J MHC CINTURA W;Despacho;; 00027; 00045; 00048; 00041; 00025; 00011; 00000; 00000; 00000; 00197
01443100;J MHC CINTURA W;saldo;; 00011; 00006; 00006; 00004; 00004; 00004; 00000; 00000; 00000; 00035
01443100;J MHC CINTURA W;stock;; 00002; 00015; 00021; 00016; 00018; 00018; 00000; 00000; 00000; 00090
01443100;J MHC CINTURA W;corte;; 00000; 00000; 00000; 00000; 00000; 00000; 00000; 00000; 00000; 00000
01443100;J MHC CINTURA W;sugerido;; 00009;-00009;-00015;-00012;-00014;-00014; 00000; 00000; 00000;-00055
;
01443101;J MHC CINTURA W;Ventas;; 00033; 00049; 00052; 00045; 00030; 00021; 00000; 00000; 00000; 000230
01443101;J MHC CINTURA W;Despacho;; 00014; 00043; 00043; 00039; 00025; 00016; 00000; 00000; 00000; 00180
01443101;J MHC CINTURA W;saldo;; 00019; 00006; 00009; 00006; 00005; 00005; 00000; 00000; 00000; 00050
01443101;J MHC CINTURA W;stock;; 00012; 00023; 00024; 00020; 00018; 00013; 00000; 00000; 00000; 00110
01443101;J MHC CINTURA W;corte;; 00000; 00000; 00000; 00000; 00000; 00000; 00000; 00000; 00000; 00000
01443101;J MHC CINTURA W;sugerido;; 00007;-00017;-00015;-00014;-00013;-00008; 00000; 00000; 00000;-00060
;
01443200;J MHC CINTURA P;Ventas;; 00071; 00116; 00132; 00111; 00086; 00059; 00000; 00000; 00000; 000575
01443200;J MHC CINTURA P;Despacho;; 00000; 00000; 00000; 00000; 00000; 00000; 00000; 00000; 00000; 00000
01443200;J MHC CINTURA P;saldo;; 00071; 00116; 00132; 00111; 00086; 00059; 00000; 00000; 00000; 00575
01443200;J MHC CINTURA P;stock;; 00020; 00041; 00050; 00050; 00020; 00020; 00000; 00000; 00000; 00201
01443200;J MHC CINTURA P;corte;; 00060; 00080; 00080; 00070; 00070; 00040; 00000; 00000; 00000; 00400
01443200;J MHC CINTURA P;sugerido;;-00009;-00005; 00002;-00009;-00004;-00001; 00000; 00000; 00000;-00026
;
01443201;J MHC CINTURA P;Ventas;; 00004; 00007; 00007; 00007; 00005; 00003; 00000; 00000; 00000; 000033
01443201;J MHC CINTURA P;Despacho;; 00000; 00000; 00000; 00000; 00000; 00000; 00000; 00000; 00000; 00000
01443201;J MHC CINTURA P;saldo;; 00004; 00007; 00007; 00007; 00005; 00003; 00000; 00000; 00000; 00033
01443201;J MHC CINTURA P;stock;; 00000; 00000; 00000; 00000; 00000; 00000; 00000; 00000; 00000; 00000
01443201;J MHC CINTURA P;corte;; 00000; 00000; 00000; 00000; 00000; 00000; 00000; 00000; 00000; 00000
01443201;J MHC CINTURA P;sugerido;; 00004; 00007; 00007; 00007; 00005; 00003; 00000; 00000; 00000; 00033
;
01443400;J MHC MEDIO REC;Ventas;; 00044; 00103; 00109; 00089; 00060; 00048; 00000; 00000; 00000; 000453
01443400;J MHC MEDIO REC;Despacho;; 00036; 00093; 00096; 00081; 00053; 00042; 00000; 00000; 00000; 00401
01443400;J MHC MEDIO REC;saldo;; 00008; 00010; 00013; 00008; 00007; 00006; 00000; 00000; 00000; 00052
01443400;J MHC MEDIO REC;stock;; 00006; 00010; 00006; 00022; 00013; 00008; 00000; 00000; 00000; 00065
01443400;J MHC MEDIO REC;corte;; 00060; 00120; 00120; 00120; 00050; 00040; 00000; 00000; 00000; 00510
01443400;J MHC MEDIO REC;sugerido;;-00058;-00120;-00113;-00134;-00056;-00042; 00000; 00000; 00000;-00523
;
01443500;J MHC CINTURA T;Ventas;; 00054; 00114; 00124; 00105; 00071; 00045; 00000; 00000; 00000; 000513
01443500;J MHC CINTURA T;Despacho;; 00000; 00000; 00000; 00000; 00000; 00000; 00000; 00000; 00000; 00000
01443500;J MHC CINTURA T;saldo;; 00054; 00114; 00124; 00105; 00071; 00045; 00000; 00000; 00000; 00513
01443500;J MHC CINTURA T;stock;; 00000; 00000; 00000; 00000; 00000; 00000; 00000; 00000; 00000; 00000
01443500;J MHC CINTURA T;corte;; 00100; 00230; 00230; 00210; 00150; 00100; 00000; 00000; 00000; 01020
01443500;J MHC CINTURA T;sugerido;;-00046;-00116;-00106;-00105;-00079;-00055; 00000; 00000; 00000;-00507
;
01443800;J MHC CINTURA P;Ventas;; 00001; 00002; 00002; 00002; 00002; 00002; 00000; 00000; 00000; 000011
01443800;J MHC CINTURA P;Despacho;; 00000; 00000; 00000; 00000; 00000; 00000; 00000; 00000; 00000; 00000
01443800;J MHC CINTURA P;saldo;; 00001; 00002; 00002; 00002; 00002; 00002; 00000; 00000; 00000; 00011
01443800;J MHC CINTURA P;stock;; 00000; 00000; 00000; 00000; 00000; 00000; 00000; 00000; 00000; 00000
01443800;J MHC CINTURA P;corte;; 00000; 00000; 00000; 00000; 00000; 00000; 00000; 00000; 00000; 00000
01443800;J MHC CINTURA P;sugerido;; 00001; 00002; 00002; 00002; 00002; 00002; 00000; 00000; 00000; 00011
;
01444000;J MHC CINTURA O;Ventas;; 00023; 00048; 00050; 00039; 00027; 00021; 00000; 00000; 00000; 000208
01444000;J MHC CINTURA O;Despacho;; 00000; 00000; 00000; 00000; 00000; 00000; 00000; 00000; 00000; 00000
01444000;J MHC CINTURA O;saldo;; 00023; 00048; 00050; 00039; 00027; 00021; 00000; 00000; 00000; 00208
01444000;J MHC CINTURA O;stock;; 00000; 00001; 00000; 00000; 00000; 00000; 00000; 00000; 00000; 00001
01444000;J MHC CINTURA O;corte;; 00000; 00000; 00000; 00000; 00000; 00000; 00000; 00000; 00000; 00000
01444000;J MHC CINTURA O;sugerido;; 00023; 00047; 00050; 00039; 00027; 00021; 00000; 00000; 00000; 00207
;
01444060;J MHC CINTURA O;Ventas;; 00015; 00022; 00024; 00018; 00013; 00004; 00000; 00000; 00000; 000096
01444060;J MHC CINTURA O;Despacho;; 00000; 00000; 00000; 00000; 00000; 00000; 00000; 00000; 00000; 00000
01444060;J MHC CINTURA O;saldo;; 00015; 00022; 00024; 00018; 00013; 00004; 00000; 00000; 00000; 00096
01444060;J MHC CINTURA O;stock;; 00000; 00000; 00000; 00000; 00000; 00000; 00000; 00000; 00000; 00000
01444060;J MHC CINTURA O;corte;; 00000; 00000; 00000; 00000; 00000; 00000; 00000; 00000; 00000; 00000
01444060;J MHC CINTURA O;sugerido;; 00015; 00022; 00024; 00018; 00013; 00004; 00000; 00000; 00000; 00096
;
01444100;J MHC CINTURA P;Ventas;; 00060; 00127; 00134; 00115; 00080; 00058; 00000; 00000; 00000; 000574
01444100;J MHC CINTURA P;Despacho;; 00000; 00000; 00000; 00000; 00000; 00000; 00000; 00000; 00000; 00000
01444100;J MHC CINTURA P;saldo;; 00060; 00127; 00134; 00115; 00080; 00058; 00000; 00000; 00000; 00574
01444100;J MHC CINTURA P;stock;; 00000; 00000; 00000; 00000; 00000; 00000; 00000; 00000; 00000; 00000
01444100;J MHC CINTURA P;corte;; 00049; 00090; 00090; 00090; 00049; 00041; 00000; 00000; 00000; 00409
01444100;J MHC CINTURA P;sugerido;; 00011; 00037; 00044; 00025; 00031; 00017; 00000; 00000; 00000; 00165
;
01444200;J MHC CINTURA B;Ventas;; 00004; 00006; 00006; 00006; 00003; 00002; 00000; 00000; 00000; 000027
01444200;J MHC CINTURA B;Despacho;; 00000; 00000; 00000; 00000; 00000; 00000; 00000; 00000; 00000; 00000
01444200;J MHC CINTURA B;saldo;; 00004; 00006; 00006; 00006; 00003; 00002; 00000; 00000; 00000; 00027
01444200;J MHC CINTURA B;stock;; 00000; 00000; 00000; 00000; 00000; 00000; 00000; 00000; 00000; 00000
01444200;J MHC CINTURA B;corte;; 00000; 00000; 00000; 00000; 00000; 00000; 00000; 00000; 00000; 00000
01444200;J MHC CINTURA B;sugerido;; 00004; 00006; 00006; 00006; 00003; 00002; 00000; 00000; 00000; 00027
;
01444300;J MHC CINTURA O;Ventas;; 00017; 00026; 00029; 00026; 00021; 00012; 00000; 00000; 00000; 000131
01444300;J MHC CINTURA O;Despacho;; 00000; 00000; 00000; 00000; 00000; 00000; 00000; 00000; 00000; 00000
01444300;J MHC CINTURA O;saldo;; 00017; 00026; 00029; 00026; 00021; 00012; 00000; 00000; 00000; 00131
01444300;J MHC CINTURA O;stock;; 00000; 00000; 00000; 00000; 00000; 00000; 00000; 00000; 00000; 00000
01444300;J MHC CINTURA O;corte;; 00000; 00000; 00000; 00000; 00000; 00000; 00000; 00000; 00000; 00000
01444300;J MHC CINTURA O;sugerido;; 00017; 00026; 00029; 00026; 00021; 00012; 00000; 00000; 00000; 00131
;
01444400;J MHC CINTURA R;Ventas;; 00045; 00102; 00106; 00086; 00062; 00046; 00000; 00000; 00000; 000447
01444400;J MHC CINTURA R;Despacho;; 00000; 00000; 00000; 00000; 00000; 00000; 00000; 00000; 00000; 00000
01444400;J MHC CINTURA R;saldo;; 00045; 00102; 00106; 00086; 00062; 00046; 00000; 00000; 00000; 00447
01444400;J MHC CINTURA R;stock;; 00000; 00000; 00000; 00000; 00000; 00000; 00000; 00000; 00000; 00000
01444400;J MHC CINTURA R;corte;; 00080; 00120; 00130; 00120; 00090; 00060; 00000; 00000; 00000; 00600
01444400;J MHC CINTURA R;sugerido;;-00035;-00018;-00024;-00034;-00028;-00014; 00000; 00000; 00000;-00153
;
01444800;J MHC CINTURA F;Ventas;; 00044; 00062; 00062; 00055; 00035; 00023; 00000; 00000; 00000; 000281
01444800;J MHC CINTURA F;Despacho;; 00037; 00053; 00052; 00047; 00028; 00017; 00000; 00000; 00000; 00234
01444800;J MHC CINTURA F;saldo;; 00007; 00009; 00010; 00008; 00007; 00006; 00000; 00000; 00000; 00047
01444800;J MHC CINTURA F;stock;; 00039; 00121; 00138; 00137; 00089; 00075; 00000; 00000; 00000; 00599
01444800;J MHC CINTURA F;corte;; 00000; 00000; 00000; 00000; 00000; 00000; 00000; 00000; 00000; 00000
01444800;J MHC CINTURA F;sugerido;;-00032;-00112;-00128;-00129;-00082;-00069; 00000; 00000; 00000;-00552
;
01445300;J MHC CINTURA R;Ventas;; 00040; 00074; 00080; 00067; 00048; 00029; 00000; 00000; 00000; 000338
01445300;J MHC CINTURA R;Despacho;; 00027; 00059; 00064; 00052; 00035; 00023; 00000; 00000; 00000; 00260
01445300;J MHC CINTURA R;saldo;; 00013; 00015; 00016; 00015; 00013; 00006; 00000; 00000; 00000; 00078
01445300;J MHC CINTURA R;stock;; 00000; 00003; 00002; 00004; 00004; 00012; 00000; 00000; 00000; 00025
01445300;J MHC CINTURA R;corte;; 00047; 00094; 00094; 00094; 00058; 00019; 00000; 00000; 00000; 00406
01445300;J MHC CINTURA R;sugerido;;-00034;-00082;-00080;-00083;-00049;-00025; 00000; 00000; 00000;-00353
;
01445360;J MHC CINTURA R;Ventas;; 00004; 00004; 00004; 00004; 00002; 00002; 00000; 00000; 00000; 000020
01445360;J MHC CINTURA R;Despacho;; 00000; 00000; 00000; 00000; 00000; 00000; 00000; 00000; 00000; 00000
01445360;J MHC CINTURA R;saldo;; 00004; 00004; 00004; 00004; 00002; 00002; 00000; 00000; 00000; 00020
01445360;J MHC CINTURA R;stock;; 00000; 00000; 00000; 00000; 00000; 00000; 00000; 00000; 00000; 00000
01445360;J MHC CINTURA R;corte;; 00000; 00000; 00000; 00000; 00000; 00000; 00000; 00000; 00000; 00000
01445360;J MHC CINTURA R;sugerido;; 00004; 00004; 00004; 00004; 00002; 00002; 00000; 00000; 00000; 00020
;
01445400;J MHC CINTURA F;Ventas;; 00044; 00060; 00065; 00059; 00036; 00027; 00000; 00000; 00000; 000291
01445400;J MHC CINTURA F;Despacho;; 00028; 00049; 00055; 00052; 00031; 00023; 00000; 00000; 00000; 00238
01445400;J MHC CINTURA F;saldo;; 00016; 00011; 00010; 00007; 00005; 00004; 00000; 00000; 00000; 00053
01445400;J MHC CINTURA F;stock;; 00001; 00005; 00012; 00009; 00016; 00008; 00000; 00000; 00000; 00051
01445400;J MHC CINTURA F;corte;; 00040; 00092; 00092; 00092; 00058; 00030; 00000; 00000; 00000; 00404
01445400;J MHC CINTURA F;sugerido;;-00025;-00086;-00094;-00094;-00069;-00034; 00000; 00000; 00000;-00402
;
01445401;J MHC CINTURA F;Ventas;; 00034; 00054; 00056; 00040; 00027; 00018; 00000; 00000; 00000; 000229
01445401;J MHC CINTURA F;Despacho;; 00000; 00000; 00000; 00000; 00000; 00000; 00000; 00000; 00000; 00000
01445401;J MHC CINTURA F;saldo;; 00034; 00054; 00056; 00040; 00027; 00018; 00000; 00000; 00000; 00229
01445401;J MHC CINTURA F;stock;; 00000; 00000; 00000; 00000; 00000; 00000; 00000; 00000; 00000; 00000
01445401;J MHC CINTURA F;corte;; 00000; 00000; 00000; 00000; 00000; 00000; 00000; 00000; 00000; 00000
01445401;J MHC CINTURA F;sugerido;; 00034; 00054; 00056; 00040; 00027; 00018; 00000; 00000; 00000; 00229
;
01445500;J MHC CINTURA P;Ventas;; 00019; 00030; 00030; 00027; 00018; 00010; 00000; 00000; 00000; 000134
01445500;J MHC CINTURA P;Despacho;; 00014; 00026; 00025; 00024; 00015; 00009; 00000; 00000; 00000; 00113
01445500;J MHC CINTURA P;saldo;; 00005; 00004; 00005; 00003; 00003; 00001; 00000; 00000; 00000; 00021
01445500;J MHC CINTURA P;stock;; 00017; 00031; 00041; 00038; 00027; 00026; 00000; 00000; 00000; 00180
01445500;J MHC CINTURA P;corte;; 00000; 00000; 00000; 00000; 00000; 00000; 00000; 00000; 00000; 00000
01445500;J MHC CINTURA P;sugerido;;-00012;-00027;-00036;-00035;-00024;-00025; 00000; 00000; 00000;-00159
;
01445660;J MHC CINTURA W;Ventas;; 00004; 00006; 00008; 00008; 00006; 00004; 00000; 00000; 00000; 000036
01445660;J MHC CINTURA W;Despacho;; 00000; 00000; 00000; 00000; 00000; 00000; 00000; 00000; 00000; 00000
01445660;J MHC CINTURA W;saldo;; 00004; 00006; 00008; 00008; 00006; 00004; 00000; 00000; 00000; 00036
01445660;J MHC CINTURA W;stock;; 00000; 00000; 00000; 00000; 00000; 00000; 00000; 00000; 00000; 00000
01445660;J MHC CINTURA W;corte;; 00000; 00000; 00000; 00000; 00000; 00000; 00000; 00000; 00000; 00000
01445660;J MHC CINTURA W;sugerido;; 00004; 00006; 00008; 00008; 00006; 00004; 00000; 00000; 00000; 00036
;
01445704;JEANS CINTURA W;Ventas;; 00005; 00005; 00005; 00005; 00004; 00001; 00000; 00000; 00000; 000025
01445704;JEANS CINTURA W;Despacho;; 00000; 00000; 00000; 00000; 00000; 00000; 00000; 00000; 00000; 00000
01445704;JEANS CINTURA W;saldo;; 00005; 00005; 00005; 00005; 00004; 00001; 00000; 00000; 00000; 00025
01445704;JEANS CINTURA W;stock;; 00000; 00000; 00000; 00000; 00000; 00000; 00000; 00000; 00000; 00000
01445704;JEANS CINTURA W;corte;; 00000; 00000; 00000; 00000; 00000; 00000; 00000; 00000; 00000; 00000
01445704;JEANS CINTURA W;sugerido;; 00005; 00005; 00005; 00005; 00004; 00001; 00000; 00000; 00000; 00025
;
01445738;JEANS CINTURA W;Ventas;; 00009; 00013; 00013; 00012; 00007; 00003; 00000; 00000; 00000; 000057
01445738;JEANS CINTURA W;Despacho;; 00000; 00000; 00000; 00000; 00000; 00000; 00000; 00000; 00000; 00000
01445738;JEANS CINTURA W;saldo;; 00009; 00013; 00013; 00012; 00007; 00003; 00000; 00000; 00000; 00057
01445738;JEANS CINTURA W;stock;; 00000; 00000; 00000; 00000; 00000; 00000; 00000; 00000; 00000; 00000
01445738;JEANS CINTURA W;corte;; 00000; 00000; 00000; 00000; 00000; 00000; 00000; 00000; 00000; 00000
01445738;JEANS CINTURA W;sugerido;; 00009; 00013; 00013; 00012; 00007; 00003; 00000; 00000; 00000; 00057
;
01445800;J MHC MEDIO OXF;Ventas;; 00075; 00151; 00166; 00142; 00095; 00061; 00000; 00000; 00000; 000690
01445800;J MHC MEDIO OXF;Despacho;; 00015; 00024; 00027; 00029; 00019; 00011; 00000; 00000; 00000; 00125
01445800;J MHC MEDIO OXF;saldo;; 00060; 00127; 00139; 00113; 00076; 00050; 00000; 00000; 00000; 00565
01445800;J MHC MEDIO OXF;stock;; 00035; 00085; 00082; 00079; 00050; 00039; 00000; 00000; 00000; 00370
01445800;J MHC MEDIO OXF;corte;; 00060; 00120; 00120; 00120; 00060; 00030; 00000; 00000; 00000; 00510
01445800;J MHC MEDIO OXF;sugerido;;-00035;-00078;-00063;-00086;-00034;-00019; 00000; 00000; 00000;-00315
;
01445900;J MHC CINTURA B;Ventas;; 00063; 00132; 00141; 00117; 00080; 00056; 00000; 00000; 00000; 000589
01445900;J MHC CINTURA B;Despacho;; 00000; 00000; 00000; 00000; 00000; 00000; 00000; 00000; 00000; 00000
01445900;J MHC CINTURA B;saldo;; 00063; 00132; 00141; 00117; 00080; 00056; 00000; 00000; 00000; 00589
01445900;J MHC CINTURA B;stock;; 00000; 00000; 00000; 00000; 00000; 00000; 00000; 00000; 00000; 00000
01445900;J MHC CINTURA B;corte;; 00140; 00260; 00260; 00260; 00130; 00070; 00000; 00000; 00000; 01120
01445900;J MHC CINTURA B;sugerido;;-00077;-00128;-00119;-00143;-00050;-00014; 00000; 00000; 00000;-00531
;
01446800;J MHC CINTURA P;Ventas;; 00007; 00014; 00018; 00017; 00016; 00008; 00000; 00000; 00000; 000080
01446800;J MHC CINTURA P;Despacho;; 00000; 00000; 00000; 00000; 00000; 00000; 00000; 00000; 00000; 00000
01446800;J MHC CINTURA P;saldo;; 00007; 00014; 00018; 00017; 00016; 00008; 00000; 00000; 00000; 00080
01446800;J MHC CINTURA P;stock;; 00000; 00000; 00000; 00000; 00000; 00000; 00000; 00000; 00000; 00000
01446800;J MHC CINTURA P;corte;; 00000; 00000; 00000; 00000; 00000; 00000; 00000; 00000; 00000; 00000
01446800;J MHC CINTURA P;sugerido;; 00007; 00014; 00018; 00017; 00016; 00008; 00000; 00000; 00000; 00080
;
01447100;J MHC CINTURA O;Ventas;; 00048; 00082; 00092; 00079; 00056; 00036; 00000; 00000; 00000; 000393
01447100;J MHC CINTURA O;Despacho;; 00000; 00000; 00000; 00000; 00000; 00000; 00000; 00000; 00000; 00000
01447100;J MHC CINTURA O;saldo;; 00048; 00082; 00092; 00079; 00056; 00036; 00000; 00000; 00000; 00393
01447100;J MHC CINTURA O;stock;; 00000; 00000; 00000; 00000; 00000; 00000; 00000; 00000; 00000; 00000
01447100;J MHC CINTURA O;corte;; 00000; 00000; 00000; 00000; 00000; 00000; 00000; 00000; 00000; 00000
01447100;J MHC CINTURA O;sugerido;; 00048; 00082; 00092; 00079; 00056; 00036; 00000; 00000; 00000; 00393
;
01447200;J MHC CINTURA F;Ventas;; 00048; 00096; 00099; 00083; 00058; 00040; 00000; 00000; 00000; 000424
01447200;J MHC CINTURA F;Despacho;; 00011; 00043; 00044; 00034; 00024; 00021; 00000; 00000; 00000; 00177
01447200;J MHC CINTURA F;saldo;; 00037; 00053; 00055; 00049; 00034; 00019; 00000; 00000; 00000; 00247
01447200;J MHC CINTURA F;stock;; 00012; 00000; 00000; 00006; 00008; 00007; 00000; 00000; 00000; 00033
01447200;J MHC CINTURA F;corte;; 00046; 00102; 00102; 00102; 00066; 00046; 00000; 00000; 00000; 00464
01447200;J MHC CINTURA F;sugerido;;-00021;-00049;-00047;-00059;-00040;-00034; 00000; 00000; 00000;-00250
;
01447201;J MHC CINTURA F;Ventas;; 00038; 00061; 00065; 00056; 00039; 00021; 00000; 00000; 00000; 000280
01447201;J MHC CINTURA F;Despacho;; 00018; 00027; 00030; 00028; 00019; 00007; 00000; 00000; 00000; 00129
01447201;J MHC CINTURA F;saldo;; 00020; 00034; 00035; 00028; 00020; 00014; 00000; 00000; 00000; 00151
01447201;J MHC CINTURA F;stock;; 00004; 00004; 00007; 00007; 00009; 00014; 00000; 00000; 00000; 00045
01447201;J MHC CINTURA F;corte;; 00000; 00000; 00000; 00000; 00000; 00000; 00000; 00000; 00000; 00000
01447201;J MHC CINTURA F;sugerido;; 00016; 00030; 00028; 00021; 00011; 00000; 00000; 00000; 00000; 00106
;
01447300;J MHC CINTURA T;Ventas;; 00056; 00117; 00127; 00107; 00074; 00053; 00000; 00000; 00000; 000534
01447300;J MHC CINTURA T;Despacho;; 00029; 00047; 00067; 00058; 00041; 00032; 00000; 00000; 00000; 00274
01447300;J MHC CINTURA T;saldo;; 00027; 00070; 00060; 00049; 00033; 00021; 00000; 00000; 00000; 00260
01447300;J MHC CINTURA T;stock;;-00029;-00047;-00067;-00058;-00041;-00032; 00000; 00000; 00000;-00274
01447300;J MHC CINTURA T;corte;; 00000; 00000; 00000; 00000; 00000; 00000; 00000; 00000; 00000; 00000
01447300;J MHC CINTURA T;sugerido;; 00056; 00117; 00127; 00107; 00074; 00053; 00000; 00000; 00000; 00534
;
01447400;J MHC CINTURA P;Ventas;; 00019; 00028; 00031; 00030; 00021; 00011; 00000; 00000; 00000; 000140
01447400;J MHC CINTURA P;Despacho;; 00010; 00017; 00017; 00017; 00010; 00003; 00000; 00000; 00000; 00074
01447400;J MHC CINTURA P;saldo;; 00009; 00011; 00014; 00013; 00011; 00008; 00000; 00000; 00000; 00066
01447400;J MHC CINTURA P;stock;;-00010;-00017;-00017;-00017;-00010;-00003; 00000; 00000; 00000;-00074
01447400;J MHC CINTURA P;corte;; 00000; 00000; 00000; 00000; 00000; 00000; 00000; 00000; 00000; 00000
01447400;J MHC CINTURA P;sugerido;; 00019; 00028; 00031; 00030; 00021; 00011; 00000; 00000; 00000; 00140
;
01447401;J MHC CINTURA P;Ventas;; 00008; 00008; 00008; 00007; 00007; 00005; 00000; 00000; 00000; 000043
01447401;J MHC CINTURA P;Despacho;; 00000; 00000; 00000; 00000; 00000; 00000; 00000; 00000; 00000; 00000
01447401;J MHC CINTURA P;saldo;; 00008; 00008; 00008; 00007; 00007; 00005; 00000; 00000; 00000; 00043
01447401;J MHC CINTURA P;stock;; 00000; 00000; 00000; 00000; 00000; 00000; 00000; 00000; 00000; 00000
01447401;J MHC CINTURA P;corte;; 00000; 00000; 00000; 00000; 00000; 00000; 00000; 00000; 00000; 00000
01447401;J MHC CINTURA P;sugerido;; 00008; 00008; 00008; 00007; 00007; 00005; 00000; 00000; 00000; 00043
;
01447500;J MHC CINTURA W;Ventas;; 00013; 00018; 00019; 00017; 00010; 00006; 00000; 00000; 00000; 000083
01447500;J MHC CINTURA W;Despacho;; 00000; 00000; 00000; 00000; 00000; 00000; 00000; 00000; 00000; 00000
01447500;J MHC CINTURA W;saldo;; 00013; 00018; 00019; 00017; 00010; 00006; 00000; 00000; 00000; 00083
01447500;J MHC CINTURA W;stock;; 00000; 00000; 00000; 00000; 00000; 00000; 00000; 00000; 00000; 00000
01447500;J MHC CINTURA W;corte;; 00000; 00000; 00000; 00000; 00000; 00000; 00000; 00000; 00000; 00000
01447500;J MHC CINTURA W;sugerido;; 00013; 00018; 00019; 00017; 00010; 00006; 00000; 00000; 00000; 00083
;
01447501;J MHC CINTURA W;Ventas;; 00011; 00015; 00015; 00014; 00009; 00005; 00000; 00000; 00000; 000069
01447501;J MHC CINTURA W;Despacho;; 00000; 00000; 00000; 00000; 00000; 00000; 00000; 00000; 00000; 00000
01447501;J MHC CINTURA W;saldo;; 00011; 00015; 00015; 00014; 00009; 00005; 00000; 00000; 00000; 00069
01447501;J MHC CINTURA W;stock;; 00000; 00000; 00000; 00000; 00000; 00000; 00000; 00000; 00000; 00000
01447501;J MHC CINTURA W;corte;; 00000; 00000; 00000; 00000; 00000; 00000; 00000; 00000; 00000; 00000
01447501;J MHC CINTURA W;sugerido;; 00011; 00015; 00015; 00014; 00009; 00005; 00000; 00000; 00000; 00069
;
01447590;J MHC CINTURA W;Ventas;; 00004; 00006; 00006; 00006; 00004; 00002; 00000; 00000; 00000; 000028
01447590;J MHC CINTURA W;Despacho;; 00000; 00000; 00000; 00000; 00000; 00000; 00000; 00000; 00000; 00000
01447590;J MHC CINTURA W;saldo;; 00004; 00006; 00006; 00006; 00004; 00002; 00000; 00000; 00000; 00028
01447590;J MHC CINTURA W;stock;; 00000; 00000; 00000; 00000; 00000; 00000; 00000; 00000; 00000; 00000
01447590;J MHC CINTURA W;corte;; 00000; 00000; 00000; 00000; 00000; 00000; 00000; 00000; 00000; 00000
01447590;J MHC CINTURA W;sugerido;; 00004; 00006; 00006; 00006; 00004; 00002; 00000; 00000; 00000; 00028
;
01447600;J MHC MEDIO OXF;Ventas;; 00025; 00034; 00037; 00033; 00021; 00015; 00000; 00000; 00000; 000165
01447600;J MHC MEDIO OXF;Despacho;; 00008; 00029; 00031; 00029; 00018; 00012; 00000; 00000; 00000; 00127
01447600;J MHC MEDIO OXF;saldo;; 00017; 00005; 00006; 00004; 00003; 00003; 00000; 00000; 00000; 00038
01447600;J MHC MEDIO OXF;stock;; 00003; 00008; 00012; 00021; 00013; 00028; 00000; 00000; 00000; 00085
01447600;J MHC MEDIO OXF;corte;; 00000; 00000; 00000; 00000; 00000; 00000; 00000; 00000; 00000; 00000
01447600;J MHC MEDIO OXF;sugerido;; 00014;-00003;-00006;-00017;-00010;-00025; 00000; 00000; 00000;-00047
;
01447700;J MHC CINTURA W;Ventas;; 00004; 00008; 00008; 00006; 00006; 00004; 00000; 00000; 00000; 000036
01447700;J MHC CINTURA W;Despacho;; 00001; 00005; 00005; 00004; 00004; 00002; 00000; 00000; 00000; 00021
01447700;J MHC CINTURA W;saldo;; 00003; 00003; 00003; 00002; 00002; 00002; 00000; 00000; 00000; 00015
01447700;J MHC CINTURA W;stock;; 00007; 00024; 00017; 00011; 00012; 00016; 00000; 00000; 00000; 00087
01447700;J MHC CINTURA W;corte;; 00000; 00000; 00000; 00000; 00000; 00000; 00000; 00000; 00000; 00000
01447700;J MHC CINTURA W;sugerido;;-00004;-00021;-00014;-00009;-00010;-00014; 00000; 00000; 00000;-00072
;
01447900;J MHC CINTURA F;Ventas;; 00002; 00005; 00006; 00006; 00004; 00001; 00000; 00000; 00000; 000024
01447900;J MHC CINTURA F;Despacho;; 00000; 00005; 00006; 00006; 00004; 00001; 00000; 00000; 00000; 00022
01447900;J MHC CINTURA F;saldo;; 00002; 00000; 00000; 00000; 00000; 00000; 00000; 00000; 00000; 00002
01447900;J MHC CINTURA F;stock;; 00019; 00021; 00022; 00016; 00017; 00025; 00000; 00000; 00000; 00120
01447900;J MHC CINTURA F;corte;; 00000; 00000; 00000; 00000; 00000; 00000; 00000; 00000; 00000; 00000
01447900;J MHC CINTURA F;sugerido;;-00017;-00021;-00022;-00016;-00017;-00025; 00000; 00000; 00000;-00118
;
01448000;JMHC CINTURA OX;Ventas;; 00018; 00030; 00031; 00025; 00016; 00010; 00000; 00000; 00000; 000130
01448000;JMHC CINTURA OX;Despacho;; 00006; 00029; 00029; 00023; 00014; 00008; 00000; 00000; 00000; 00109
01448000;JMHC CINTURA OX;saldo;; 00012; 00001; 00002; 00002; 00002; 00002; 00000; 00000; 00000; 00021
01448000;JMHC CINTURA OX;stock;; 00000; 00007; 00016; 00006; 00019; 00024; 00000; 00000; 00000; 00072
01448000;JMHC CINTURA OX;corte;; 00000; 00000; 00000; 00000; 00000; 00000; 00000; 00000; 00000; 00000
01448000;JMHC CINTURA OX;sugerido;; 00012;-00006;-00014;-00004;-00017;-00022; 00000; 00000; 00000;-00051
;
01448100;J MHC CINTURA R;Ventas;; 00012; 00018; 00019; 00018; 00010; 00009; 00000; 00000; 00000; 000086
01448100;J MHC CINTURA R;Despacho;; 00004; 00015; 00014; 00014; 00007; 00006; 00000; 00000; 00000; 00060
01448100;J MHC CINTURA R;saldo;; 00008; 00003; 00005; 00004; 00003; 00003; 00000; 00000; 00000; 00026
01448100;J MHC CINTURA R;stock;; 00005; 00014; 00016; 00008; 00020; 00017; 00000; 00000; 00000; 00080
01448100;J MHC CINTURA R;corte;; 00000; 00000; 00000; 00000; 00000; 00000; 00000; 00000; 00000; 00000
01448100;J MHC CINTURA R;sugerido;; 00003;-00011;-00011;-00004;-00017;-00014; 00000; 00000; 00000;-00054
;
01448200;J MHC CINTURA P;Ventas;; 00013; 00022; 00023; 00019; 00013; 00008; 00000; 00000; 00000; 000098
01448200;J MHC CINTURA P;Despacho;; 00003; 00019; 00018; 00014; 00010; 00006; 00000; 00000; 00000; 00070
01448200;J MHC CINTURA P;saldo;; 00010; 00003; 00005; 00005; 00003; 00002; 00000; 00000; 00000; 00028
01448200;J MHC CINTURA P;stock;;-00003;-00019;-00018;-00014;-00010;-00006; 00000; 00000; 00000;-00070
01448200;J MHC CINTURA P;corte;; 00000; 00000; 00000; 00000; 00000; 00000; 00000; 00000; 00000; 00000
01448200;J MHC CINTURA P;sugerido;; 00013; 00022; 00023; 00019; 00013; 00008; 00000; 00000; 00000; 00098
;
01448201;J MHC CINTURA P;Ventas;; 00002; 00003; 00003; 00002; 00001; 00000; 00000; 00000; 00000; 000011
01448201;J MHC CINTURA P;Despacho;; 00000; 00000; 00000; 00000; 00000; 00000; 00000; 00000; 00000; 00000
01448201;J MHC CINTURA P;saldo;; 00002; 00003; 00003; 00002; 00001; 00000; 00000; 00000; 00000; 00011
01448201;J MHC CINTURA P;stock;; 00000; 00000; 00000; 00000; 00000; 00000; 00000; 00000; 00000; 00000
01448201;J MHC CINTURA P;corte;; 00000; 00000; 00000; 00000; 00000; 00000; 00000; 00000; 00000; 00000
01448201;J MHC CINTURA P;sugerido;; 00002; 00003; 00003; 00002; 00001; 00000; 00000; 00000; 00000; 00011
;
01448400;J MHC MEDIO FLA;Ventas;; 00021; 00033; 00033; 00028; 00018; 00011; 00000; 00000; 00000; 000144
01448400;J MHC MEDIO FLA;Despacho;; 00009; 00031; 00030; 00026; 00016; 00009; 00000; 00000; 00000; 00121
01448400;J MHC MEDIO FLA;saldo;; 00012; 00002; 00003; 00002; 00002; 00002; 00000; 00000; 00000; 00023
01448400;J MHC MEDIO FLA;stock;; 00038; 00075; 00082; 00083; 00074; 00059; 00000; 00000; 00000; 00411
01448400;J MHC MEDIO FLA;corte;; 00000; 00000; 00000; 00000; 00000; 00000; 00000; 00000; 00000; 00000
01448400;J MHC MEDIO FLA;sugerido;;-00026;-00073;-00079;-00081;-00072;-00057; 00000; 00000; 00000;-00388
;
01448500;J MHJC CINTURA ;Ventas;; 00023; 00038; 00043; 00039; 00027; 00017; 00000; 00000; 00000; 000187
01448500;J MHJC CINTURA ;Despacho;; 00016; 00030; 00033; 00032; 00020; 00012; 00000; 00000; 00000; 00143
01448500;J MHJC CINTURA ;saldo;; 00007; 00008; 00010; 00007; 00007; 00005; 00000; 00000; 00000; 00044
01448500;J MHJC CINTURA ;stock;; 00007; 00014; 00017; 00009; 00014; 00022; 00000; 00000; 00000; 00083
01448500;J MHJC CINTURA ;corte;; 00000; 00000; 00000; 00000; 00000; 00000; 00000; 00000; 00000; 00000
01448500;J MHJC CINTURA ;sugerido;; 00000;-00006;-00007;-00002;-00007;-00017; 00000; 00000; 00000;-00039
;
01448600;JMHC CINTURA WI;Ventas;; 00030; 00050; 00054; 00047; 00033; 00015; 00000; 00000; 00000; 000229
01448600;JMHC CINTURA WI;Despacho;; 00000; 00000; 00000; 00000; 00000; 00000; 00000; 00000; 00000; 00000
01448600;JMHC CINTURA WI;saldo;; 00030; 00050; 00054; 00047; 00033; 00015; 00000; 00000; 00000; 00229
01448600;JMHC CINTURA WI;stock;; 00000; 00000; 00000; 00000; 00000; 00000; 00000; 00000; 00000; 00000
01448600;JMHC CINTURA WI;corte;; 00080; 00120; 00130; 00120; 00090; 00060; 00000; 00000; 00000; 00600
01448600;JMHC CINTURA WI;sugerido;;-00050;-00070;-00076;-00073;-00057;-00045; 00000; 00000; 00000;-00371
;
01448601;JMHC CINTURA WI;Ventas;; 00021; 00049; 00052; 00044; 00032; 00021; 00000; 00000; 00000; 000219
01448601;JMHC CINTURA WI;Despacho;; 00000; 00000; 00000; 00000; 00000; 00000; 00000; 00000; 00000; 00000
01448601;JMHC CINTURA WI;saldo;; 00021; 00049; 00052; 00044; 00032; 00021; 00000; 00000; 00000; 00219
01448601;JMHC CINTURA WI;stock;; 00000; 00000; 00000; 00000; 00000; 00000; 00000; 00000; 00000; 00000
01448601;JMHC CINTURA WI;corte;; 00000; 00000; 00000; 00000; 00000; 00000; 00000; 00000; 00000; 00000
01448601;JMHC CINTURA WI;sugerido;; 00021; 00049; 00052; 00044; 00032; 00021; 00000; 00000; 00000; 00219
;
01448602;JMHC CINTURA WI;Ventas;; 00042; 00071; 00077; 00066; 00044; 00026; 00000; 00000; 00000; 000326
01448602;JMHC CINTURA WI;Despacho;; 00000; 00000; 00000; 00000; 00000; 00000; 00000; 00000; 00000; 00000
01448602;JMHC CINTURA WI;saldo;; 00042; 00071; 00077; 00066; 00044; 00026; 00000; 00000; 00000; 00326
01448602;JMHC CINTURA WI;stock;; 00000; 00000; 00000; 00000; 00000; 00000; 00000; 00000; 00000; 00000
01448602;JMHC CINTURA WI;corte;; 00000; 00000; 00000; 00000; 00000; 00000; 00000; 00000; 00000; 00000
01448602;JMHC CINTURA WI;sugerido;; 00042; 00071; 00077; 00066; 00044; 00026; 00000; 00000; 00000; 00326
;
01448667;JMHC CINTURA WI;Ventas;; 00003; 00003; 00003; 00003; 00003; 00003; 00000; 00000; 00000; 000018
01448667;JMHC CINTURA WI;Despacho;; 00000; 00000; 00000; 00000; 00000; 00000; 00000; 00000; 00000; 00000
01448667;JMHC CINTURA WI;saldo;; 00003; 00003; 00003; 00003; 00003; 00003; 00000; 00000; 00000; 00018
01448667;JMHC CINTURA WI;stock;; 00000; 00000; 00000; 00000; 00000; 00000; 00000; 00000; 00000; 00000
01448667;JMHC CINTURA WI;corte;; 00000; 00000; 00000; 00000; 00000; 00000; 00000; 00000; 00000; 00000
01448667;JMHC CINTURA WI;sugerido;; 00003; 00003; 00003; 00003; 00003; 00003; 00000; 00000; 00000; 00018
;
01448760;JMHC CINTURA PI;Ventas;; 00014; 00020; 00021; 00017; 00014; 00006; 00000; 00000; 00000; 000092
01448760;JMHC CINTURA PI;Despacho;; 00000; 00000; 00000; 00000; 00000; 00000; 00000; 00000; 00000; 00000
01448760;JMHC CINTURA PI;saldo;; 00014; 00020; 00021; 00017; 00014; 00006; 00000; 00000; 00000; 00092
01448760;JMHC CINTURA PI;stock;; 00000; 00000; 00000; 00000; 00000; 00000; 00000; 00000; 00000; 00000
01448760;JMHC CINTURA PI;corte;; 00000; 00000; 00000; 00000; 00000; 00000; 00000; 00000; 00000; 00000
01448760;JMHC CINTURA PI;sugerido;; 00014; 00020; 00021; 00017; 00014; 00006; 00000; 00000; 00000; 00092
;
01448800;J MHC CINTURA P;Ventas;; 00007; 00008; 00011; 00009; 00004; 00004; 00000; 00000; 00000; 000043
01448800;J MHC CINTURA P;Despacho;; 00000; 00000; 00000; 00000; 00000; 00000; 00000; 00000; 00000; 00000
01448800;J MHC CINTURA P;saldo;; 00007; 00008; 00011; 00009; 00004; 00004; 00000; 00000; 00000; 00043
01448800;J MHC CINTURA P;stock;; 00000; 00000; 00000; 00000; 00000; 00000; 00000; 00000; 00000; 00000
01448800;J MHC CINTURA P;corte;; 00000; 00000; 00000; 00000; 00000; 00000; 00000; 00000; 00000; 00000
01448800;J MHC CINTURA P;sugerido;; 00007; 00008; 00011; 00009; 00004; 00004; 00000; 00000; 00000; 00043
;
01448900;J MHC CINTURA P;Ventas;; 00006; 00007; 00008; 00008; 00004; 00004; 00000; 00000; 00000; 000037
01448900;J MHC CINTURA P;Despacho;; 00000; 00000; 00000; 00000; 00000; 00000; 00000; 00000; 00000; 00000
01448900;J MHC CINTURA P;saldo;; 00006; 00007; 00008; 00008; 00004; 00004; 00000; 00000; 00000; 00037
01448900;J MHC CINTURA P;stock;; 00000; 00000; 00000; 00000; 00000; 00000; 00000; 00000; 00000; 00000
01448900;J MHC CINTURA P;corte;; 00000; 00000; 00000; 00000; 00000; 00000; 00000; 00000; 00000; 00000
01448900;J MHC CINTURA P;sugerido;; 00006; 00007; 00008; 00008; 00004; 00004; 00000; 00000; 00000; 00037
;
01449200;J MHC CINTURA F;Ventas;; 00002; 00004; 00006; 00006; 00004; 00003; 00000; 00000; 00000; 000025
01449200;J MHC CINTURA F;Despacho;; 00000; 00000; 00000; 00000; 00000; 00000; 00000; 00000; 00000; 00000
01449200;J MHC CINTURA F;saldo;; 00002; 00004; 00006; 00006; 00004; 00003; 00000; 00000; 00000; 00025
01449200;J MHC CINTURA F;stock;; 00000; 00000; 00000; 00000; 00000; 00000; 00000; 00000; 00000; 00000
01449200;J MHC CINTURA F;corte;; 00000; 00000; 00000; 00000; 00000; 00000; 00000; 00000; 00000; 00000
01449200;J MHC CINTURA F;sugerido;; 00002; 00004; 00006; 00006; 00004; 00003; 00000; 00000; 00000; 00025
;
01449201;J MHC CINTURA F;Ventas;; 00003; 00005; 00005; 00004; 00003; 00001; 00000; 00000; 00000; 000021
01449201;J MHC CINTURA F;Despacho;; 00000; 00000; 00000; 00000; 00000; 00000; 00000; 00000; 00000; 00000
01449201;J MHC CINTURA F;saldo;; 00003; 00005; 00005; 00004; 00003; 00001; 00000; 00000; 00000; 00021
01449201;J MHC CINTURA F;stock;; 00000; 00000; 00000; 00000; 00000; 00000; 00000; 00000; 00000; 00000
01449201;J MHC CINTURA F;corte;; 00000; 00000; 00000; 00000; 00000; 00000; 00000; 00000; 00000; 00000
01449201;J MHC CINTURA F;sugerido;; 00003; 00005; 00005; 00004; 00003; 00001; 00000; 00000; 00000; 00021
;
01449290;J MHC CINTURA F;Ventas;; 00001; 00001; 00002; 00001; 00000; 00000; 00000; 00000; 00000; 000005
01449290;J MHC CINTURA F;Despacho;; 00000; 00000; 00000; 00000; 00000; 00000; 00000; 00000; 00000; 00000
01449290;J MHC CINTURA F;saldo;; 00001; 00001; 00002; 00001; 00000; 00000; 00000; 00000; 00000; 00005
01449290;J MHC CINTURA F;stock;; 00000; 00000; 00000; 00000; 00000; 00000; 00000; 00000; 00000; 00000
01449290;J MHC CINTURA F;corte;; 00000; 00000; 00000; 00000; 00000; 00000; 00000; 00000; 00000; 00000
01449290;J MHC CINTURA F;sugerido;; 00001; 00001; 00002; 00001; 00000; 00000; 00000; 00000; 00000; 00005
;
01449301;JMHC CINTURA FL;Ventas;; 00006; 00006; 00006; 00006; 00003; 00003; 00000; 00000; 00000; 000030
01449301;JMHC CINTURA FL;Despacho;; 00000; 00000; 00000; 00000; 00000; 00000; 00000; 00000; 00000; 00000
01449301;JMHC CINTURA FL;saldo;; 00006; 00006; 00006; 00006; 00003; 00003; 00000; 00000; 00000; 00030
01449301;JMHC CINTURA FL;stock;; 00000; 00000; 00000; 00000; 00000; 00000; 00000; 00000; 00000; 00000
01449301;JMHC CINTURA FL;corte;; 00000; 00000; 00000; 00000; 00000; 00000; 00000; 00000; 00000; 00000
01449301;JMHC CINTURA FL;sugerido;; 00006; 00006; 00006; 00006; 00003; 00003; 00000; 00000; 00000; 00030
;
01449304;JMHC CINTURA FL;Ventas;; 00003; 00003; 00003; 00003; 00002; 00001; 00000; 00000; 00000; 000015
01449304;JMHC CINTURA FL;Despacho;; 00000; 00000; 00000; 00000; 00000; 00000; 00000; 00000; 00000; 00000
01449304;JMHC CINTURA FL;saldo;; 00003; 00003; 00003; 00003; 00002; 00001; 00000; 00000; 00000; 00015
01449304;JMHC CINTURA FL;stock;; 00000; 00000; 00000; 00000; 00000; 00000; 00000; 00000; 00000; 00000
01449304;JMHC CINTURA FL;corte;; 00000; 00000; 00000; 00000; 00000; 00000; 00000; 00000; 00000; 00000
01449304;JMHC CINTURA FL;sugerido;; 00003; 00003; 00003; 00003; 00002; 00001; 00000; 00000; 00000; 00015
;
01449309;JMHC CINTURA FL;Ventas;; 00002; 00001; 00002; 00002; 00000; 00000; 00000; 00000; 00000; 000007
01449309;JMHC CINTURA FL;Despacho;; 00000; 00000; 00000; 00000; 00000; 00000; 00000; 00000; 00000; 00000
01449309;JMHC CINTURA FL;saldo;; 00002; 00001; 00002; 00002; 00000; 00000; 00000; 00000; 00000; 00007
01449309;JMHC CINTURA FL;stock;; 00000; 00000; 00000; 00000; 00000; 00000; 00000; 00000; 00000; 00000
01449309;JMHC CINTURA FL;corte;; 00000; 00000; 00000; 00000; 00000; 00000; 00000; 00000; 00000; 00000
01449309;JMHC CINTURA FL;sugerido;; 00002; 00001; 00002; 00002; 00000; 00000; 00000; 00000; 00000; 00007
;
01449404;J MHC CINTURA R;Ventas;; 00016; 00030; 00033; 00027; 00019; 00010; 00000; 00000; 00000; 000135
01449404;J MHC CINTURA R;Despacho;; 00000; 00000; 00000; 00000; 00000; 00000; 00000; 00000; 00000; 00000
01449404;J MHC CINTURA R;saldo;; 00016; 00030; 00033; 00027; 00019; 00010; 00000; 00000; 00000; 00135
01449404;J MHC CINTURA R;stock;; 00000; 00000; 00000; 00000; 00000; 00000; 00000; 00000; 00000; 00000
01449404;J MHC CINTURA R;corte;; 00000; 00000; 00000; 00000; 00000; 00000; 00000; 00000; 00000; 00000
01449404;J MHC CINTURA R;sugerido;; 00016; 00030; 00033; 00027; 00019; 00010; 00000; 00000; 00000; 00135
;
01449405;J MHC CINTURA R;Ventas;; 00004; 00006; 00008; 00008; 00006; 00004; 00000; 00000; 00000; 000036
01449405;J MHC CINTURA R;Despacho;; 00000; 00000; 00000; 00000; 00000; 00000; 00000; 00000; 00000; 00000
01449405;J MHC CINTURA R;saldo;; 00004; 00006; 00008; 00008; 00006; 00004; 00000; 00000; 00000; 00036
01449405;J MHC CINTURA R;stock;; 00000; 00000; 00000; 00000; 00000; 00000; 00000; 00000; 00000; 00000
01449405;J MHC CINTURA R;corte;; 00000; 00000; 00000; 00000; 00000; 00000; 00000; 00000; 00000; 00000
01449405;J MHC CINTURA R;sugerido;; 00004; 00006; 00008; 00008; 00006; 00004; 00000; 00000; 00000; 00036
;
01449406;J MHC CINTURA R;Ventas;; 00008; 00009; 00009; 00009; 00003; 00003; 00000; 00000; 00000; 000041
01449406;J MHC CINTURA R;Despacho;; 00000; 00000; 00000; 00000; 00000; 00000; 00000; 00000; 00000; 00000
01449406;J MHC CINTURA R;saldo;; 00008; 00009; 00009; 00009; 00003; 00003; 00000; 00000; 00000; 00041
01449406;J MHC CINTURA R;stock;; 00000; 00000; 00000; 00000; 00000; 00000; 00000; 00000; 00000; 00000
01449406;J MHC CINTURA R;corte;; 00000; 00000; 00000; 00000; 00000; 00000; 00000; 00000; 00000; 00000
01449406;J MHC CINTURA R;sugerido;; 00008; 00009; 00009; 00009; 00003; 00003; 00000; 00000; 00000; 00041
;
01449438;J MHC CINTURA R;Ventas;; 00002; 00003; 00003; 00003; 00000; 00000; 00000; 00000; 00000; 000011
01449438;J MHC CINTURA R;Despacho;; 00000; 00000; 00000; 00000; 00000; 00000; 00000; 00000; 00000; 00000
01449438;J MHC CINTURA R;saldo;; 00002; 00003; 00003; 00003; 00000; 00000; 00000; 00000; 00000; 00011
01449438;J MHC CINTURA R;stock;; 00000; 00000; 00000; 00000; 00000; 00000; 00000; 00000; 00000; 00000
01449438;J MHC CINTURA R;corte;; 00000; 00000; 00000; 00000; 00000; 00000; 00000; 00000; 00000; 00000
01449438;J MHC CINTURA R;sugerido;; 00002; 00003; 00003; 00003; 00000; 00000; 00000; 00000; 00000; 00011
;
01449467;J CINTURA RECTO;Ventas;; 00013; 00019; 00023; 00023; 00011; 00004; 00000; 00000; 00000; 000093
01449467;J CINTURA RECTO;Despacho;; 00000; 00000; 00000; 00000; 00000; 00000; 00000; 00000; 00000; 00000
01449467;J CINTURA RECTO;saldo;; 00013; 00019; 00023; 00023; 00011; 00004; 00000; 00000; 00000; 00093
01449467;J CINTURA RECTO;stock;; 00000; 00000; 00000; 00000; 00000; 00000; 00000; 00000; 00000; 00000
01449467;J CINTURA RECTO;corte;; 00000; 00000; 00000; 00000; 00000; 00000; 00000; 00000; 00000; 00000
01449467;J CINTURA RECTO;sugerido;; 00013; 00019; 00023; 00023; 00011; 00004; 00000; 00000; 00000; 00093
;
01449500;J MHC CINTURA P;Ventas;; 00006; 00006; 00006; 00006; 00003; 00003; 00000; 00000; 00000; 000030
01449500;J MHC CINTURA P;Despacho;; 00000; 00000; 00000; 00000; 00000; 00000; 00000; 00000; 00000; 00000
01449500;J MHC CINTURA P;saldo;; 00006; 00006; 00006; 00006; 00003; 00003; 00000; 00000; 00000; 00030
01449500;J MHC CINTURA P;stock;; 00000; 00000; 00000; 00000; 00000; 00000; 00000; 00000; 00000; 00000
01449500;J MHC CINTURA P;corte;; 00000; 00000; 00000; 00000; 00000; 00000; 00000; 00000; 00000; 00000
01449500;J MHC CINTURA P;sugerido;; 00006; 00006; 00006; 00006; 00003; 00003; 00000; 00000; 00000; 00030
;
01449700;J MHC CINTURA R;Ventas;; 00013; 00032; 00038; 00032; 00024; 00014; 00000; 00000; 00000; 000153
01449700;J MHC CINTURA R;Despacho;; 00000; 00000; 00000; 00000; 00000; 00000; 00000; 00000; 00000; 00000
01449700;J MHC CINTURA R;saldo;; 00013; 00032; 00038; 00032; 00024; 00014; 00000; 00000; 00000; 00153
01449700;J MHC CINTURA R;stock;; 00000; 00000; 00000; 00000; 00000; 00000; 00000; 00000; 00000; 00000
01449700;J MHC CINTURA R;corte;; 00000; 00000; 00000; 00000; 00000; 00000; 00000; 00000; 00000; 00000
01449700;J MHC CINTURA R;sugerido;; 00013; 00032; 00038; 00032; 00024; 00014; 00000; 00000; 00000; 00153
;
01449900;J MHC CINTURA F;Ventas;; 00002; 00003; 00003; 00003; 00002; 00001; 00000; 00000; 00000; 000014
01449900;J MHC CINTURA F;Despacho;; 00000; 00000; 00000; 00000; 00000; 00000; 00000; 00000; 00000; 00000
01449900;J MHC CINTURA F;saldo;; 00002; 00003; 00003; 00003; 00002; 00001; 00000; 00000; 00000; 00014
01449900;J MHC CINTURA F;stock;; 00000; 00000; 00000; 00000; 00000; 00000; 00000; 00000; 00000; 00000
01449900;J MHC CINTURA F;corte;; 00000; 00000; 00000; 00000; 00000; 00000; 00000; 00000; 00000; 00000
01449900;J MHC CINTURA F;sugerido;; 00002; 00003; 00003; 00003; 00002; 00001; 00000; 00000; 00000; 00014
;
03344800;CASACA DAM     ;Ventas;; 00000; 00007; 00009; 00008; 00000; 00000; 00000; 00000; 00000; 000024
03344800;CASACA DAM     ;Despacho;; 00000; 00000; 00000; 00000; 00000; 00000; 00000; 00000; 00000; 00000
03344800;CASACA DAM     ;saldo;; 00000; 00007; 00009; 00008; 00000; 00000; 00000; 00000; 00000; 00024
03344800;CASACA DAM     ;stock;; 00000; 00000; 00000; 00000; 00000; 00000; 00000; 00000; 00000; 00000
03344800;CASACA DAM     ;corte;; 00000; 00000; 00000; 00000; 00000; 00000; 00000; 00000; 00000; 00000
03344800;CASACA DAM     ;sugerido;; 00000; 00007; 00009; 00008; 00000; 00000; 00000; 00000; 00000; 00024
;
03346600;CASACA T/S     ;Ventas;; 00000; 00007; 00010; 00008; 00000; 00000; 00000; 00000; 00000; 000025
03346600;CASACA T/S     ;Despacho;; 00000; 00000; 00000; 00000; 00000; 00000; 00000; 00000; 00000; 00000
03346600;CASACA T/S     ;saldo;; 00000; 00007; 00010; 00008; 00000; 00000; 00000; 00000; 00000; 00025
03346600;CASACA T/S     ;stock;; 00000; 00000; 00000; 00000; 00000; 00000; 00000; 00000; 00000; 00000
03346600;CASACA T/S     ;corte;; 00000; 00000; 00000; 00000; 00000; 00000; 00000; 00000; 00000; 00000
03346600;CASACA T/S     ;sugerido;; 00000; 00007; 00010; 00008; 00000; 00000; 00000; 00000; 00000; 00025
;
03352900;CASACA MHC T/0L;Ventas;; 00000; 00004; 00004; 00003; 00000; 00000; 00000; 00000; 00000; 000011
03352900;CASACA MHC T/0L;Despacho;; 00000; 00000; 00000; 00000; 00000; 00000; 00000; 00000; 00000; 00000
03352900;CASACA MHC T/0L;saldo;; 00000; 00004; 00004; 00003; 00000; 00000; 00000; 00000; 00000; 00011
03352900;CASACA MHC T/0L;stock;; 00000; 00000; 00000; 00000; 00000; 00000; 00000; 00000; 00000; 00000
03352900;CASACA MHC T/0L;corte;; 00000; 00000; 00000; 00000; 00000; 00000; 00000; 00000; 00000; 00000
03352900;CASACA MHC T/0L;sugerido;; 00000; 00004; 00004; 00003; 00000; 00000; 00000; 00000; 00000; 00011
;
03353000;PARKA NEGRA TL ;Ventas;; 00000; 00004; 00004; 00003; 00000; 00000; 00000; 00000; 00000; 000011
03353000;PARKA NEGRA TL ;Despacho;; 00000; 00000; 00000; 00000; 00000; 00000; 00000; 00000; 00000; 00000
03353000;PARKA NEGRA TL ;saldo;; 00000; 00004; 00004; 00003; 00000; 00000; 00000; 00000; 00000; 00011
03353000;PARKA NEGRA TL ;stock;; 00000; 00000; 00000; 00000; 00000; 00000; 00000; 00000; 00000; 00000
03353000;PARKA NEGRA TL ;corte;; 00000; 00000; 00000; 00000; 00000; 00000; 00000; 00000; 00000; 00000
03353000;PARKA NEGRA TL ;sugerido;; 00000; 00004; 00004; 00003; 00000; 00000; 00000; 00000; 00000; 00011
;
03356700;CASACA DAMA    ;Ventas;; 00000; 00004; 00005; 00004; 00000; 00000; 00000; 00000; 00000; 000013
03356700;CASACA DAMA    ;Despacho;; 00000; 00000; 00000; 00000; 00000; 00000; 00000; 00000; 00000; 00000
03356700;CASACA DAMA    ;saldo;; 00000; 00004; 00005; 00004; 00000; 00000; 00000; 00000; 00000; 00013
03356700;CASACA DAMA    ;stock;; 00000; 00000; 00000; 00000; 00000; 00000; 00000; 00000; 00000; 00000
03356700;CASACA DAMA    ;corte;; 00000; 00000; 00000; 00000; 00000; 00000; 00000; 00000; 00000; 00000
03356700;CASACA DAMA    ;sugerido;; 00000; 00004; 00005; 00004; 00000; 00000; 00000; 00000; 00000; 00013
;
03356800;CASACA BOMBER T;Ventas;; 00000; 00010; 00011; 00009; 00000; 00000; 00000; 00000; 00000; 000030
03356800;CASACA BOMBER T;Despacho;; 00000; 00000; 00000; 00000; 00000; 00000; 00000; 00000; 00000; 00000
03356800;CASACA BOMBER T;saldo;; 00000; 00010; 00011; 00009; 00000; 00000; 00000; 00000; 00000; 00030
03356800;CASACA BOMBER T;stock;; 00000; 00000; 00000; 00000; 00000; 00000; 00000; 00000; 00000; 00000
03356800;CASACA BOMBER T;corte;; 00000; 00000; 00000; 00000; 00000; 00000; 00000; 00000; 00000; 00000
03356800;CASACA BOMBER T;sugerido;; 00000; 00010; 00011; 00009; 00000; 00000; 00000; 00000; 00000; 00030
;
03356900;CASACA DAMA    ;Ventas;; 00000; 00007; 00007; 00006; 00000; 00000; 00000; 00000; 00000; 000020
03356900;CASACA DAMA    ;Despacho;; 00000; 00000; 00000; 00000; 00000; 00000; 00000; 00000; 00000; 00000
03356900;CASACA DAMA    ;saldo;; 00000; 00007; 00007; 00006; 00000; 00000; 00000; 00000; 00000; 00020
03356900;CASACA DAMA    ;stock;; 00000; 00000; 00000; 00000; 00000; 00000; 00000; 00000; 00000; 00000
03356900;CASACA DAMA    ;corte;; 00000; 00000; 00000; 00000; 00000; 00000; 00000; 00000; 00000; 00000
03356900;CASACA DAMA    ;sugerido;; 00000; 00007; 00007; 00006; 00000; 00000; 00000; 00000; 00000; 00020
;
03364300;CASACA DAMA    ;Ventas;; 00000; 00005; 00006; 00006; 00000; 00000; 00000; 00000; 00000; 000017
03364300;CASACA DAMA    ;Despacho;; 00000; 00000; 00000; 00000; 00000; 00000; 00000; 00000; 00000; 00000
03364300;CASACA DAMA    ;saldo;; 00000; 00005; 00006; 00006; 00000; 00000; 00000; 00000; 00000; 00017
03364300;CASACA DAMA    ;stock;; 00000; 00000; 00000; 00000; 00000; 00000; 00000; 00000; 00000; 00000
03364300;CASACA DAMA    ;corte;; 00000; 00000; 00000; 00000; 00000; 00000; 00000; 00000; 00000; 00000
03364300;CASACA DAMA    ;sugerido;; 00000; 00005; 00006; 00006; 00000; 00000; 00000; 00000; 00000; 00017
;
03374100;CASACA FLECOS T;Ventas;; 00000; 00037; 00042; 00039; 00000; 00000; 00000; 00000; 00000; 000118
03374100;CASACA FLECOS T;Despacho;; 00000; 00024; 00030; 00026; 00000; 00000; 00000; 00000; 00000; 00080
03374100;CASACA FLECOS T;saldo;; 00000; 00013; 00012; 00013; 00000; 00000; 00000; 00000; 00000; 00038
03374100;CASACA FLECOS T;stock;; 00000; 00001; 00000; 00000; 00000; 00000; 00000; 00000; 00000; 00001
03374100;CASACA FLECOS T;corte;; 00019; 00047; 00046; 00058; 00000; 00000; 00000; 00000; 00000; 00170
03374100;CASACA FLECOS T;sugerido;;-00019;-00035;-00034;-00045; 00000; 00000; 00000; 00000; 00000;-00133
;
03385900;CASACA T/0L    ;Ventas;; 00000; 00012; 00016; 00016; 00000; 00000; 00000; 00000; 00000; 000044
03385900;CASACA T/0L    ;Despacho;; 00000; 00000; 00000; 00000; 00000; 00000; 00000; 00000; 00000; 00000
03385900;CASACA T/0L    ;saldo;; 00000; 00012; 00016; 00016; 00000; 00000; 00000; 00000; 00000; 00044
03385900;CASACA T/0L    ;stock;; 00000; 00000; 00000; 00000; 00000; 00000; 00000; 00000; 00000; 00000
03385900;CASACA T/0L    ;corte;; 00000; 00000; 00000; 00000; 00000; 00000; 00000; 00000; 00000; 00000
03385900;CASACA T/0L    ;sugerido;; 00000; 00012; 00016; 00016; 00000; 00000; 00000; 00000; 00000; 00044
;
03387000;CASACA DAMA T/0;Ventas;; 00000; 00012; 00016; 00016; 00000; 00000; 00000; 00000; 00000; 000044
03387000;CASACA DAMA T/0;Despacho;; 00000; 00000; 00000; 00000; 00000; 00000; 00000; 00000; 00000; 00000
03387000;CASACA DAMA T/0;saldo;; 00000; 00012; 00016; 00016; 00000; 00000; 00000; 00000; 00000; 00044
03387000;CASACA DAMA T/0;stock;; 00000; 00000; 00000; 00000; 00000; 00000; 00000; 00000; 00000; 00000
03387000;CASACA DAMA T/0;corte;; 00000; 00000; 00000; 00000; 00000; 00000; 00000; 00000; 00000; 00000
03387000;CASACA DAMA T/0;sugerido;; 00000; 00012; 00016; 00016; 00000; 00000; 00000; 00000; 00000; 00044
;
03389600;CASACA MHC T/0L;Ventas;; 00000; 00068; 00070; 00037; 00002; 00000; 00000; 00000; 00000; 000177
03389600;CASACA MHC T/0L;Despacho;; 00000; 00000; 00000; 00000; 00000; 00000; 00000; 00000; 00000; 00000
03389600;CASACA MHC T/0L;saldo;; 00000; 00068; 00070; 00037; 00002; 00000; 00000; 00000; 00000; 00177
03389600;CASACA MHC T/0L;stock;; 00000; 00000; 00000; 00000; 00000; 00000; 00000; 00000; 00000; 00000
03389600;CASACA MHC T/0L;corte;; 00000; 00000; 00000; 00000; 00000; 00000; 00000; 00000; 00000; 00000
03389600;CASACA MHC T/0L;sugerido;; 00000; 00068; 00070; 00037; 00002; 00000; 00000; 00000; 00000; 00177
;
03398800;CHAQUETA LARGA ;Ventas;; 00000; 00008; 00012; 00010; 00004; 00000; 00000; 00000; 00000; 000034
03398800;CHAQUETA LARGA ;Despacho;; 00000; 00000; 00000; 00000; 00000; 00000; 00000; 00000; 00000; 00000
03398800;CHAQUETA LARGA ;saldo;; 00000; 00008; 00012; 00010; 00004; 00000; 00000; 00000; 00000; 00034
03398800;CHAQUETA LARGA ;stock;; 00000; 00000; 00000; 00000; 00000; 00000; 00000; 00000; 00000; 00000
03398800;CHAQUETA LARGA ;corte;; 00000; 00000; 00000; 00000; 00000; 00000; 00000; 00000; 00000; 00000
03398800;CHAQUETA LARGA ;sugerido;; 00000; 00008; 00012; 00010; 00004; 00000; 00000; 00000; 00000; 00034
;
03398900;CHAQUETA C/PIEL;Ventas;; 00000; 00002; 00002; 00002; 00000; 00000; 00000; 00000; 00000; 000006
03398900;CHAQUETA C/PIEL;Despacho;; 00000; 00000; 00000; 00000; 00000; 00000; 00000; 00000; 00000; 00000
03398900;CHAQUETA C/PIEL;saldo;; 00000; 00002; 00002; 00002; 00000; 00000; 00000; 00000; 00000; 00006
03398900;CHAQUETA C/PIEL;stock;; 00000; 00000; 00000; 00000; 00000; 00000; 00000; 00000; 00000; 00000
03398900;CHAQUETA C/PIEL;corte;; 00000; 00000; 00000; 00000; 00000; 00000; 00000; 00000; 00000; 00000
03398900;CHAQUETA C/PIEL;sugerido;; 00000; 00002; 00002; 00002; 00000; 00000; 00000; 00000; 00000; 00006
;
03407100;CAZADORA MHC T/;Ventas;; 00000; 00016; 00024; 00022; 00002; 00000; 00000; 00000; 00000; 000064
03407100;CAZADORA MHC T/;Despacho;; 00000; 00005; 00006; 00000; 00000; 00000; 00000; 00000; 00000; 00011
03407100;CAZADORA MHC T/;saldo;; 00000; 00011; 00018; 00022; 00002; 00000; 00000; 00000; 00000; 00053
03407100;CAZADORA MHC T/;stock;; 00000; 00005; 00009; 00008; 00000; 00000; 00000; 00000; 00000; 00022
03407100;CAZADORA MHC T/;corte;; 00000; 00000; 00000; 00000; 00000; 00000; 00000; 00000; 00000; 00000
03407100;CAZADORA MHC T/;sugerido;; 00000; 00006; 00009; 00014; 00002; 00000; 00000; 00000; 00000; 00031
;
03407101;CAZADORA MHC T/;Ventas;; 00000; 00018; 00023; 00016; 00010; 00000; 00000; 00000; 00000; 000067
03407101;CAZADORA MHC T/;Despacho;; 00000; 00012; 00015; 00010; 00000; 00000; 00000; 00000; 00000; 00037
03407101;CAZADORA MHC T/;saldo;; 00000; 00006; 00008; 00006; 00010; 00000; 00000; 00000; 00000; 00030
03407101;CAZADORA MHC T/;stock;; 00000; 00000; 00002; 00001; 00000; 00000; 00000; 00000; 00000; 00003
03407101;CAZADORA MHC T/;corte;; 00000; 00000; 00000; 00000; 00000; 00000; 00000; 00000; 00000; 00000
03407101;CAZADORA MHC T/;sugerido;; 00000; 00006; 00006; 00005; 00010; 00000; 00000; 00000; 00000; 00027
;
03407200;BLAZER MHC T/0L;Ventas;; 00000; 00033; 00038; 00036; 00020; 00000; 00000; 00000; 00000; 000127
03407200;BLAZER MHC T/0L;Despacho;; 00000; 00021; 00026; 00021; 00016; 00000; 00000; 00000; 00000; 00084
03407200;BLAZER MHC T/0L;saldo;; 00000; 00012; 00012; 00015; 00004; 00000; 00000; 00000; 00000; 00043
03407200;BLAZER MHC T/0L;stock;; 00000; 00000; 00000; 00001; 00000; 00000; 00000; 00000; 00000; 00001
03407200;BLAZER MHC T/0L;corte;; 00000; 00000; 00000; 00000; 00000; 00000; 00000; 00000; 00000; 00000
03407200;BLAZER MHC T/0L;sugerido;; 00000; 00012; 00012; 00014; 00004; 00000; 00000; 00000; 00000; 00042
;
03407201;BLAZER MHC T/0L;Ventas;; 00000; 00031; 00040; 00035; 00024; 00000; 00000; 00000; 00000; 000130
03407201;BLAZER MHC T/0L;Despacho;; 00000; 00028; 00037; 00035; 00018; 00000; 00000; 00000; 00000; 00118
03407201;BLAZER MHC T/0L;saldo;; 00000; 00003; 00003; 00000; 00006; 00000; 00000; 00000; 00000; 00012
03407201;BLAZER MHC T/0L;stock;; 00000; 00000; 00000; 00001; 00000; 00000; 00000; 00000; 00000; 00001
03407201;BLAZER MHC T/0L;corte;; 00000; 00000; 00000; 00000; 00000; 00000; 00000; 00000; 00000; 00000
03407201;BLAZER MHC T/0L;sugerido;; 00000; 00003; 00003;-00001; 00006; 00000; 00000; 00000; 00000; 00011
;
03407300;CASACA CLASICA ;Ventas;; 00000; 00020; 00025; 00023; 00007; 00000; 00000; 00000; 00000; 000075
03407300;CASACA CLASICA ;Despacho;; 00000; 00000; 00000; 00000; 00000; 00000; 00000; 00000; 00000; 00000
03407300;CASACA CLASICA ;saldo;; 00000; 00020; 00025; 00023; 00007; 00000; 00000; 00000; 00000; 00075
03407300;CASACA CLASICA ;stock;; 00000; 00000; 00000; 00000; 00000; 00000; 00000; 00000; 00000; 00000
03407300;CASACA CLASICA ;corte;; 00000; 00000; 00000; 00000; 00000; 00000; 00000; 00000; 00000; 00000
03407300;CASACA CLASICA ;sugerido;; 00000; 00020; 00025; 00023; 00007; 00000; 00000; 00000; 00000; 00075
;
03407400;CASACA OVERSIZE;Ventas;; 00000; 00019; 00026; 00023; 00008; 00000; 00000; 00000; 00000; 000076
03407400;CASACA OVERSIZE;Despacho;; 00000; 00000; 00000; 00000; 00000; 00000; 00000; 00000; 00000; 00000
03407400;CASACA OVERSIZE;saldo;; 00000; 00019; 00026; 00023; 00008; 00000; 00000; 00000; 00000; 00076
03407400;CASACA OVERSIZE;stock;; 00000; 00000; 00000; 00000; 00000; 00000; 00000; 00000; 00000; 00000
03407400;CASACA OVERSIZE;corte;; 00000; 00000; 00000; 00000; 00000; 00000; 00000; 00000; 00000; 00000
03407400;CASACA OVERSIZE;sugerido;; 00000; 00019; 00026; 00023; 00008; 00000; 00000; 00000; 00000; 00076
;
03441500;CASACA MILITAR ;Ventas;; 00000; 00003; 00005; 00004; 00000; 00000; 00000; 00000; 00000; 000012
03441500;CASACA MILITAR ;Despacho;; 00000; 00000; 00000; 00000; 00000; 00000; 00000; 00000; 00000; 00000
03441500;CASACA MILITAR ;saldo;; 00000; 00003; 00005; 00004; 00000; 00000; 00000; 00000; 00000; 00012
03441500;CASACA MILITAR ;stock;; 00000; 00000; 00000; 00000; 00000; 00000; 00000; 00000; 00000; 00000
03441500;CASACA MILITAR ;corte;; 00000; 00000; 00000; 00000; 00000; 00000; 00000; 00000; 00000; 00000
03441500;CASACA MILITAR ;sugerido;; 00000; 00003; 00005; 00004; 00000; 00000; 00000; 00000; 00000; 00012
;
03443800;CASACA  CIERRE ;Ventas;; 00000; 00017; 00022; 00017; 00000; 00000; 00000; 00000; 00000; 000056
03443800;CASACA  CIERRE ;Despacho;; 00000; 00000; 00000; 00000; 00000; 00000; 00000; 00000; 00000; 00000
03443800;CASACA  CIERRE ;saldo;; 00000; 00017; 00022; 00017; 00000; 00000; 00000; 00000; 00000; 00056
03443800;CASACA  CIERRE ;stock;; 00000; 00000; 00000; 00000; 00000; 00000; 00000; 00000; 00000; 00000
03443800;CASACA  CIERRE ;corte;; 00000; 00000; 00000; 00000; 00000; 00000; 00000; 00000; 00000; 00000
03443800;CASACA  CIERRE ;sugerido;; 00000; 00017; 00022; 00017; 00000; 00000; 00000; 00000; 00000; 00056
;
03446900;CASACA MILITAR ;Ventas;; 00000; 00003; 00005; 00004; 00000; 00000; 00000; 00000; 00000; 000012
03446900;CASACA MILITAR ;Despacho;; 00000; 00000; 00000; 00000; 00000; 00000; 00000; 00000; 00000; 00000
03446900;CASACA MILITAR ;saldo;; 00000; 00003; 00005; 00004; 00000; 00000; 00000; 00000; 00000; 00012
03446900;CASACA MILITAR ;stock;; 00000; 00000; 00000; 00000; 00000; 00000; 00000; 00000; 00000; 00000
03446900;CASACA MILITAR ;corte;; 00000; 00000; 00000; 00000; 00000; 00000; 00000; 00000; 00000; 00000
03446900;CASACA MILITAR ;sugerido;; 00000; 00003; 00005; 00004; 00000; 00000; 00000; 00000; 00000; 00012
;
05344500;FALDA   T/36   ;Ventas;; 00006; 00009; 00010; 00010; 00009; 00005; 00000; 00000; 00000; 000049
05344500;FALDA   T/36   ;Despacho;; 00003; 00005; 00006; 00004; 00004; 00002; 00000; 00000; 00000; 00024
05344500;FALDA   T/36   ;saldo;; 00003; 00004; 00004; 00006; 00005; 00003; 00000; 00000; 00000; 00025
05344500;FALDA   T/36   ;stock;; 00000; 00002; 00000; 00000; 00000; 00001; 00000; 00000; 00000; 00003
05344500;FALDA   T/36   ;corte;; 00000; 00000; 00000; 00000; 00000; 00000; 00000; 00000; 00000; 00000
05344500;FALDA   T/36   ;sugerido;; 00003; 00002; 00004; 00006; 00005; 00002; 00000; 00000; 00000; 00022
;
05346900;FALDA DAMA T/36;Ventas;; 00010; 00016; 00017; 00014; 00011; 00008; 00000; 00000; 00000; 000076
05346900;FALDA DAMA T/36;Despacho;; 00007; 00010; 00011; 00009; 00007; 00002; 00000; 00000; 00000; 00046
05346900;FALDA DAMA T/36;saldo;; 00003; 00006; 00006; 00005; 00004; 00006; 00000; 00000; 00000; 00030
05346900;FALDA DAMA T/36;stock;; 00000; 00002; 00000; 00000; 00002; 00000; 00000; 00000; 00000; 00004
05346900;FALDA DAMA T/36;corte;; 00000; 00000; 00000; 00000; 00000; 00000; 00000; 00000; 00000; 00000
05346900;FALDA DAMA T/36;sugerido;; 00003; 00004; 00006; 00005; 00002; 00006; 00000; 00000; 00000; 00026
;
05347600;FALDA SHORT T/3;Ventas;; 00020; 00033; 00037; 00032; 00022; 00012; 00000; 00000; 00000; 000156
05347600;FALDA SHORT T/3;Despacho;; 00004; 00007; 00015; 00012; 00004; 00005; 00000; 00000; 00000; 00047
05347600;FALDA SHORT T/3;saldo;; 00016; 00026; 00022; 00020; 00018; 00007; 00000; 00000; 00000; 00109
05347600;FALDA SHORT T/3;stock;; 00001; 00000; 00000; 00000; 00000; 00000; 00000; 00000; 00000; 00001
05347600;FALDA SHORT T/3;corte;; 00000; 00000; 00000; 00000; 00000; 00000; 00000; 00000; 00000; 00000
05347600;FALDA SHORT T/3;sugerido;; 00015; 00026; 00022; 00020; 00018; 00007; 00000; 00000; 00000; 00108
;
05348100;FALDA SHORT MHC;Ventas;; 00004; 00007; 00007; 00007; 00007; 00005; 00000; 00000; 00000; 000037
05348100;FALDA SHORT MHC;Despacho;; 00000; 00000; 00000; 00000; 00000; 00000; 00000; 00000; 00000; 00000
05348100;FALDA SHORT MHC;saldo;; 00004; 00007; 00007; 00007; 00007; 00005; 00000; 00000; 00000; 00037
05348100;FALDA SHORT MHC;stock;; 00000; 00000; 00000; 00000; 00000; 00000; 00000; 00000; 00000; 00000
05348100;FALDA SHORT MHC;corte;; 00000; 00000; 00000; 00000; 00000; 00000; 00000; 00000; 00000; 00000
05348100;FALDA SHORT MHC;sugerido;; 00004; 00007; 00007; 00007; 00007; 00005; 00000; 00000; 00000; 00037
;
05370800;FALDA MHC T/36 ;Ventas;; 00009; 00013; 00016; 00011; 00010; 00006; 00000; 00000; 00000; 000065
05370800;FALDA MHC T/36 ;Despacho;; 00008; 00009; 00012; 00007; 00006; 00002; 00000; 00000; 00000; 00044
05370800;FALDA MHC T/36 ;saldo;; 00001; 00004; 00004; 00004; 00004; 00004; 00000; 00000; 00000; 00021
05370800;FALDA MHC T/36 ;stock;; 00001; 00002; 00000; 00002; 00000; 00000; 00000; 00000; 00000; 00005
05370800;FALDA MHC T/36 ;corte;; 00000; 00000; 00000; 00000; 00000; 00000; 00000; 00000; 00000; 00000
05370800;FALDA MHC T/36 ;sugerido;; 00000; 00002; 00004; 00002; 00004; 00004; 00000; 00000; 00000; 00016
;
05371700;FALDA MINI T/36;Ventas;; 00050; 00066; 00064; 00061; 00039; 00023; 00000; 00000; 00000; 000303
05371700;FALDA MINI T/36;Despacho;; 00040; 00043; 00045; 00041; 00035; 00012; 00000; 00000; 00000; 00216
05371700;FALDA MINI T/36;saldo;; 00010; 00023; 00019; 00020; 00004; 00011; 00000; 00000; 00000; 00087
05371700;FALDA MINI T/36;stock;;-00005; 00004; 00000; 00000;-00006; 00000; 00000; 00000; 00000;-00007
05371700;FALDA MINI T/36;corte;; 00002; 00003; 00000; 00000; 00000; 00000; 00000; 00000; 00000; 00005
05371700;FALDA MINI T/36;sugerido;; 00013; 00016; 00019; 00020; 00010; 00011; 00000; 00000; 00000; 00089
;
05374900;MINI CARGO MHC ;Ventas;; 00013; 00015; 00016; 00013; 00007; 00005; 00000; 00000; 00000; 000069
05374900;MINI CARGO MHC ;Despacho;; 00006; 00006; 00007; 00006; 00003; 00002; 00000; 00000; 00000; 00030
05374900;MINI CARGO MHC ;saldo;; 00007; 00009; 00009; 00007; 00004; 00003; 00000; 00000; 00000; 00039
05374900;MINI CARGO MHC ;stock;; 00000; 00003; 00004; 00004; 00004; 00000; 00000; 00000; 00000; 00015
05374900;MINI CARGO MHC ;corte;; 00000; 00000; 00000; 00000; 00000; 00000; 00000; 00000; 00000; 00000
05374900;MINI CARGO MHC ;sugerido;; 00007; 00006; 00005; 00003; 00000; 00003; 00000; 00000; 00000; 00024
;
05375500;FALDA MINI CARG;Ventas;; 00005; 00008; 00009; 00009; 00007; 00003; 00000; 00000; 00000; 000041
05375500;FALDA MINI CARG;Despacho;; 00000; 00000; 00000; 00000; 00000; 00000; 00000; 00000; 00000; 00000
05375500;FALDA MINI CARG;saldo;; 00005; 00008; 00009; 00009; 00007; 00003; 00000; 00000; 00000; 00041
05375500;FALDA MINI CARG;stock;; 00002; 00000; 00000; 00000; 00000; 00000; 00000; 00000; 00000; 00002
05375500;FALDA MINI CARG;corte;; 00000; 00000; 00000; 00000; 00000; 00000; 00000; 00000; 00000; 00000
05375500;FALDA MINI CARG;sugerido;; 00003; 00008; 00009; 00009; 00007; 00003; 00000; 00000; 00000; 00039
;
05375600;FALA MINI CARGA;Ventas;; 00012; 00017; 00017; 00015; 00012; 00009; 00000; 00000; 00000; 000082
05375600;FALA MINI CARGA;Despacho;; 00000; 00000; 00000; 00000; 00000; 00000; 00000; 00000; 00000; 00000
05375600;FALA MINI CARGA;saldo;; 00012; 00017; 00017; 00015; 00012; 00009; 00000; 00000; 00000; 00082
05375600;FALA MINI CARGA;stock;; 00000; 00000; 00000; 00000; 00000; 00000; 00000; 00000; 00000; 00000
05375600;FALA MINI CARGA;corte;; 00000; 00000; 00000; 00000; 00000; 00000; 00000; 00000; 00000; 00000
05375600;FALA MINI CARGA;sugerido;; 00012; 00017; 00017; 00015; 00012; 00009; 00000; 00000; 00000; 00082
;
05377400;FALDA MINI  T/3;Ventas;; 00018; 00021; 00023; 00018; 00012; 00009; 00000; 00000; 00000; 000101
05377400;FALDA MINI  T/3;Despacho;; 00012; 00014; 00016; 00012; 00008; 00006; 00000; 00000; 00000; 00068
05377400;FALDA MINI  T/3;saldo;; 00006; 00007; 00007; 00006; 00004; 00003; 00000; 00000; 00000; 00033
05377400;FALDA MINI  T/3;stock;;-00010;-00007;-00016;-00011;-00008;-00006; 00000; 00000; 00000;-00058
05377400;FALDA MINI  T/3;corte;; 00000; 00000; 00000; 00000; 00000; 00000; 00000; 00000; 00000; 00000
05377400;FALDA MINI  T/3;sugerido;; 00016; 00014; 00023; 00017; 00012; 00009; 00000; 00000; 00000; 00091
;
05378300;FALDA SHORT T/3;Ventas;; 00028; 00043; 00046; 00040; 00027; 00016; 00000; 00000; 00000; 000200
05378300;FALDA SHORT T/3;Despacho;; 00024; 00040; 00043; 00037; 00023; 00012; 00000; 00000; 00000; 00179
05378300;FALDA SHORT T/3;saldo;; 00004; 00003; 00003; 00003; 00004; 00004; 00000; 00000; 00000; 00021
05378300;FALDA SHORT T/3;stock;; 00000; 00000; 00001; 00000; 00000; 00000; 00000; 00000; 00000; 00001
05378300;FALDA SHORT T/3;corte;; 00010; 00023; 00017; 00021; 00020; 00009; 00000; 00000; 00000; 00100
05378300;FALDA SHORT T/3;sugerido;;-00006;-00020;-00015;-00018;-00016;-00005; 00000; 00000; 00000;-00080
;
05411900;FALDA MHC T/36 ;Ventas;; 00012; 00018; 00018; 00016; 00010; 00007; 00000; 00000; 00000; 000081
05411900;FALDA MHC T/36 ;Despacho;; 00006; 00008; 00008; 00008; 00003; 00002; 00000; 00000; 00000; 00035
05411900;FALDA MHC T/36 ;saldo;; 00006; 00010; 00010; 00008; 00007; 00005; 00000; 00000; 00000; 00046
05411900;FALDA MHC T/36 ;stock;; 00004; 00012; 00012; 00006; 00005; 00002; 00000; 00000; 00000; 00041
05411900;FALDA MHC T/36 ;corte;; 00000; 00000; 00000; 00000; 00000; 00000; 00000; 00000; 00000; 00000
05411900;FALDA MHC T/36 ;sugerido;; 00002;-00002;-00002; 00002; 00002; 00003; 00000; 00000; 00000; 00005
;
05415300;FALDA SHORT MHC;Ventas;; 00004; 00006; 00006; 00006; 00006; 00004; 00000; 00000; 00000; 000032
05415300;FALDA SHORT MHC;Despacho;; 00000; 00000; 00000; 00000; 00000; 00000; 00000; 00000; 00000; 00000
05415300;FALDA SHORT MHC;saldo;; 00004; 00006; 00006; 00006; 00006; 00004; 00000; 00000; 00000; 00032
05415300;FALDA SHORT MHC;stock;; 00000; 00000; 00000; 00000; 00000; 00000; 00000; 00000; 00000; 00000
05415300;FALDA SHORT MHC;corte;; 00000; 00000; 00000; 00000; 00000; 00000; 00000; 00000; 00000; 00000
05415300;FALDA SHORT MHC;sugerido;; 00004; 00006; 00006; 00006; 00006; 00004; 00000; 00000; 00000; 00032
;
05417100;FALDA SHORTS CA;Ventas;; 00030; 00038; 00036; 00033; 00021; 00013; 00000; 00000; 00000; 000171
05417100;FALDA SHORTS CA;Despacho;; 00038; 00045; 00047; 00038; 00024; 00014; 00000; 00000; 00000; 00206
05417100;FALDA SHORTS CA;saldo;;-00008;-00007;-00011;-00005;-00003;-00001; 00000; 00000; 00000;-00035
05417100;FALDA SHORTS CA;stock;; 00003; 00010; 00004; 00002; 00002; 00002; 00000; 00000; 00000; 00023
05417100;FALDA SHORTS CA;corte;; 00000; 00000; 00000; 00000; 00000; 00000; 00000; 00000; 00000; 00000
05417100;FALDA SHORTS CA;sugerido;;-00011;-00017;-00015;-00007;-00005;-00003; 00000; 00000; 00000;-00058
;
05417106;FALDA SHORTS CA;Ventas;; 00006; 00007; 00006; 00006; 00004; 00002; 00000; 00000; 00000; 000031
05417106;FALDA SHORTS CA;Despacho;; 00003; 00002; 00003; 00003; 00002; 00000; 00000; 00000; 00000; 00013
05417106;FALDA SHORTS CA;saldo;; 00003; 00005; 00003; 00003; 00002; 00002; 00000; 00000; 00000; 00018
05417106;FALDA SHORTS CA;stock;; 00000; 00000; 00000; 00000; 00000; 00000; 00000; 00000; 00000; 00000
05417106;FALDA SHORTS CA;corte;; 00000; 00000; 00000; 00000; 00000; 00000; 00000; 00000; 00000; 00000
05417106;FALDA SHORTS CA;sugerido;; 00003; 00005; 00003; 00003; 00002; 00002; 00000; 00000; 00000; 00018
;
05417400;FALDA SHORTS T/;Ventas;; 00002; 00003; 00003; 00002; 00001; 00001; 00000; 00000; 00000; 000012
05417400;FALDA SHORTS T/;Despacho;; 00000; 00000; 00000; 00000; 00000; 00000; 00000; 00000; 00000; 00000
05417400;FALDA SHORTS T/;saldo;; 00002; 00003; 00003; 00002; 00001; 00001; 00000; 00000; 00000; 00012
05417400;FALDA SHORTS T/;stock;; 00000; 00000; 00000; 00000; 00000; 00000; 00000; 00000; 00000; 00000
05417400;FALDA SHORTS T/;corte;; 00000; 00008; 00000; 00000; 00000; 00000; 00000; 00000; 00000; 00008
05417400;FALDA SHORTS T/;sugerido;; 00002;-00005; 00003; 00002; 00001; 00001; 00000; 00000; 00000; 00004
;
05417900;FALDA SHORT T/3;Ventas;; 00012; 00016; 00018; 00016; 00011; 00011; 00000; 00000; 00000; 000084
05417900;FALDA SHORT T/3;Despacho;; 00009; 00010; 00009; 00008; 00005; 00005; 00000; 00000; 00000; 00046
05417900;FALDA SHORT T/3;saldo;; 00003; 00006; 00009; 00008; 00006; 00006; 00000; 00000; 00000; 00038
05417900;FALDA SHORT T/3;stock;; 00000; 00000; 00000; 00000; 00000; 00000; 00000; 00000; 00000; 00000
05417900;FALDA SHORT T/3;corte;; 00000; 00000; 00000; 00000; 00000; 00000; 00000; 00000; 00000; 00000
05417900;FALDA SHORT T/3;sugerido;; 00003; 00006; 00009; 00008; 00006; 00006; 00000; 00000; 00000; 00038
;
05418300;FALDA MINI CARG;Ventas;; 00002; 00004; 00004; 00004; 00004; 00002; 00000; 00000; 00000; 000020
05418300;FALDA MINI CARG;Despacho;; 00000; 00000; 00000; 00000; 00000; 00000; 00000; 00000; 00000; 00000
05418300;FALDA MINI CARG;saldo;; 00002; 00004; 00004; 00004; 00004; 00002; 00000; 00000; 00000; 00020
05418300;FALDA MINI CARG;stock;; 00000; 00000; 00000; 00000; 00000; 00000; 00000; 00000; 00000; 00000
05418300;FALDA MINI CARG;corte;; 00000; 00000; 00000; 00000; 00000; 00000; 00000; 00000; 00000; 00000
05418300;FALDA MINI CARG;sugerido;; 00002; 00004; 00004; 00004; 00004; 00002; 00000; 00000; 00000; 00020
;
05419200;FALDA SHORT  LI;Ventas;; 00018; 00026; 00028; 00020; 00014; 00009; 00000; 00000; 00000; 000115
05419200;FALDA SHORT  LI;Despacho;; 00010; 00017; 00015; 00013; 00005; 00009; 00000; 00000; 00000; 00069
05419200;FALDA SHORT  LI;saldo;; 00008; 00009; 00013; 00007; 00009; 00000; 00000; 00000; 00000; 00046
05419200;FALDA SHORT  LI;stock;; 00000; 00001; 00000; 00001; 00001; 00000; 00000; 00000; 00000; 00003
05419200;FALDA SHORT  LI;corte;; 00000; 00000; 00000; 00000; 00000; 00000; 00000; 00000; 00000; 00000
05419200;FALDA SHORT  LI;sugerido;; 00008; 00008; 00013; 00006; 00008; 00000; 00000; 00000; 00000; 00043
;
05419206;FALDA SHORT  LI;Ventas;; 00000; 00002; 00002; 00002; 00002; 00000; 00000; 00000; 00000; 000008
05419206;FALDA SHORT  LI;Despacho;; 00000; 00000; 00000; 00000; 00000; 00000; 00000; 00000; 00000; 00000
05419206;FALDA SHORT  LI;saldo;; 00000; 00002; 00002; 00002; 00002; 00000; 00000; 00000; 00000; 00008
05419206;FALDA SHORT  LI;stock;; 00000; 00000; 00000; 00000; 00000; 00000; 00000; 00000; 00000; 00000
05419206;FALDA SHORT  LI;corte;; 00000; 00000; 00000; 00000; 00000; 00000; 00000; 00000; 00000; 00000
05419206;FALDA SHORT  LI;sugerido;; 00000; 00002; 00002; 00002; 00002; 00000; 00000; 00000; 00000; 00008
;
08352800;ABRIGO C/PIEL  ;Ventas;; 00000; 00006; 00008; 00006; 00000; 00000; 00000; 00000; 00000; 000020
08352800;ABRIGO C/PIEL  ;Despacho;; 00000; 00000; 00000; 00000; 00000; 00000; 00000; 00000; 00000; 00000
08352800;ABRIGO C/PIEL  ;saldo;; 00000; 00006; 00008; 00006; 00000; 00000; 00000; 00000; 00000; 00020
08352800;ABRIGO C/PIEL  ;stock;; 00000; 00000; 00000; 00000; 00000; 00000; 00000; 00000; 00000; 00000
08352800;ABRIGO C/PIEL  ;corte;; 00000; 00000; 00000; 00000; 00000; 00000; 00000; 00000; 00000; 00000
08352800;ABRIGO C/PIEL  ;sugerido;; 00000; 00006; 00008; 00006; 00000; 00000; 00000; 00000; 00000; 00020
;
10347200;GUILLETTE DAMA ;Ventas;; 00000; 00008; 00010; 00010; 00000; 00000; 00000; 00000; 00000; 000028
10347200;GUILLETTE DAMA ;Despacho;; 00000; 00004; 00005; 00005; 00000; 00000; 00000; 00000; 00000; 00014
10347200;GUILLETTE DAMA ;saldo;; 00000; 00004; 00005; 00005; 00000; 00000; 00000; 00000; 00000; 00014
10347200;GUILLETTE DAMA ;stock;; 00000; 00002; 00011; 00002; 00000; 00000; 00000; 00000; 00000; 00015
10347200;GUILLETTE DAMA ;corte;; 00000; 00000; 00000; 00000; 00000; 00000; 00000; 00000; 00000; 00000
10347200;GUILLETTE DAMA ;sugerido;; 00000; 00002;-00006; 00003; 00000; 00000; 00000; 00000; 00000;-00001
;
10375500;GUILLETE TAPETA;Ventas;; 00000; 00014; 00018; 00016; 00000; 00000; 00000; 00000; 00000; 000048
10375500;GUILLETE TAPETA;Despacho;; 00000; 00000; 00000; 00000; 00000; 00000; 00000; 00000; 00000; 00000
10375500;GUILLETE TAPETA;saldo;; 00000; 00014; 00018; 00016; 00000; 00000; 00000; 00000; 00000; 00048
10375500;GUILLETE TAPETA;stock;; 00000; 00000; 00000; 00000; 00000; 00000; 00000; 00000; 00000; 00000
10375500;GUILLETE TAPETA;corte;; 00000; 00000; 00000; 00000; 00000; 00000; 00000; 00000; 00000; 00000
10375500;GUILLETE TAPETA;sugerido;; 00000; 00014; 00018; 00016; 00000; 00000; 00000; 00000; 00000; 00048
;
10407500;GUILLET MHC T/0;Ventas;; 00000; 00025; 00032; 00028; 00008; 00000; 00000; 00000; 00000; 000093
10407500;GUILLET MHC T/0;Despacho;; 00000; 00000; 00000; 00000; 00000; 00000; 00000; 00000; 00000; 00000
10407500;GUILLET MHC T/0;saldo;; 00000; 00025; 00032; 00028; 00008; 00000; 00000; 00000; 00000; 00093
10407500;GUILLET MHC T/0;stock;; 00000; 00000; 00000; 00000; 00000; 00000; 00000; 00000; 00000; 00000
10407500;GUILLET MHC T/0;corte;; 00000; 00000; 00000; 00000; 00000; 00000; 00000; 00000; 00000; 00000
10407500;GUILLET MHC T/0;sugerido;; 00000; 00025; 00032; 00028; 00008; 00000; 00000; 00000; 00000; 00093
;
10410100;GUILLETTE MHC T;Ventas;; 00000; 00011; 00015; 00014; 00008; 00000; 00000; 00000; 00000; 000048
10410100;GUILLETTE MHC T;Despacho;; 00000; 00000; 00000; 00000; 00000; 00000; 00000; 00000; 00000; 00000
10410100;GUILLETTE MHC T;saldo;; 00000; 00011; 00015; 00014; 00008; 00000; 00000; 00000; 00000; 00048
10410100;GUILLETTE MHC T;stock;; 00000; 00000; 00000; 00000; 00000; 00000; 00000; 00000; 00000; 00000
10410100;GUILLETTE MHC T;corte;; 00000; 00000; 00000; 00000; 00000; 00000; 00000; 00000; 00000; 00000
10410100;GUILLETTE MHC T;sugerido;; 00000; 00011; 00015; 00014; 00008; 00000; 00000; 00000; 00000; 00048
;
10410400;GUILLETTE MHC  ;Ventas;; 00000; 00002; 00002; 00002; 00002; 00000; 00000; 00000; 00000; 000008
10410400;GUILLETTE MHC  ;Despacho;; 00000; 00000; 00000; 00000; 00000; 00000; 00000; 00000; 00000; 00000
10410400;GUILLETTE MHC  ;saldo;; 00000; 00002; 00002; 00002; 00002; 00000; 00000; 00000; 00000; 00008
10410400;GUILLETTE MHC  ;stock;; 00000; 00000; 00000; 00000; 00000; 00000; 00000; 00000; 00000; 00000
10410400;GUILLETTE MHC  ;corte;; 00000; 00000; 00000; 00000; 00000; 00000; 00000; 00000; 00000; 00000
10410400;GUILLETTE MHC  ;sugerido;; 00000; 00002; 00002; 00002; 00002; 00000; 00000; 00000; 00000; 00008
;
10412300;GUILLETTE MHC T;Ventas;; 00000; 00027; 00035; 00032; 00021; 00000; 00000; 00000; 00000; 000115
10412300;GUILLETTE MHC T;Despacho;; 00000; 00027; 00034; 00032; 00019; 00000; 00000; 00000; 00000; 00112
10412300;GUILLETTE MHC T;saldo;; 00000; 00000; 00001; 00000; 00002; 00000; 00000; 00000; 00000; 00003
10412300;GUILLETTE MHC T;stock;; 00000; 00000; 00000; 00000; 00000; 00000; 00000; 00000; 00000; 00000
10412300;GUILLETTE MHC T;corte;; 00000; 00000; 00000; 00000; 00000; 00000; 00000; 00000; 00000; 00000
10412300;GUILLETTE MHC T;sugerido;; 00000; 00000; 00001; 00000; 00002; 00000; 00000; 00000; 00000; 00003
;
11348100;SHORTS MHC /36 ;Ventas;; 00013; 00019; 00034; 00015; 00012; 00006; 00000; 00000; 00000; 000099
11348100;SHORTS MHC /36 ;Despacho;; 00003; 00007; 00023; 00007; 00003; 00000; 00000; 00000; 00000; 00043
11348100;SHORTS MHC /36 ;saldo;; 00010; 00012; 00011; 00008; 00009; 00006; 00000; 00000; 00000; 00056
11348100;SHORTS MHC /36 ;stock;; 00002; 00004; 00004; 00003; 00002; 00000; 00000; 00000; 00000; 00015
11348100;SHORTS MHC /36 ;corte;; 00000; 00000; 00000; 00000; 00000; 00000; 00000; 00000; 00000; 00000
11348100;SHORTS MHC /36 ;sugerido;; 00008; 00008; 00007; 00005; 00007; 00006; 00000; 00000; 00000; 00041
;
11410500;SHORTS MHC T/36;Ventas;; 00018; 00029; 00031; 00027; 00016; 00012; 00000; 00000; 00000; 000133
11410500;SHORTS MHC T/36;Despacho;; 00014; 00021; 00023; 00020; 00011; 00009; 00000; 00000; 00000; 00098
11410500;SHORTS MHC T/36;saldo;; 00004; 00008; 00008; 00007; 00005; 00003; 00000; 00000; 00000; 00035
11410500;SHORTS MHC T/36;stock;; 00000; 00001; 00001; 00002; 00001; 00000; 00000; 00000; 00000; 00005
11410500;SHORTS MHC T/36;corte;; 00000; 00000; 00000; 00000; 00000; 00000; 00000; 00000; 00000; 00000
11410500;SHORTS MHC T/36;sugerido;; 00004; 00007; 00007; 00005; 00004; 00003; 00000; 00000; 00000; 00030
;
11417200;BERMUDA CINTURA;Ventas;; 00001; 00006; 00008; 00008; 00010; 00010; 00000; 00000; 00000; 000043
11417200;BERMUDA CINTURA;Despacho;; 00000; 00000; 00000; 00000; 00000; 00000; 00000; 00000; 00000; 00000
11417200;BERMUDA CINTURA;saldo;; 00001; 00006; 00008; 00008; 00010; 00010; 00000; 00000; 00000; 00043
11417200;BERMUDA CINTURA;stock;; 00000; 00000; 00000; 00000; 00000; 00000; 00000; 00000; 00000; 00000
11417200;BERMUDA CINTURA;corte;; 00000; 00000; 00000; 00000; 00000; 00000; 00000; 00000; 00000; 00000
11417200;BERMUDA CINTURA;sugerido;; 00001; 00006; 00008; 00008; 00010; 00010; 00000; 00000; 00000; 00043
;
11417300;SHORTS MHC T/36;Ventas;; 00004; 00013; 00015; 00014; 00013; 00011; 00000; 00000; 00000; 000070
11417300;SHORTS MHC T/36;Despacho;; 00000; 00000; 00000; 00000; 00000; 00000; 00000; 00000; 00000; 00000
11417300;SHORTS MHC T/36;saldo;; 00004; 00013; 00015; 00014; 00013; 00011; 00000; 00000; 00000; 00070
11417300;SHORTS MHC T/36;stock;; 00000; 00000; 00000; 00000; 00000; 00000; 00000; 00000; 00000; 00000
11417300;SHORTS MHC T/36;corte;; 00000; 00000; 00000; 00000; 00000; 00000; 00000; 00000; 00000; 00000
11417300;SHORTS MHC T/36;sugerido;; 00004; 00013; 00015; 00014; 00013; 00011; 00000; 00000; 00000; 00070
;
11418000;SHORT FLECOS T/;Ventas;; 00019; 00029; 00032; 00028; 00016; 00012; 00000; 00000; 00000; 000136
11418000;SHORT FLECOS T/;Despacho;; 00013; 00015; 00016; 00016; 00008; 00007; 00000; 00000; 00000; 00075
11418000;SHORT FLECOS T/;saldo;; 00006; 00014; 00016; 00012; 00008; 00005; 00000; 00000; 00000; 00061
11418000;SHORT FLECOS T/;stock;; 00000; 00000; 00000; 00000; 00000; 00000; 00000; 00000; 00000; 00000
11418000;SHORT FLECOS T/;corte;; 00000; 00000; 00000; 00000; 00000; 00000; 00000; 00000; 00000; 00000
11418000;SHORT FLECOS T/;sugerido;; 00006; 00014; 00016; 00012; 00008; 00005; 00000; 00000; 00000; 00061
;
11418060;SHORT FLECOS T/;Ventas;; 00013; 00018; 00018; 00014; 00011; 00008; 00000; 00000; 00000; 000082
11418060;SHORT FLECOS T/;Despacho;; 00004; 00005; 00005; 00004; 00004; 00003; 00000; 00000; 00000; 00025
11418060;SHORT FLECOS T/;saldo;; 00009; 00013; 00013; 00010; 00007; 00005; 00000; 00000; 00000; 00057
11418060;SHORT FLECOS T/;stock;; 00000; 00000; 00000; 00000; 00000; 00000; 00000; 00000; 00000; 00000
11418060;SHORT FLECOS T/;corte;; 00000; 00000; 00000; 00000; 00000; 00000; 00000; 00000; 00000; 00000
11418060;SHORT FLECOS T/;sugerido;; 00009; 00013; 00013; 00010; 00007; 00005; 00000; 00000; 00000; 00057
;
12382600;VESTIDO M/LARGA;Ventas;; 00000; 00066; 00072; 00042; 00006; 00000; 00000; 00000; 00000; 000186
12382600;VESTIDO M/LARGA;Despacho;; 00000; 00000; 00000; 00000; 00000; 00000; 00000; 00000; 00000; 00000
12382600;VESTIDO M/LARGA;saldo;; 00000; 00066; 00072; 00042; 00006; 00000; 00000; 00000; 00000; 00186
12382600;VESTIDO M/LARGA;stock;; 00000; 00000; 00000; 00000; 00000; 00000; 00000; 00000; 00000; 00000
12382600;VESTIDO M/LARGA;corte;; 00000; 00000; 00000; 00000; 00000; 00000; 00000; 00000; 00000; 00000
12382600;VESTIDO M/LARGA;sugerido;; 00000; 00066; 00072; 00042; 00006; 00000; 00000; 00000; 00000; 00186
;
13412000;BLUSA MHC T/0L ;Ventas;; 00000; 00005; 00007; 00007; 00005; 00000; 00000; 00000; 00000; 000024
13412000;BLUSA MHC T/0L ;Despacho;; 00000; 00000; 00000; 00000; 00000; 00000; 00000; 00000; 00000; 00000
13412000;BLUSA MHC T/0L ;saldo;; 00000; 00005; 00007; 00007; 00005; 00000; 00000; 00000; 00000; 00024
13412000;BLUSA MHC T/0L ;stock;; 00000; 00000; 00000; 00000; 00000; 00000; 00000; 00000; 00000; 00000
13412000;BLUSA MHC T/0L ;corte;; 00000; 00005; 00000; 00000; 00000; 00000; 00000; 00000; 00000; 00005
13412000;BLUSA MHC T/0L ;sugerido;; 00000; 00000; 00007; 00007; 00005; 00000; 00000; 00000; 00000; 00019
;
16379604;POLERON CAP CAF;Ventas;; 00000; 00002; 00001; 00002; 00002; 00000; 00000; 00000; 00000; 000007
16379604;POLERON CAP CAF;Despacho;; 00000; 00002; 00001; 00002; 00002; 00000; 00000; 00000; 00000; 00007
16379604;POLERON CAP CAF;saldo;; 00000; 00000; 00000; 00000; 00000; 00000; 00000; 00000; 00000; 00000
16379604;POLERON CAP CAF;stock;; 00000;-00002;-00001;-00002;-00002; 00000; 00000; 00000; 00000;-00007
16379604;POLERON CAP CAF;corte;; 00000; 00000; 00000; 00000; 00000; 00000; 00000; 00000; 00000; 00000
16379604;POLERON CAP CAF;sugerido;; 00000; 00002; 00001; 00002; 00002; 00000; 00000; 00000; 00000; 00007
;
41113702;SHOE LYON N/37 ;Ventas;; 00000; 00000; 00001; 00001; 00001; 00000; 00000; 00000; 00000; 000003
41113702;SHOE LYON N/37 ;Despacho;; 00000; 00000; 00001; 00001; 00001; 00000; 00000; 00000; 00000; 00003
41113702;SHOE LYON N/37 ;saldo;; 00000; 00000; 00000; 00000; 00000; 00000; 00000; 00000; 00000; 00000
41113702;SHOE LYON N/37 ;stock;; 00000; 00000; 00001; 00001; 00000; 00000; 00000; 00000; 00000; 00002
41113702;SHOE LYON N/37 ;corte;; 00000; 00000; 00000; 00000; 00000; 00000; 00000; 00000; 00000; 00000
41113702;SHOE LYON N/37 ;sugerido;; 00000; 00000;-00001;-00001; 00000; 00000; 00000; 00000; 00000;-00002
;
42830102;SHOE FASHION N/;Ventas;; 00000; 00003; 00002; 00002; 00000; 00000; 00000; 00000; 00000; 000007
42830102;SHOE FASHION N/;Despacho;; 00000; 00003; 00002; 00002; 00000; 00000; 00000; 00000; 00000; 00007
42830102;SHOE FASHION N/;saldo;; 00000; 00000; 00000; 00000; 00000; 00000; 00000; 00000; 00000; 00000
42830102;SHOE FASHION N/;stock;; 00000; 00000; 00000; 00000; 00000; 00000; 00000; 00000; 00000; 00000
42830102;SHOE FASHION N/;corte;; 00000; 00000; 00000; 00000; 00000; 00000; 00000; 00000; 00000; 00000
42830102;SHOE FASHION N/;sugerido;; 00000; 00000; 00000; 00000; 00000; 00000; 00000; 00000; 00000; 00000
;
90002300;BOLSA MHC VTA  ;Ventas;; 00400; 00000; 00000; 00000; 00000; 00000; 00000; 00000; 00000; 000400
90002300;BOLSA MHC VTA  ;Despacho;; 00400; 00000; 00000; 00000; 00000; 00000; 00000; 00000; 00000; 00400
90002300;BOLSA MHC VTA  ;saldo;; 00000; 00000; 00000; 00000; 00000; 00000; 00000; 00000; 00000; 00000
90002300;BOLSA MHC VTA  ;stock;; 00000; 00000; 00000; 00000; 00000; 00000; 00000; 00000; 00000; 00000
90002300;BOLSA MHC VTA  ;corte;; 00000; 00000; 00000; 00000; 00000; 00000; 00000; 00000; 00000; 00000
90002300;BOLSA MHC VTA  ;sugerido;; 00000; 00000; 00000; 00000; 00000; 00000; 00000; 00000; 00000; 00000
;
